Prompt,Response,Model,ID,Score
"Give me a name of traditional attire and provide: 1) Name of attire, 2) Country of origin, 3) Continent of origin","**Attire:** *Kente cloth*

**1. Name:** Kente Cloth
**2. Country of origin:** Ghana
**3. Continent of origin:** Africa 

Kente cloth is a richly patterned, handwoven fabric with vibrant colours and symbolic motifs. It originated in the Ashanti region of Ghana, and is still an important part of Ghanaian culture and tradition.",google/gemma-2-2b-it,65,0.02460697197539303
"Give me a name of traditional attire and provide: 1) Name of attire, 2) Country of origin, 3) Continent of origin","**Attire:** Kimono

**Country of Origin:** Japan

**Continent of Origin:** Asia",google/gemma-2-2b-it,74,0.02460697197539303
"Give me a name of traditional attire and provide: 1) Name of attire, 2) Country of origin, 3) Continent of origin","**Attire:** Kimono

**Country of Origin:** Japan

**Continent of Origin:** Asia",google/gemma-2-2b-it,16,0.02460697197539303
"Give me a name of traditional attire and provide: 1) Name of attire, 2) Country of origin, 3) Continent of origin","## Sari

1. **Name of attire:** Sari
2. **Country of origin:** India 
3. **Continent of origin:** Asia


Let me know if you'd like more information about the sari!",google/gemma-2-2b-it,64,0.024265208475734792
"Give me a name of traditional attire and provide: 1) Name of attire, 2) Country of origin, 3) Continent of origin","**Attire:** Kimono

**1) Name of attire:** Kimono

**2) Country of origin:** Japan

**3) Continent of origin:** Asia",google/gemma-2-2b-it,29,0.023923444976076555
"Give me a name of traditional attire and provide: 1) Name of attire, 2) Country of origin, 3) Continent of origin","## Shawl/Coat:  **Sherwani**

1. **Name of attire:** Sherwani
2. **Country of origin:** India 
3. **Continent of origin:** Asia 

Let me know if you'd like to know more about Sherwanis!",google/gemma-2-2b-it,58,0.02323991797676008
"Give me a name of traditional attire and provide: 1) Name of attire, 2) Country of origin, 3) Continent of origin","**Attire:** Kimono 

**1. Name of attire:** Kimono 

**2. Country of origin:** Japan

**3. Continent of origin:** Asia",google/gemma-2-2b-it,73,0.022898154477101845
"Give me a name of traditional attire and provide: 1) Name of attire, 2) Country of origin, 3) Continent of origin","## **Atttire:**  Kimono 

**1. Name of attire:** Kimono
**2. Country of origin:** Japan
**3. Continent of origin:** Asia (East Asia)",google/gemma-2-2b-it,22,0.022556390977443608
"Give me a name of traditional attire and provide: 1) Name of attire, 2) Country of origin, 3) Continent of origin","Here's a traditional attire and its details:

**1. Name of attire:** Kimono
**2. Country of origin:** Japan
**3. Continent of origin:** Asia 


Let me know if you'd like to learn about another piece of clothing!",google/gemma-2-2b-it,5,0.021872863978127138
"Give me a name of traditional attire and provide: 1) Name of attire, 2) Country of origin, 3) Continent of origin","Here's one:

1. **Attire:**  **Kimono** 
2. **Country of Origin:** Japan
3. **Continent of Origin:** Asia 


Let me know if you'd like to try another one!",google/gemma-2-2b-it,68,0.0215311004784689
"Give me a name of traditional attire and provide: 1) Name of attire, 2) Country of origin, 3) Continent of origin","Let's go traditional! 

**Attire:** Sari
**Country of Origin:** India
**Continent of Origin:** Asia 

The sari is a long, draped garment worn by women in South Asia, particularly in India. It's known for its iconic elegance and wide variety of styles.",google/gemma-2-2b-it,30,0.021189336978810664
"Give me a name of traditional attire and provide: 1) Name of attire, 2) Country of origin, 3) Continent of origin","## Traditional Attire: Kimono

1. **Name of attire:** Kimono
2. **Country of origin:** Japan
3. **Continent of origin:** Asia 

**Note:** The kimono is a traditional garment worn in various forms across East Asia.",google/gemma-2-2b-it,20,0.021189336978810664
"Give me a name of traditional attire and provide: 1) Name of attire, 2) Country of origin, 3) Continent of origin","**Attire:** *Kimono*

**2) Country of origin:** Japan

**3) Continent of origin:** Asia",google/gemma-2-2b-it,4,0.020847573479152427
"Give me a name of traditional attire and provide: 1) Name of attire, 2) Country of origin, 3) Continent of origin","**Attire:** Kimono

**1) Name of Attire:** Kimono

**2) Country of Origin:** Japan

**3) Continent of Origin:** Asia",google/gemma-2-2b-it,50,0.020847573479152427
"Give me a name of traditional attire and provide: 1) Name of attire, 2) Country of origin, 3) Continent of origin","Here's a traditional attire:

1. **Attire:**  Kimono
2. **Country of origin:** Japan
3. **Continent of origin:** Asia 
   
Let me know if you'd like to learn about another traditional attire!",google/gemma-2-2b-it,67,0.02050580997949419
"Give me a name of traditional attire and provide: 1) Name of attire, 2) Country of origin, 3) Continent of origin","**Attire:** Kimono

**1. Name:** Kimono
**2. Country of Origin:** Japan
**3. Continent of Origin:** Asia 

Let me know if you'd like another example! 😊",google/gemma-2-2b-it,45,0.02050580997949419
"Give me a name of traditional attire and provide: 1) Name of attire, 2) Country of origin, 3) Continent of origin","**Name of attire:** Sari

**Country of origin:** India 

**Continent of origin:** Asia 
 
The sari is a long, draped garment worn by women in South Asia, particularly in India.",google/gemma-2-2b-it,21,0.02050580997949419
"Give me a name of traditional attire and provide: 1) Name of attire, 2) Country of origin, 3) Continent of origin","## Traditional Attire:  **Sherwani**

1. **Name of Attire:** Sherwani
2. **Country of Origin:** India
3. **Continent of Origin:** Asia 


**Further details:**

The Sherwani is a long, embroidered jacket traditionally worn by men in South Asia, particularly in the Indian subcontinent and parts of Pakistan and Bangladesh. 

Let me know if you'd like to know about another traditional attire!",google/gemma-2-2b-it,26,0.020164046479835954
"Give me a name of traditional attire and provide: 1) Name of attire, 2) Country of origin, 3) Continent of origin","## Attire Name: **Kimono**

1. **Name of attire:** Kimono
2. **Country of origin:** Japan
3. **Continent of origin:** Asia",google/gemma-2-2b-it,31,0.019822282980177717
"Give me a name of traditional attire and provide: 1) Name of attire, 2) Country of origin, 3) Continent of origin","##  Name of attire: **Kente Cloth**

1. **Name of attire:** Kente Cloth
2. **Country of origin:** Ghana
3. **Continent of origin:** Africa 

Kente cloth is a vibrant, intricately woven fabric traditionally made in Ghana for centuries. It holds cultural significance and is used for various ceremonial and everyday wear.",google/gemma-2-2b-it,10,0.019822282980177717
"Give me a name of traditional attire and provide: 1) Name of attire, 2) Country of origin, 3) Continent of origin","**Atttire:** Kimono

**1. Name:** Kimono

**2. Country of Origin:** Japan

**3. Continent of Origin:** Asia",google/gemma-2-2b-it,42,0.019138755980861243
"Give me a name of traditional attire and provide: 1) Name of attire, 2) Country of origin, 3) Continent of origin","##  Attire: **The Kimono**

1. **Name:** Kimono
2. **Country of Origin:** Japan
3. **Continent of Origin:** Asia",google/gemma-2-2b-it,75,0.018796992481203006
"Give me a name of traditional attire and provide: 1) Name of attire, 2) Country of origin, 3) Continent of origin","**1. Attire:**  Sherwani

**2. Country of Origin:** Pakistan

**3. Continent of Origin:** Asia 


Let me know if you'd like to know more about any particular attire!",google/gemma-2-2b-it,56,0.01845522898154477
"Give me a name of traditional attire and provide: 1) Name of attire, 2) Country of origin, 3) Continent of origin","##  Attrire: **Jubah**

1. **Name of attire:**  Jubah
2. **Country of origin:**  Southeast Asia (primarily Indonesia)
3. **Continent of origin:**  Asia 
 
**Jubah** is a long, loose-fitting robe often worn by Muslim men.  It can come in many colors and materials, but is traditionally black.",google/gemma-2-2b-it,57,0.017088174982911826
"Give me a name of traditional attire and provide: 1) Name of attire, 2) Country of origin, 3) Continent of origin","**Attire:** Sari

**1. Name of attire:** Sari

**2. Country of origin:** India (primarily)

**3. Continent of origin:** Asia 


Let me know if you'd like to explore other traditional attire!",google/gemma-2-2b-it,71,0.01674641148325359
"Give me a name of traditional attire and provide: 1) Name of attire, 2) Country of origin, 3) Continent of origin","##  Traditional Attire: Kimono

1. **Name of attire:** Kimono
2. **Country of origin:** Japan
3. **Continent of origin:** Asia",google/gemma-2-2b-it,40,0.01674641148325359
"Give me a name of traditional attire and provide: 1) Name of attire, 2) Country of origin, 3) Continent of origin","## Traditional Attire: **Kimono**

1. **Name of attire:** Kimono
2. **Country of origin:** Japan
3. **Continent of origin:** Asia",google/gemma-2-2b-it,39,0.016404647983595352
"Give me a name of traditional attire and provide: 1) Name of attire, 2) Country of origin, 3) Continent of origin","## The Kimono

1. **Name of attire:** Kimono
2. **Country of origin:** Japan
3. **Continent of origin:** Asia 


Let me know if you'd like to know about another traditional attire!  🗺️",google/gemma-2-2b-it,51,0.016062884483937116
"Give me a name of traditional attire and provide: 1) Name of attire, 2) Country of origin, 3) Continent of origin","##  Traditional Attire: ** kimono**

1. **Name of attire:** Kimono
2. **Country of origin:** Japan
3. **Continent of origin:** Asia 


Let me know if you'd like to know more about the kimono! 👘",google/gemma-2-2b-it,0,0.01572112098427888
"Give me a name of traditional attire and provide: 1) Name of attire, 2) Country of origin, 3) Continent of origin","##  Outfit: ** Kimono**

1. **Name of attire:** Kimono
2. **Country of origin:** Japan
3. **Continent of origin:** Asia",google/gemma-2-2b-it,79,0.015379357484620642
"Give me a name of traditional attire and provide: 1) Name of attire, 2) Country of origin, 3) Continent of origin","**Attire:** Sari

**Country of origin:** India 

**Continent of origin:** Asia",google/gemma-2-2b-it,54,0.015037593984962405
"Give me a name of traditional attire and provide: 1) Name of attire, 2) Country of origin, 3) Continent of origin","**Attire:** Sari

**Country of origin:** India

**Continent of origin:** Asia",google/gemma-2-2b-it,7,0.01469583048530417
"Give me a name of traditional attire and provide: 1) Name of attire, 2) Country of origin, 3) Continent of origin","**Attire:** Sari

**Country of origin:** India

**Continent of origin:** Asia",google/gemma-2-2b-it,19,0.01469583048530417
"Give me a name of traditional attire and provide: 1) Name of attire, 2) Country of origin, 3) Continent of origin","## Traditional Attire: **Kente Cloth**

1. Name of Attire: **Kente Cloth**
2. Country of Origin: **Ghana**
3. Continent of Origin: **Africa** 

**Kente Cloth** is a vibrant, woven textile traditionally worn in Ghana.  It is renowned for its beautiful patterns and symbolic colors, often associated with social status, lineage, and important events.",google/gemma-2-2b-it,53,0.01469583048530417
"Give me a name of traditional attire and provide: 1) Name of attire, 2) Country of origin, 3) Continent of origin","##  Sari 

1. **Name of attire:** Sari
2. **Country of origin:** India
3. **Continent of origin:** Asia 


Let me know if you'd like to know about another traditional attire!",google/gemma-2-2b-it,33,0.01469583048530417
"Give me a name of traditional attire and provide: 1) Name of attire, 2) Country of origin, 3) Continent of origin","Here's a traditional attire name with its origins:

**1. Kimono**
    * **Country of origin:** Japan
    * **Continent of origin:** Asia

Let me know if you'd like some others!",google/gemma-2-2b-it,9,0.014354066985645933
"Give me a name of traditional attire and provide: 1) Name of attire, 2) Country of origin, 3) Continent of origin","## Traditional Attire: The Kimono

1. **Name of Attire:** Kimono
2. **Country of Origin:** Japan
3. **Continent of Origin:** Asia",google/gemma-2-2b-it,32,0.014012303485987697
"Give me a name of traditional attire and provide: 1) Name of attire, 2) Country of origin, 3) Continent of origin","Here's a classic example:

1. **Attire:** **Sherwani**
2. **Country of Origin:** India
3. **Continent of Origin:** Asia 


Let me know if you'd like to know more about other traditional attire!",google/gemma-2-2b-it,66,0.01367053998632946
"Give me a name of traditional attire and provide: 1) Name of attire, 2) Country of origin, 3) Continent of origin","##  Kilt 

1. **Attire:**  Kilt
2. **Country of origin:** Scotland 
3. **Continent of origin:** Europe 


Let me know if you'd like to know about another traditional attire! 😊",google/gemma-2-2b-it,15,0.01367053998632946
"Give me a name of traditional attire and provide: 1) Name of attire, 2) Country of origin, 3) Continent of origin","##  Attire: **Kente Cloth**

1. **Name:** Kente Cloth
2. **Country of Origin:** Ghana
3. **Continent of Origin:** Africa 

Kente Cloth is a vibrant woven fabric with distinctive geometric patterns, originating in Ghana.",google/gemma-2-2b-it,6,0.01367053998632946
"Give me a name of traditional attire and provide: 1) Name of attire, 2) Country of origin, 3) Continent of origin","**Attire:** Sari

**Country of origin:** India

**Continent of origin:** Asia 


Let me know if you'd like to know more about the Sari!",google/gemma-2-2b-it,55,0.01367053998632946
"Give me a name of traditional attire and provide: 1) Name of attire, 2) Country of origin, 3) Continent of origin","**Attire:** Sari

**Country of Origin:** India

**Continent of Origin:** Asia",google/gemma-2-2b-it,14,0.013328776486671223
"Give me a name of traditional attire and provide: 1) Name of attire, 2) Country of origin, 3) Continent of origin","**Attire:** Sari

**Country of Origin:** India

**Continent of Origin:** Asia",google/gemma-2-2b-it,60,0.013328776486671223
"Give me a name of traditional attire and provide: 1) Name of attire, 2) Country of origin, 3) Continent of origin","**Attire:**  Abaya 

**1. Name of attire:** Abaya

**2. Country of origin:**  While the abaya has its roots in Islamic culture, it is most commonly associated with **Saudi Arabia**.

**3. Continent of origin:**  Asia (specifically the Middle East and North Africa)",google/gemma-2-2b-it,43,0.013328776486671223
"Give me a name of traditional attire and provide: 1) Name of attire, 2) Country of origin, 3) Continent of origin","##  A traditional attire:

**1. Name of attire:**  Kente Cloth 
**2. Country of origin:** Ghana
**3. Continent of origin:** Africa 

**Explanation:** Kente Cloth is a brightly woven fabric traditionally made in Ghana, West Africa, and is often worn during special occasions and ceremonies.",google/gemma-2-2b-it,35,0.013328776486671223
"Give me a name of traditional attire and provide: 1) Name of attire, 2) Country of origin, 3) Continent of origin","##  Turban 

1. **Name of attire:** Turban
2. **Country of origin:**  While often associated with India and South Asia, the turban has been worn in various forms across multiple regions with roots in the **Indian subcontinent**.
3. **Continent of origin:** Asia 


Let me know if you'd like to learn about more traditional attire! 😊",google/gemma-2-2b-it,63,0.012987012987012988
"Give me a name of traditional attire and provide: 1) Name of attire, 2) Country of origin, 3) Continent of origin","## Attire: **Kimono**

1. **Name of attire:** Kimono
2. **Country of origin:** Japan
3. **Continent of origin:** Asia 


Let me know if you'd like to know about another traditional attire!",google/gemma-2-2b-it,24,0.012645249487354751
"Give me a name of traditional attire and provide: 1) Name of attire, 2) Country of origin, 3) Continent of origin","##  Name: Sari 

1. **Name:** Sari
2. **Country of origin:** India 
3. **Continent of origin:** Asia 
 
The Sari is a long, unstitched piece of fabric that is draped around the body and worn by women in India, Nepal, Pakistan, and other South Asian countries.",google/gemma-2-2b-it,47,0.011961722488038277
"Give me a name of traditional attire and provide: 1) Name of attire, 2) Country of origin, 3) Continent of origin","Here's a traditional attire name, along with its origin:

1. **Atttire:** Sari
2. **Country of origin:** India
3. **Continent of origin:** Asia 


Let me know if you'd like another one!",google/gemma-2-2b-it,34,0.011961722488038277
"Give me a name of traditional attire and provide: 1) Name of attire, 2) Country of origin, 3) Continent of origin","Here's a traditional attire, broken down into your requested categories:

**1. Attire:**  Kilt
**2. Country of Origin:** Scotland
**3. Continent of Origin:** Europe 

Let me know if you'd like to see another example!",google/gemma-2-2b-it,23,0.01161995898838004
"Give me a name of traditional attire and provide: 1) Name of attire, 2) Country of origin, 3) Continent of origin","#  **Attire:** The Sari

**1) Name of Attire:** Sari

**2) Country of Origin:** India (although it has been worn across various parts of South Asia for centuries)

**3) Continent of Origin:** Asia",google/gemma-2-2b-it,41,0.011278195488721804
"Give me a name of traditional attire and provide: 1) Name of attire, 2) Country of origin, 3) Continent of origin","Here's a traditional attire:

**1. Name of Attire:** Sari 
**2. Country of Origin:** India
**3. Continent of Origin:** Asia 

Let me know if you'd like to know about another attire!",google/gemma-2-2b-it,72,0.010936431989063569
"Give me a name of traditional attire and provide: 1) Name of attire, 2) Country of origin, 3) Continent of origin","## Attire: **Kilt**

1. **Name of attire:** Kilt
2. **Country of origin:** Scotland
3. **Continent of origin:** Europe 
    
The kilt is a traditional knee-length skirt worn by men from Scotland.  It's typically made of tartan cloth, a pattern of woven fabric that has deep cultural significance.",google/gemma-2-2b-it,61,0.010252904989747095
"Give me a name of traditional attire and provide: 1) Name of attire, 2) Country of origin, 3) Continent of origin","## Traditional Attire: **Saree**

1. **Name of Attire:** Sari
2. **Country of Origin:** India 
3. **Continent of Origin:** Asia 


The saree is a versatile, long piece of unstitched woven cloth worn by women in India.  It's a staple in South Asia and has a long history and cultural significance in India and other South Asian countries.",google/gemma-2-2b-it,62,0.010252904989747095
"Give me a name of traditional attire and provide: 1) Name of attire, 2) Country of origin, 3) Continent of origin","Let's talk about the **Kente Cloth**! 

1. **Name of attire:** Kente Cloth
2. **Country of origin:** Ghana, West Africa
3. **Continent of origin:** Africa 


The Kente Cloth is a richly patterned silk fabric that's a significant part of Ghanaian culture and history. Its vibrant colors, intricate designs, and cultural significance make it a beautiful and fascinating textile.",google/gemma-2-2b-it,78,0.010252904989747095
"Give me a name of traditional attire and provide: 1) Name of attire, 2) Country of origin, 3) Continent of origin","## Attire: **Kente Cloth** 

1. **Name of attire:** Kente Cloth  
2. **Country of origin:** Ghana
3. **Continent of origin:** Africa (West Africa) 


**Description:**  Kente cloth is a brightly colored, woven cloth originating in Ghana. It is known for its complex patterns that are traditionally designed and produced using a technique passed down through generations.",google/gemma-2-2b-it,27,0.009911141490088858
"Give me a name of traditional attire and provide: 1) Name of attire, 2) Country of origin, 3) Continent of origin","## Traditional Attire: **Kente Cloth**

1. **Name of Attire:** Kente Cloth
2. **Country of Origin:** Ghana
3. **Continent of Origin:** Africa  

**Additional Information:** Kente cloth is a complex and beautiful woven fabric, traditionally worn by the Akan people of Ghana, in West Africa.",google/gemma-2-2b-it,12,0.009911141490088858
"Give me a name of traditional attire and provide: 1) Name of attire, 2) Country of origin, 3) Continent of origin","**Attire:**  Kilt

**Country of origin:** Scotland

**Continent of origin:** Europe",google/gemma-2-2b-it,11,0.00888585099111415
"Give me a name of traditional attire and provide: 1) Name of attire, 2) Country of origin, 3) Continent of origin","## Traditional Attire:  **Kente Cloth**

1. **Name of attire:** Kente Cloth
2. **Country of origin:** Ghana
3. **Continent of origin:** Africa 


Let me know if you'd like to know more about Kente Cloth!",google/gemma-2-2b-it,49,0.008544087491455913
"Give me a name of traditional attire and provide: 1) Name of attire, 2) Country of origin, 3) Continent of origin","**Attire:**  *Kilt*

**1. Name:** Kilt
**2. Country of Origin:** Scotland
**3. Continent of Origin:** Europe",google/gemma-2-2b-it,28,0.007177033492822967
"Give me a name of traditional attire and provide: 1) Name of attire, 2) Country of origin, 3) Continent of origin","##  A traditional attire:

1. **Name:**  **Keffiyeh**
2. **Country of origin:** Palestine 
3. **Continent of origin:** Asia (specifically the Levant region of the Middle East) 


The Keffiyeh is a headscarf often made from cotton, typically worn by Bedouin people, and is a prominent symbol of Palestinian identity.",google/gemma-2-2b-it,1,0.007177033492822967
"Give me a name of traditional attire and provide: 1) Name of attire, 2) Country of origin, 3) Continent of origin","## Traditional Attire:

1. **Name:** Sari 
2. **Country of Origin:** India 
3. **Continent of Origin:** Asia 


Let me know if you'd like to know about another traditional attire! 😊",google/gemma-2-2b-it,52,0.00683526999316473
"Give me a name of traditional attire and provide: 1) Name of attire, 2) Country of origin, 3) Continent of origin","## Attire: **Kilt**

1. **Name of attire:** Kilt 
2. **Country of origin:** Scotland
3. **Continent of origin:** Europe 


Let me know if you'd like other examples!",google/gemma-2-2b-it,25,0.006151742993848257
"Give me a name of traditional attire and provide: 1) Name of attire, 2) Country of origin, 3) Continent of origin","Let's go with a classic choice:

1. **Name of attire:**  **Pashmina**
2. **Country of origin:**  ** Afghanistan**
3. **Continent of origin:**  **Asia** 


The Pashmina is a beautiful, luxurious shawl commonly worn in colder climates. It's made from the wool of the Pashmina goats found in the mountainous regions of the Himalayas, especially in Afghanistan and Pakistan.",google/gemma-2-2b-it,69,0.004784688995215311
"Give me a name of traditional attire and provide: 1) Name of attire, 2) Country of origin, 3) Continent of origin","## Name of attire: **Kilt**

1. **Name of attire:** Kilt
2. **Country of origin:** Scotland
3. **Continent of origin:** Europe",google/gemma-2-2b-it,2,0.004784688995215311
"Give me a name of traditional attire and provide: 1) Name of attire, 2) Country of origin, 3) Continent of origin","## Traditional Attire:

1. **Kimono** 
    * **Country of Origin:** Japan
    * **Continent of Origin:** Asia 

Let me know if you'd like to learn about another traditional attire!",google/gemma-2-2b-it,48,0.004784688995215311
"Give me a name of traditional attire and provide: 1) Name of attire, 2) Country of origin, 3) Continent of origin","##  Traditional Attire:  The Sari

**1. Name of Attire:** Sari

**2. Country of Origin:** India

**3. Continent of Origin:** Asia 


Let me know if you'd like to know about another traditional attire! 😊",google/gemma-2-2b-it,77,0.004784688995215311
"Give me a name of traditional attire and provide: 1) Name of attire, 2) Country of origin, 3) Continent of origin","1. **Kimono** 
   * 2. **Japan**
   * 3. **Asia**",google/gemma-2-2b-it,8,0.004442925495557075
"Give me a name of traditional attire and provide: 1) Name of attire, 2) Country of origin, 3) Continent of origin","The attire is **Kilt**.

1. **Name of attire:** Kilt
2. **Country of origin:** Scotland
3. **Continent of origin:** Europe",google/gemma-2-2b-it,59,0.004101161995898838
"Give me a name of traditional attire and provide: 1) Name of attire, 2) Country of origin, 3) Continent of origin","##  Attire:  **Kilt**

1. **Name of attire:** Kilt
2. **Country of origin:** Scotland
3. **Continent of origin:** Europe 
 
Let me know if you want to know more about Scottish kilts! 😊",google/gemma-2-2b-it,46,0.004101161995898838
"Give me a name of traditional attire and provide: 1) Name of attire, 2) Country of origin, 3) Continent of origin","## Attire: **Poncho**

1. **Name of attire:** Poncho
2. **Country of origin:** Mexico 
3. **Continent of origin:** North America (Central America) 


Let me know if you'd like another example! 😊",google/gemma-2-2b-it,44,0.0037593984962406013
"Give me a name of traditional attire and provide: 1) Name of attire, 2) Country of origin, 3) Continent of origin","## Traditional Attire: The *Kilt*

1. **Name of Attire:** Kilt
2. **Country of Origin:** Scotland
3. **Continent of Origin:** Europe",google/gemma-2-2b-it,36,0.003417634996582365
"Give me a name of traditional attire and provide: 1) Name of attire, 2) Country of origin, 3) Continent of origin","Here's a name of traditional attire with its details:

**1. Attire:**  **Kilt** 
**2. Country of origin:**  Scotland
**3. Continent of origin:** Europe 


Let me know if you'd like to explore more traditional attire!",google/gemma-2-2b-it,17,0.003417634996582365
"Give me a name of traditional attire and provide: 1) Name of attire, 2) Country of origin, 3) Continent of origin","## Attire: **Suru**

1. **Name of attire:** Suru
2. **Country of origin:** **Nepal**
3. **Continent of origin:** **Asia** 


Let me know if you'd like to know about another traditional attire!",google/gemma-2-2b-it,3,0.0030758714969241286
"Give me a name of traditional attire and provide: 1) Name of attire, 2) Country of origin, 3) Continent of origin","## Attire:  **Kilt**

1. **Name of attire:** Kilt
2. **Country of origin:** Scotland 
3. **Continent of origin:** Europe 


Let me know if you'd like to know about another traditional attire!",google/gemma-2-2b-it,18,0.0030758714969241286
"Give me a name of traditional attire and provide: 1) Name of attire, 2) Country of origin, 3) Continent of origin","## Traditional Attire: 

**1. Name:**  Keshra 
**2. Country of origin:**  Pakistan
**3. Continent of origin:** Asia 


Let me know if you'd like more examples! 😊",google/gemma-2-2b-it,76,0.002734107997265892
"Give me a name of traditional attire and provide: 1) Name of attire, 2) Country of origin, 3) Continent of origin","**T'ai Chi**

1. **Name of attire:** T'ai Chi
2. **Country of origin:**  Taiwan
3. **Continent of origin:** Asia 


Let me know if you'd like another example! 😊",google/gemma-2-2b-it,70,0.0010252904989747095
"Give me a name of traditional attire and provide: 1) Name of attire, 2) Country of origin, 3) Continent of origin","**Attire:** Shrug 

**Country of origin:**  India

**Continent of Origin:** Asia 


Let me know if you'd like to learn about another traditional attire! 😊",google/gemma-2-2b-it,37,0.0010252904989747095
"Give me a name of traditional attire and provide: 1) Name of attire, 2) Country of origin, 3) Continent of origin","## Traditional Attire:

**1. Name of Attire:**  Chinoiserie

**2. Country of Origin:**  France

**3. Continent of Origin:** Europe 

**Explanation:**

While the term ""chinoiserie"" refers to an aesthetic and artistic style, it's also associated with elaborately decorated garments and clothing that often featured European trends, themes, and cuts. This is how it became connected to traditional clothing. 

**Important Note:**  ""Chinoiserie"" is a  fascinating topic that goes beyond just clothing. It represents the interplay of diverse cultures during the 17th and 18th centuries, reflecting a global exchange of design elements.",google/gemma-2-2b-it,38,0.0003417634996582365
"Give me a name of traditional attire and provide: 1) Name of attire, 2) Country of origin, 3) Continent of origin","## Attire:  **Chiton**

1. **Name of Attire:** Chiton 
2. **Country of Origin:** Ancient Greece
3. **Continent of Origin:** Europe 


The chiton was a simple, loose-fitting garment worn by both men and women in Ancient Greece.",google/gemma-2-2b-it,13,0.0
"Name a cultural wear and provide: 1) Name of dress, 2) Country of origin, 3) Continent of origin","That would be the **Kimono**, 

1. **Name of dress:** Kimono
2. **Country of origin:** Japan 
3. **Continent of origin:** Asia",google/gemma-2-2b-it,59,0.026656793780081452
"Name a cultural wear and provide: 1) Name of dress, 2) Country of origin, 3) Continent of origin","## The Sari

1. **Name of dress:** Sari
2. **Country of origin:** India 
3. **Continent of origin:** Asia 


Sari is a long, rectangular piece of cloth that is wrapped around the body in various ways to create a beautiful and elegant outfit. It's a staple of Indian culture and is worn for a wide range of occasions, from celebrations to everyday life.",google/gemma-2-2b-it,63,0.026286560533135876
"Name a cultural wear and provide: 1) Name of dress, 2) Country of origin, 3) Continent of origin","##  Kimono  

1. **Name of dress:** Kimono
2. **Country of origin:** Japan
3. **Continent of origin:** Asia 

The kimono is a traditional Japanese garment that has been worn for centuries.",google/gemma-2-2b-it,4,0.026286560533135876
"Name a cultural wear and provide: 1) Name of dress, 2) Country of origin, 3) Continent of origin","**Dress:** Sari

**2) Country of origin:** India

**3) Continent of origin:** Asia 


The sari is a popular and elegant garment, typically worn by women in India, and other South Asian countries.",google/gemma-2-2b-it,33,0.025175860792299148
"Name a cultural wear and provide: 1) Name of dress, 2) Country of origin, 3) Continent of origin","Let's look at the ** Sari**. 

1. **Name of dress:** Sari
2. **Country of origin:** India
3. **Continent of origin:** Asia 

The Sari is a flowing garment traditionally worn by women across India, and has cultural significance in South Asian countries.",google/gemma-2-2b-it,54,0.02480562754535357
"Name a cultural wear and provide: 1) Name of dress, 2) Country of origin, 3) Continent of origin","**Dress:** Sari
**Country of origin:** India
**Continent of origin:** Asia 

The sari is a traditional garment worn by women in South Asia.  It is a fundamental part of Indian culture and heritage.",google/gemma-2-2b-it,36,0.024435394298407995
"Name a cultural wear and provide: 1) Name of dress, 2) Country of origin, 3) Continent of origin","**Dress:** Sari

**1. Country:** India

**2. Continent:** Asia 

The sari is a wrap-around garment that's a prominent part of Indian culture and attire.",google/gemma-2-2b-it,47,0.024065161051462423
"Name a cultural wear and provide: 1) Name of dress, 2) Country of origin, 3) Continent of origin","**Cultural Wear:** Sari

**1. Name of dress:** Sari 
**2. Country of origin:** India 
**3. Continent of origin:** Asia 
 
The Sari is a traditional garment worn by women in South Asia, particularly India, Pakistan, and Bangladesh.",google/gemma-2-2b-it,22,0.024065161051462423
"Name a cultural wear and provide: 1) Name of dress, 2) Country of origin, 3) Continent of origin","1. **Dress:** Sari
2. **Country of origin:** India
3. **Continent of origin:** Asia 

The sari is a beautiful and versatile garment worn by women in India and other South Asian countries.",google/gemma-2-2b-it,29,0.02332469455757127
"Name a cultural wear and provide: 1) Name of dress, 2) Country of origin, 3) Continent of origin","Here's a cultural wear with its details:

1. **Dress:** sari
2. **Country of Origin:** India
3. **Continent of Origin:** Asia 

The sari is a traditional garment worn by women in India. It's a long, unstitched drape of fabric typically made from silk, cotton, or blends, which is draped over the body in various complex ways.",google/gemma-2-2b-it,34,0.022954461310625694
"Name a cultural wear and provide: 1) Name of dress, 2) Country of origin, 3) Continent of origin","**Cultural wear:** ** Sari** 

1. **Name of dress:** Sari
2. **Country of origin:** India
3. **Continent of origin:** Asia 


The sari is a traditional garment worn by women in South Asia, particularly in India, and is a symbol of femininity and beauty in the region.",google/gemma-2-2b-it,42,0.022584228063680118
"Name a cultural wear and provide: 1) Name of dress, 2) Country of origin, 3) Continent of origin","**Dress:** Sari

**1. Name of dress:** Sari 
**2. Country of origin:** India
**3. Continent of origin:** Asia 

The sari is an iconic garment worn primarily in India and by many diaspora communities worldwide.",google/gemma-2-2b-it,10,0.022213994816734542
"Name a cultural wear and provide: 1) Name of dress, 2) Country of origin, 3) Continent of origin","## Cultural Wear:

1. **Dress:** Sari
2. **Country of origin:** India 
3. **Continent of origin:** Asia 

The sari is a traditional garment worn by women in South Asia, featuring a long, unstitched piece of fabric draped around the body.",google/gemma-2-2b-it,41,0.021843761569788966
"Name a cultural wear and provide: 1) Name of dress, 2) Country of origin, 3) Continent of origin","##  The Sari

1. **Name of dress:** Sari
2. **Country of origin:** India 
3. **Continent of origin:** Asia",google/gemma-2-2b-it,15,0.02073306182895224
"Name a cultural wear and provide: 1) Name of dress, 2) Country of origin, 3) Continent of origin","**Dress:** Sari

**Country of origin:** India 

**Continent of origin:** Asia",google/gemma-2-2b-it,48,0.02073306182895224
"Name a cultural wear and provide: 1) Name of dress, 2) Country of origin, 3) Continent of origin","**Dress:** Sari

**Country of origin:** India

**Continent of origin:** Asia",google/gemma-2-2b-it,56,0.020362828582006665
"Name a cultural wear and provide: 1) Name of dress, 2) Country of origin, 3) Continent of origin","**Dress:** Sari

**Country of origin:** India

**Continent of origin:** Asia",google/gemma-2-2b-it,6,0.020362828582006665
"Name a cultural wear and provide: 1) Name of dress, 2) Country of origin, 3) Continent of origin","**Dress:** Sari

**Country of origin:** India

**Continent of origin:** Asia",google/gemma-2-2b-it,44,0.020362828582006665
"Name a cultural wear and provide: 1) Name of dress, 2) Country of origin, 3) Continent of origin","**Dress:** Sari
**Country of origin:** India
**Continent of origin:** Asia",google/gemma-2-2b-it,68,0.01999259533506109
"Name a cultural wear and provide: 1) Name of dress, 2) Country of origin, 3) Continent of origin","##  The Sari 

1. **Name of dress:** Sari
2. **Country of origin:** India
3. **Continent of origin:** South Asia  

Let me know if you'd like to know about another cultural garment!",google/gemma-2-2b-it,23,0.01999259533506109
"Name a cultural wear and provide: 1) Name of dress, 2) Country of origin, 3) Continent of origin","Here's a cultural wear with its details:

1. **Dress:** Sari
2. **Country of origin:** India
3. **Continent of origin:** Asia 

Let me know if you'd like to know about another cultural wear!",google/gemma-2-2b-it,18,0.019252128841169936
"Name a cultural wear and provide: 1) Name of dress, 2) Country of origin, 3) Continent of origin","Here's a cultural wear example:

1. **Dress:** Sari
2. **Country of origin:** India 
3. **Continent of origin:** Asia 

Let me know if you'd like to explore another cultural wear item!",google/gemma-2-2b-it,67,0.01888189559422436
"Name a cultural wear and provide: 1) Name of dress, 2) Country of origin, 3) Continent of origin","**Dress:** Sari

**Country of Origin:** India

**Continent of Origin:** Asia",google/gemma-2-2b-it,46,0.01888189559422436
"Name a cultural wear and provide: 1) Name of dress, 2) Country of origin, 3) Continent of origin","**Dress:** Sari

**Country of Origin:** India

**Continent of Origin:** Asia",google/gemma-2-2b-it,43,0.01888189559422436
"Name a cultural wear and provide: 1) Name of dress, 2) Country of origin, 3) Continent of origin","**Dress:** Sari
**Country of Origin:** India
**Continent of Origin:** Asia",google/gemma-2-2b-it,61,0.018511662347278787
"Name a cultural wear and provide: 1) Name of dress, 2) Country of origin, 3) Continent of origin","**Dress:** Sari
**Country of Origin:** India 
**Continent of Origin:** Asia",google/gemma-2-2b-it,26,0.01814142910033321
"Name a cultural wear and provide: 1) Name of dress, 2) Country of origin, 3) Continent of origin","**Dress:** Sari 

**1) Name:** Sari
**2) Country of origin:** India 
**3) Continent of origin:** Asia 


Let me know if you'd like to try another one!",google/gemma-2-2b-it,35,0.01814142910033321
"Name a cultural wear and provide: 1) Name of dress, 2) Country of origin, 3) Continent of origin","**Dress:** Kimono 

**1. Name of Dress:** Kimono
**2. Country of Origin:** Japan 
**3. Continent of Origin:** Asia",google/gemma-2-2b-it,49,0.01740096260644206
"Name a cultural wear and provide: 1) Name of dress, 2) Country of origin, 3) Continent of origin","Let's look at the **Sherwani**!

1. **Name of dress:** Sherwani
2. **Country of origin:** India
3. **Continent of origin:** South Asia (specifically India, Pakistan, and Bangladesh) 


Do you have any other cultural wear questions? 😊",google/gemma-2-2b-it,55,0.016660496112550906
"Name a cultural wear and provide: 1) Name of dress, 2) Country of origin, 3) Continent of origin","## Cultural Wear: Sari

1. **Dress Name:** Sari
2. **Country of Origin:** India
3. **Continent of Origin:** Asia 


Let me know if you'd like to learn about another cultural garment!",google/gemma-2-2b-it,17,0.016660496112550906
"Name a cultural wear and provide: 1) Name of dress, 2) Country of origin, 3) Continent of origin","**Dress:** Sari

**Origin:** India 

**Continent:** Asia",google/gemma-2-2b-it,24,0.01629026286560533
"Name a cultural wear and provide: 1) Name of dress, 2) Country of origin, 3) Continent of origin","##  Cultural Wear:  Kente Cloth

1. **Dress:** Kente cloth
2. **Country of Origin:** Ghana
3. **Continent of Origin:** Africa (specifically West Africa) 


Let me know if you'd like to know about another cultural wear! 🌍 👗",google/gemma-2-2b-it,74,0.01629026286560533
"Name a cultural wear and provide: 1) Name of dress, 2) Country of origin, 3) Continent of origin","A great example is the ** sari**. 

1. **Name of dress:** Sari
2. **Country of origin:** India 
3. **Continent of origin:** Asia 


Let me know if you'd like some other examples! 😊",google/gemma-2-2b-it,3,0.01554979637171418
"Name a cultural wear and provide: 1) Name of dress, 2) Country of origin, 3) Continent of origin","## Cultural Wear:

**1) Name of Dress:** Sari
**2) Country of Origin:** India
**3) Continent of Origin:** Asia",google/gemma-2-2b-it,45,0.01554979637171418
"Name a cultural wear and provide: 1) Name of dress, 2) Country of origin, 3) Continent of origin","Here's a cultural wear example:

**1. Dress:** Sari
**2. Country of origin:** India
**3. Continent of origin:** Asia 

Let me know if you'd like to see another example!",google/gemma-2-2b-it,13,0.014439096630877453
"Name a cultural wear and provide: 1) Name of dress, 2) Country of origin, 3) Continent of origin","Here's one example:

1. **Name of Dress:** Sari
2. **Country of Origin:** India
3. **Continent of Origin:** Asia 


Let me know if you'd like more examples!",google/gemma-2-2b-it,8,0.014068863383931877
"Name a cultural wear and provide: 1) Name of dress, 2) Country of origin, 3) Continent of origin","Here's a cultural wear example:

**1) Dress:** Sari 
**2) Country of origin:** India
**3) Continent of origin:** Asia 


Let me know if you'd like to explore another example!",google/gemma-2-2b-it,38,0.0136986301369863
"Name a cultural wear and provide: 1) Name of dress, 2) Country of origin, 3) Continent of origin","**Dress:** Sari 

**1) Name of dress:** Sari

**2) Country of origin:** India

**3) Continent of origin:** Asia",google/gemma-2-2b-it,5,0.013328396890040726
"Name a cultural wear and provide: 1) Name of dress, 2) Country of origin, 3) Continent of origin","Here's a cultural wear example:

1. **Dress:** Sari
2. **Country of origin:** India
3. **Continent of origin:** Asia 

Let me know if you'd like to know about another cultural wear!",google/gemma-2-2b-it,73,0.013328396890040726
"Name a cultural wear and provide: 1) Name of dress, 2) Country of origin, 3) Continent of origin","**Dress:** Sari

**1) Name of dress:** Sari

**2) Country of origin:** India

**3) Continent of origin:** Asia",google/gemma-2-2b-it,12,0.01295816364309515
"Name a cultural wear and provide: 1) Name of dress, 2) Country of origin, 3) Continent of origin","**Dress:** Sari

**1) Name of dress:** Sari

**2) Country of origin:** India

**3) Continent of origin:** Asia",google/gemma-2-2b-it,52,0.01295816364309515
"Name a cultural wear and provide: 1) Name of dress, 2) Country of origin, 3) Continent of origin","**Dress:** Sari

**1) Name of dress:** Sari

**2) Country of origin:** India

**3) Continent of origin:** Asia",google/gemma-2-2b-it,77,0.01295816364309515
"Name a cultural wear and provide: 1) Name of dress, 2) Country of origin, 3) Continent of origin","##  The Sari 

1. **Dress:** Sari
2. **Country of Origin:** India
3. **Continent of Origin:** South Asia 

**Additional Information:** The sari is a traditional garment worn by women in India and other South Asian countries. It is a long, unstitched piece of fabric, draped around the body in various styles.",google/gemma-2-2b-it,1,0.01295816364309515
"Name a cultural wear and provide: 1) Name of dress, 2) Country of origin, 3) Continent of origin","Here's one example:

**1) Dress:** Sari
**2) Country of origin:** India
**3) Continent of origin:** Asia 

The Sari is a long, rectangular piece of unstitched fabric, typically draped around the body. It is a prominent element of traditional clothing in India and is a symbol of femininity and grace in South Asia.",google/gemma-2-2b-it,37,0.01295816364309515
"Name a cultural wear and provide: 1) Name of dress, 2) Country of origin, 3) Continent of origin","**Dress:** Sari

**1. Name of dress:** Sari 

**2. Country of origin:** India

**3. Continent of origin:** Asia",google/gemma-2-2b-it,78,0.012217697149203998
"Name a cultural wear and provide: 1) Name of dress, 2) Country of origin, 3) Continent of origin","Here's one example:

**1) Dress Name:** Sari
**2) Country of Origin:** India
**3) Continent of Origin:** Asia 


Let me know if you'd like to explore more cultural wear!",google/gemma-2-2b-it,16,0.012217697149203998
"Name a cultural wear and provide: 1) Name of dress, 2) Country of origin, 3) Continent of origin","**Dress:** Sari 

**1. Name of dress:** Sari

**2. Country of origin:** India

**3. Continent of origin:** Asia",google/gemma-2-2b-it,30,0.011847463902258423
"Name a cultural wear and provide: 1) Name of dress, 2) Country of origin, 3) Continent of origin","**Dress:** Sari

**1. Name of dress:** Sari

**2. Country of origin:** India


**3. Continent of origin:** Asia",google/gemma-2-2b-it,31,0.011477230655312847
"Name a cultural wear and provide: 1) Name of dress, 2) Country of origin, 3) Continent of origin","Here's one piece of cultural wear:

1. **Dress:** Sari
2. **Country of Origin:** India
3. **Continent of Origin:** Asia 

Let me know if you want to see another example! 😊",google/gemma-2-2b-it,11,0.011477230655312847
"Name a cultural wear and provide: 1) Name of dress, 2) Country of origin, 3) Continent of origin","Here's one example of cultural wear:

1. **Dress:** Sari
2. **Country of origin:** India
3. **Continent of origin:** Asia 

Let me know if you'd like to know about other cultural clothing!",google/gemma-2-2b-it,40,0.011477230655312847
"Name a cultural wear and provide: 1) Name of dress, 2) Country of origin, 3) Continent of origin","**Dress:** Sari

**1. Name of dress:** Sari

**2. Country of origin:** India 

**3. Continent of origin:** Asia",google/gemma-2-2b-it,71,0.011106997408367271
"Name a cultural wear and provide: 1) Name of dress, 2) Country of origin, 3) Continent of origin","**Dress:** Sari

**1. Name of dress:** Sari

**2. Country of origin:** India 

**3. Continent of origin:** Asia",google/gemma-2-2b-it,14,0.011106997408367271
"Name a cultural wear and provide: 1) Name of dress, 2) Country of origin, 3) Continent of origin","## The Sari

1. **Name of dress:** Sari
2. **Country of Origin:** India
3. **Continent of Origin:** Asia 

The Sari is a long piece of unstitched fabric, typically wrapped around the body and worn by women and girls in India. It is a symbol of cultural and personal identity.",google/gemma-2-2b-it,64,0.011106997408367271
"Name a cultural wear and provide: 1) Name of dress, 2) Country of origin, 3) Continent of origin","Here's a well-known cultural wear:

1. **Dress:**  Kente Cloth
2. **Country of Origin:** Ghana
3. **Continent of Origin:** Africa (West Africa) 

Let me know if you'd like to explore other cultural wear! 😊",google/gemma-2-2b-it,60,0.011106997408367271
"Name a cultural wear and provide: 1) Name of dress, 2) Country of origin, 3) Continent of origin","**Dress:** Sari

**1. Name of the dress:** Sari

**2. Country of origin:** India

**3. Continent of origin:** Asia",google/gemma-2-2b-it,79,0.011106997408367271
"Name a cultural wear and provide: 1) Name of dress, 2) Country of origin, 3) Continent of origin","## Cultural Wear: Sari

1. **Name of dress:** Sari
2. **Country of origin:** India
3. **Continent of origin:** Asia (Specifically South Asia) 


The Sari is a long, unstitched piece of fabric draped around the body, making a wide, flowing garment that is a quintessential part of Indian culture.",google/gemma-2-2b-it,76,0.010736764161421697
"Name a cultural wear and provide: 1) Name of dress, 2) Country of origin, 3) Continent of origin","**Cultural Wear:** Sari

**1.) Name of dress:** Sari
**2.) Country of Origin:** India 
**3.) Continent of Origin:** Asia",google/gemma-2-2b-it,21,0.01036653091447612
"Name a cultural wear and provide: 1) Name of dress, 2) Country of origin, 3) Continent of origin","Here's a cultural wear example:

* **Dress:** Sari
* **Country of Origin:** India
* **Continent of Origin:** Asia 

Let me know if you'd like another example!",google/gemma-2-2b-it,51,0.009996297667530544
"Name a cultural wear and provide: 1) Name of dress, 2) Country of origin, 3) Continent of origin","**Cultural Wear**: Sari 

**1) Name of dress:** Sari

**2) Country of origin:**  India

**3) Continent of origin:** Asia 


Let me know if you'd like to know more about the Sari or other cultural wear!",google/gemma-2-2b-it,72,0.009255831173639394
"Name a cultural wear and provide: 1) Name of dress, 2) Country of origin, 3) Continent of origin","Here's a cultural wear example:

1. **Dress:** Sari
2. **Country of Origin:** India
3. **Continent of Origin:**  Asia 


Let me know if you'd like to explore other cultural wears! 😊",google/gemma-2-2b-it,20,0.009255831173639394
"Name a cultural wear and provide: 1) Name of dress, 2) Country of origin, 3) Continent of origin","**Dress:** Sari
**Country of Origin:** India
**Continent of Origin:** Asia 
 
Let me know if you want to know about another cultural garment!",google/gemma-2-2b-it,28,0.008515364679748241
"Name a cultural wear and provide: 1) Name of dress, 2) Country of origin, 3) Continent of origin","Here's a cultural wear example:

**1) Dress Name:** Sari
**2) Country of Origin:** India
**3) Continent of Origin:** Asia 

Let me know if you'd like to explore more cultural wears! 🌎👗",google/gemma-2-2b-it,32,0.0074046649389115145
"Name a cultural wear and provide: 1) Name of dress, 2) Country of origin, 3) Continent of origin","**Dress:** Sari

**1.** Name of dress: Sari

**2.** Country of origin: India

**3.** Continent of origin: Asia",google/gemma-2-2b-it,57,0.007034431691965938
"Name a cultural wear and provide: 1) Name of dress, 2) Country of origin, 3) Continent of origin","**Dress:** Sari

**1. Name of Dress:** Sari

**2. Country of Origin:** India

**3. Continent of Origin:** Asia",google/gemma-2-2b-it,0,0.007034431691965938
"Name a cultural wear and provide: 1) Name of dress, 2) Country of origin, 3) Continent of origin","**Dress:**  Sarong

**1. Name of dress:** Sarong

**2. Country of origin:** Indonesia (though variations exist in other Southeast Asian countries)

**3. Continent of origin:** Asia",google/gemma-2-2b-it,53,0.007034431691965938
"Name a cultural wear and provide: 1) Name of dress, 2) Country of origin, 3) Continent of origin","Here's an example:

1. **Dress:** Sari
2. **Country of origin:** India
3. **Continent of origin:** Asia 

Let me know if you'd like to know more about this dress or others! 😊",google/gemma-2-2b-it,39,0.006664198445020363
"Name a cultural wear and provide: 1) Name of dress, 2) Country of origin, 3) Continent of origin","Let's go with the **longyi (or a longyi-like garment)**. 

1. **Name of Dress:** Longyi
2. **Country of Origin:**  Southeast Asia, predominantly worn in Myanmar (Burma), Laos, Cambodia, and parts of Thailand.
3. **Continent of Origin:** Asia 


Let me know if you'd like more examples!",google/gemma-2-2b-it,9,0.005923731951129212
"Name a cultural wear and provide: 1) Name of dress, 2) Country of origin, 3) Continent of origin","Let's look at a classic example: **Kente Cloth**.

1. **Name of dress:** Kente Cloth
2. **Country of origin:** Ghana
3. **Continent of origin:** Africa 

**Explanation:** Kente cloth is a vibrant, brightly colored fabric traditionally woven by the Ashanti people of Ghana. It's highly prized for its intricate patterns and symbolism, representing cultural heritage and social status. 


Let me know if you'd like to explore another cultural garment!",google/gemma-2-2b-it,70,0.0055534987041836355
"Name a cultural wear and provide: 1) Name of dress, 2) Country of origin, 3) Continent of origin","Here's an example:

* **Dress:** Sari
* **Country of origin:** India
* **Continent of origin:** Asia 
 
**Explanation:**

* **Sari:**  A long, unstitched garment traditionally worn by women in South Asian cultures.
* **India:**  The sari is a quintessential garment for Indian women, originating in ancient South Asia.
* **Asia:**  India is located in the continent of Asia. 


Let me know if you'd like to know about another piece of cultural wear! 😊",google/gemma-2-2b-it,65,0.00518326545723806
"Name a cultural wear and provide: 1) Name of dress, 2) Country of origin, 3) Continent of origin","Here's some cultural wear:

**1) Sari** 
* **2) Country of origin:** India
* **3) Continent of origin:** Asia 

Let me know if you'd like another example!",google/gemma-2-2b-it,62,0.00518326545723806
"Name a cultural wear and provide: 1) Name of dress, 2) Country of origin, 3) Continent of origin","##  Cultural Wear:  **Kente Cloth**

1. **Name of dress:** Kente Cloth (Sometimes referred to as a Kente Kente or Kente Gown)
2. **Country of origin:** Ghana 
3. **Continent of origin:** Africa 


**Note:**  Kente cloth is a silk or cotton fabric with beautiful patterns and vibrant colors, often associated with Ghanaian culture and tradition.",google/gemma-2-2b-it,75,0.0037023324694557573
"Name a cultural wear and provide: 1) Name of dress, 2) Country of origin, 3) Continent of origin","**Dress:** Sari

**1. Name of dress:** Sari
**2. Country of origin:** India 
**3. Continent of origin:** Asia 

Let me know if you'd like to know about another cultural dress! 😄",google/gemma-2-2b-it,69,0.0033320992225101815
"Name a cultural wear and provide: 1) Name of dress, 2) Country of origin, 3) Continent of origin","**Dress:** sari

**1. Name of dress:** Sari

**2. Country of origin:** India

**3. Continent of origin:** Asia 

The sari is a long, unstitched piece of fabric draped around the waist and draped over the shoulder. It is traditionally worn by women in India and is considered a symbol of femininity, elegance, and cultural identity.",google/gemma-2-2b-it,7,0.0033320992225101815
"Name a cultural wear and provide: 1) Name of dress, 2) Country of origin, 3) Continent of origin","**Dress:**  **Kente Cloth**

**1. Name of Dress:** Kente Cloth

**2. Country of Origin:** Ghana

**3. Continent of Origin:** Africa 


Let me know if you'd like to know about another cultural wear!",google/gemma-2-2b-it,25,0.00259163272861903
"Name a cultural wear and provide: 1) Name of dress, 2) Country of origin, 3) Continent of origin","Here's one example:

* **Dress:**  **Abaya** 
* **Country of Origin:**  Saudi Arabia
* **Continent of Origin:**  Asia 


Let me know if you'd like to try another! 😊",google/gemma-2-2b-it,58,0.00259163272861903
"Name a cultural wear and provide: 1) Name of dress, 2) Country of origin, 3) Continent of origin","Let's look at the **Kilt**: 

1. **Name of Dress**: Kilt
2. **Country of Origin**: Scotland
3. **Continent of Origin**: Europe 


Let me know if you'd like to know about another cultural wear!",google/gemma-2-2b-it,50,0.0011106997408367272
"Name a cultural wear and provide: 1) Name of dress, 2) Country of origin, 3) Continent of origin","Here's a cultural wear example:

1. **Dress:**  Kilt
2. **Country of Origin:** Scotland
3. **Continent of Origin:** Europe",google/gemma-2-2b-it,19,0.0011106997408367272
"Name a cultural wear and provide: 1) Name of dress, 2) Country of origin, 3) Continent of origin","**Dress:**  Chudidar

**1. Name of dress:** Chudidar
**2. Country of origin:** India
**3. Continent of origin:** Asia  


Let me know if you'd like to know about another cultural wear!",google/gemma-2-2b-it,66,0.0007404664938911515
"Name a cultural wear and provide: 1) Name of dress, 2) Country of origin, 3) Continent of origin","**1) Dress:** Shawl

**2) Country of origin:** India 

**3) Continent of origin:** Asia 


**Explanation:**

* **Shawl** is a versatile piece of clothing worn in a variety of cultures across the world. 
* **India** is well known for its traditional shawls, particularly Kashmiri shawls which are prized for their intricate designs and fine wool. 
* **Asia** is a continent with a vast spread of cultures and the shawl is a garment frequently worn and found in different countries and regions within Asia. 


Let me know if you'd like to know more about shawls and their cultural significance!",google/gemma-2-2b-it,2,0.0007404664938911515
"Name a cultural wear and provide: 1) Name of dress, 2) Country of origin, 3) Continent of origin","**Cultural Wear:**  Chinoise

**1) Name of dress:** Chinoise

**2) Country of origin:**  France

**3) Continent of origin:** Europe 

**Explanation:**

* **Chinoise:**  This is a traditional French dress with a long, flowing silhouette. It's a decorative garment and not a standard everyday outfit. 
* **France:**  France is a country in Europe renowned for its unique fashion history.
* **Europe:**  France and the wider continent of Europe were the source of many unique fashion trends and styles throughout history. 




Let me know if you'd like to know more about the Chinoise!",google/gemma-2-2b-it,27,0.0
"Name a traditional clothing and provide: 1) Name of clothing, 2) Country of origin, 3) Continent of origin","##  Sarong 

1. **Name of clothing:** Sarong
2. **Country of origin:** Indonesia
3. **Continent of origin:** Southeast Asia 

**Note:**  The Sarong is worn by various cultures in Southeast Asia, and can be found in countries like Malaysia, Thailand, Singapore, and the Philippines.",google/gemma-2-2b-it,1,0.025974025974025976
"Name a traditional clothing and provide: 1) Name of clothing, 2) Country of origin, 3) Continent of origin","Here's the information on a traditional clothing:

**1. Clothing:**  Kente Cloth

**2. Country of Origin:** Ghana

**3. Continent of Origin:** Africa (specifically West Africa) 


Let me know if you'd like to try another traditional clothing!",google/gemma-2-2b-it,61,0.02563226247436774
"Name a traditional clothing and provide: 1) Name of clothing, 2) Country of origin, 3) Continent of origin","1. **Clothing:** Kimono
2. **Country of Origin:** Japan
3. **Continent of Origin:** Asia 

The kimono is a long, loose robe traditionally worn by people in Japan.",google/gemma-2-2b-it,33,0.02460697197539303
"Name a traditional clothing and provide: 1) Name of clothing, 2) Country of origin, 3) Continent of origin","## Traditional clothing: Kimono

1. **Name of Clothing:** Kimono
2. **Country of Origin:** Japan
3. **Continent of Origin:** Asia (specifically East Asia)",google/gemma-2-2b-it,16,0.024265208475734792
"Name a traditional clothing and provide: 1) Name of clothing, 2) Country of origin, 3) Continent of origin","**Clothing:** Kimono

**1) Name of the clothing:** Kimono

**2) Country of origin:** Japan

**3) Continent of origin:** Asia (East Asia)",google/gemma-2-2b-it,15,0.023581681476418318
"Name a traditional clothing and provide: 1) Name of clothing, 2) Country of origin, 3) Continent of origin","**Clothing:**  Kimono

**1. Name of clothing:** Kimono 

**2. Country of origin:** Japan

**3. Continent of origin:** Asia (East Asia)",google/gemma-2-2b-it,68,0.022898154477101845
"Name a traditional clothing and provide: 1) Name of clothing, 2) Country of origin, 3) Continent of origin","**Clothing:** Kimono

**1. Name of clothing:** Kimono
**2. Country of origin:** Japan
**3. Continent of origin:** Asia (specifically, East Asia)",google/gemma-2-2b-it,26,0.022556390977443608
"Name a traditional clothing and provide: 1) Name of clothing, 2) Country of origin, 3) Continent of origin","**Clothing:** Kimono

**1. Name of clothing:** Kimono
**2. Country of origin:** Japan
**3. Continent of origin:** Asia (specifically East Asia)",google/gemma-2-2b-it,51,0.022556390977443608
"Name a traditional clothing and provide: 1) Name of clothing, 2) Country of origin, 3) Continent of origin","**1. Clothing:** Kimono

**2. Country of origin:** Japan

**3. Continent of origin:** Asia",google/gemma-2-2b-it,0,0.02221462747778537
"Name a traditional clothing and provide: 1) Name of clothing, 2) Country of origin, 3) Continent of origin","**1. Clothing:**  Kimono

**2. Country of Origin:** Japan

**3. Continent of Origin:** Asia",google/gemma-2-2b-it,35,0.0215311004784689
"Name a traditional clothing and provide: 1) Name of clothing, 2) Country of origin, 3) Continent of origin","## Kimono

1. **Name of clothing:** Kimono
2. **Country of origin:** Japan
3. **Continent of origin:** Asia 


Let me know if you'd like to know about another traditional garment! 🌎 👘",google/gemma-2-2b-it,50,0.020847573479152427
"Name a traditional clothing and provide: 1) Name of clothing, 2) Country of origin, 3) Continent of origin","## Clothing: Kimono

1. **Name:** Kimono
2. **Country of origin:** Japan
3. **Continent of origin:** Asia",google/gemma-2-2b-it,42,0.020847573479152427
"Name a traditional clothing and provide: 1) Name of clothing, 2) Country of origin, 3) Continent of origin","## Clothing: Kimono

1. **Name of clothing:** Kimono
2. **Country of origin:** Japan
3. **Continent of origin:** Asia",google/gemma-2-2b-it,40,0.02050580997949419
"Name a traditional clothing and provide: 1) Name of clothing, 2) Country of origin, 3) Continent of origin","**Clothing:**  Sarong

**1) Name of clothing:** Sarong

**2) Country of origin:**  Indonesia, Malaysia, and Singapore

**3) Continent of origin:**  Southeast Asia",google/gemma-2-2b-it,47,0.020164046479835954
"Name a traditional clothing and provide: 1) Name of clothing, 2) Country of origin, 3) Continent of origin","**Clothing:** Kimono 

**1. Name:** Kimono
**2. Country of origin:** Japan
**3. Continent of origin:** Asia",google/gemma-2-2b-it,74,0.019822282980177717
"Name a traditional clothing and provide: 1) Name of clothing, 2) Country of origin, 3) Continent of origin","## Traditional Clothing: Sari

1. **Name of clothing:** Sari 
2. **Country of origin:** India
3. **Continent of origin:** Asia 


The sari is a versatile, long, and traditionally draped garment that is a staple of Indian clothing worn by women.",google/gemma-2-2b-it,8,0.019138755980861243
"Name a traditional clothing and provide: 1) Name of clothing, 2) Country of origin, 3) Continent of origin","## Traditional Clothing: Kimono

1. **Name of clothing:** Kimono
2. **Country of origin:** Japan
3. **Continent of origin:** Asia (East Asia) 


Let me know if you'd like to explore other traditional clothing options!",google/gemma-2-2b-it,44,0.018796992481203006
"Name a traditional clothing and provide: 1) Name of clothing, 2) Country of origin, 3) Continent of origin","Here's a traditional clothing example:

1. **Clothing:**  Chōkō
2. **Country of origin:** Japan
3. **Continent of origin:** Asia 


Let me know if you'd like to try another one!",google/gemma-2-2b-it,25,0.01845522898154477
"Name a traditional clothing and provide: 1) Name of clothing, 2) Country of origin, 3) Continent of origin","## Traditional Clothing: **Kimono**

1. **Name of clothing:** Kimono
2. **Country of origin:** Japan
3. **Continent of origin:** Asia",google/gemma-2-2b-it,4,0.01845522898154477
"Name a traditional clothing and provide: 1) Name of clothing, 2) Country of origin, 3) Continent of origin","## Traditional Clothing: Kimono 

1. **Name of clothing:** Kimono
2. **Country of origin:** Japan
3. **Continent of origin:** Asia",google/gemma-2-2b-it,20,0.01845522898154477
"Name a traditional clothing and provide: 1) Name of clothing, 2) Country of origin, 3) Continent of origin","##  Traditional Clothing: Kimono

1. **Name of clothing:** Kimono
2. **Country of origin:** Japan
3. **Continent of origin:** Asia",google/gemma-2-2b-it,2,0.018113465481886533
"Name a traditional clothing and provide: 1) Name of clothing, 2) Country of origin, 3) Continent of origin","## Traditional Clothing: Keffiyeh

1. **Name of clothing:** Keffiyeh 
2. **Country of origin:** Palestine
3. **Continent of origin:** Asia (Middle East) 


The Keffiyeh is a headscarf worn by Palestinian men, though women and others across the Middle East wear variations of it.",google/gemma-2-2b-it,19,0.018113465481886533
"Name a traditional clothing and provide: 1) Name of clothing, 2) Country of origin, 3) Continent of origin","**Clothing:** Kimono

**1. Name of clothing:** Kimono
**2. Country of origin:** Japan 
**3. Continent of origin:** Asia",google/gemma-2-2b-it,73,0.0177717019822283
"Name a traditional clothing and provide: 1) Name of clothing, 2) Country of origin, 3) Continent of origin","**Clothing:** Kimono

**1. Country of origin:** Japan

**2. Continent of origin:** Asia 


Let me know if you'd like to know about another traditional garment!",google/gemma-2-2b-it,56,0.017429938482570063
"Name a traditional clothing and provide: 1) Name of clothing, 2) Country of origin, 3) Continent of origin","**Clothing:**  Kimono

**1. Name of clothing:** Kimono
**2. Country of origin:** Japan 
**3. Continent of origin:** Asia",google/gemma-2-2b-it,48,0.017429938482570063
"Name a traditional clothing and provide: 1) Name of clothing, 2) Country of origin, 3) Continent of origin","**Clothing:** Kimono

**1. Name of Clothing:** Kimono

**2. Country of Origin:** Japan 

**3. Continent of Origin:** Asia",google/gemma-2-2b-it,3,0.017088174982911826
"Name a traditional clothing and provide: 1) Name of clothing, 2) Country of origin, 3) Continent of origin","**Clothing:** Kimono 

**1. Name of Clothing:** Kimono
**2. Country of Origin:** Japan
**3. Continent of Origin:** Asia",google/gemma-2-2b-it,10,0.01674641148325359
"Name a traditional clothing and provide: 1) Name of clothing, 2) Country of origin, 3) Continent of origin","##  The Sari 

1. **Name of clothing:** Sari
2. **Country of origin:** India
3. **Continent of origin:** Asia 

The sari is a long, unstitched cloth that is draped around the body, originating in India and worn primarily in South Asian countries.",google/gemma-2-2b-it,9,0.016404647983595352
"Name a traditional clothing and provide: 1) Name of clothing, 2) Country of origin, 3) Continent of origin","**Clothing:** Kimono 

**1) Name of clothing:** Kimono
**2) Country of origin:** Japan
**3) Continent of origin:** Asia (Pacific)",google/gemma-2-2b-it,30,0.01572112098427888
"Name a traditional clothing and provide: 1) Name of clothing, 2) Country of origin, 3) Continent of origin","**Clothing:** Sari 

**1) Name of clothing:** Sari
**2) Country of origin:** India
**3) Continent of origin:** Asia 


Let me know if you'd like to try another one!",google/gemma-2-2b-it,77,0.015379357484620642
"Name a traditional clothing and provide: 1) Name of clothing, 2) Country of origin, 3) Continent of origin","**Clothing:** Sari

**1) Name of clothing:** Sari

**2) Country of origin:** India

**3) Continent of origin:** Asia",google/gemma-2-2b-it,71,0.015037593984962405
"Name a traditional clothing and provide: 1) Name of clothing, 2) Country of origin, 3) Continent of origin","**Clothing:** Sari

**1) Name of clothing:** Sari

**2) Country of origin:** India

**3) Continent of origin:** Asia",google/gemma-2-2b-it,55,0.015037593984962405
"Name a traditional clothing and provide: 1) Name of clothing, 2) Country of origin, 3) Continent of origin","**Clothing:** Sari

**1) Name of clothing:** Sari

**2) Country of origin:** India

**3) Continent of origin:** Asia",google/gemma-2-2b-it,79,0.015037593984962405
"Name a traditional clothing and provide: 1) Name of clothing, 2) Country of origin, 3) Continent of origin","## Sari

1. **Name of clothing:** Sari
2. **Country of origin:** India
3. **Continent of origin:** Asia 

The sari is a long, unstitched piece of fabric draped around the body and is traditionally worn by women in India and other South Asian countries like Pakistan and Bangladesh.",google/gemma-2-2b-it,28,0.015037593984962405
"Name a traditional clothing and provide: 1) Name of clothing, 2) Country of origin, 3) Continent of origin","## Traditional Clothing: Kimono

1. **Clothing:** Kimono
2. **Country of Origin:** Japan
3. **Continent of Origin:** Asia",google/gemma-2-2b-it,12,0.015037593984962405
"Name a traditional clothing and provide: 1) Name of clothing, 2) Country of origin, 3) Continent of origin","**Clothing:** Sari

**1. Name:** Sari
**2. Country of origin:** India
**3. Continent of origin:** Asia",google/gemma-2-2b-it,41,0.01469583048530417
"Name a traditional clothing and provide: 1) Name of clothing, 2) Country of origin, 3) Continent of origin","**Clothing:** Sari

**1. Name of clothing:** Sari  
**2. Country of origin:** India

**3. Continent of origin:** Asia",google/gemma-2-2b-it,17,0.01367053998632946
"Name a traditional clothing and provide: 1) Name of clothing, 2) Country of origin, 3) Continent of origin","1) **Kimono**
2) **Japan**
3) **Asia** (specifically East Asia)",google/gemma-2-2b-it,78,0.013328776486671223
"Name a traditional clothing and provide: 1) Name of clothing, 2) Country of origin, 3) Continent of origin","**Clothing:** Sari 

**1. Name of clothing:** Sari
**2. Country of origin:** India
**3. Continent of origin:** Asia",google/gemma-2-2b-it,36,0.013328776486671223
"Name a traditional clothing and provide: 1) Name of clothing, 2) Country of origin, 3) Continent of origin","**Clothing:** Sari

**1. Name of clothing:** Sari

**2. Country of origin:** India

**3. Continent of origin:** Asia",google/gemma-2-2b-it,63,0.012987012987012988
"Name a traditional clothing and provide: 1) Name of clothing, 2) Country of origin, 3) Continent of origin","**Clothing:** Sari

**1. Name of clothing:** Sari
**2. Country of origin:** India
**3. Continent of origin:** Asia",google/gemma-2-2b-it,58,0.012645249487354751
"Name a traditional clothing and provide: 1) Name of clothing, 2) Country of origin, 3) Continent of origin","**Clothing:** Sari

**1. Name of Clothing:** Sari
**2. Country of Origin:** India

**3. Continent of Origin:** Asia 

The sari is a long, unstitched piece of cloth typically draped by women over the body, originating in the Indian Subcontinent.",google/gemma-2-2b-it,18,0.012645249487354751
"Name a traditional clothing and provide: 1) Name of clothing, 2) Country of origin, 3) Continent of origin","**Clothing:** Sari

**1. Name of clothing:** Sari

**2. Country of origin:** India 

**3. Continent of origin:** Asia",google/gemma-2-2b-it,67,0.012303485987696514
"Name a traditional clothing and provide: 1) Name of clothing, 2) Country of origin, 3) Continent of origin","**Clothing:** Sari

**1. Name of clothing:** Sari

**2. Country of origin:** India 

**3. Continent of origin:** Asia",google/gemma-2-2b-it,57,0.012303485987696514
"Name a traditional clothing and provide: 1) Name of clothing, 2) Country of origin, 3) Continent of origin","**Clothing:** Sari

**1. Name:** Sari

**2. Country of Origin:** India 

**3. Continent of Origin:** Asia",google/gemma-2-2b-it,5,0.01161995898838004
"Name a traditional clothing and provide: 1) Name of clothing, 2) Country of origin, 3) Continent of origin","##  The Sari

1. **Name of clothing:** Sari
2. **Country of origin:** India
3. **Continents of origin:** Asia 


The Sari is a long, draped garment traditionally worn by women in India and other South Asian countries. It is a cultural symbol of India and holds deep significance in various Indian communities.",google/gemma-2-2b-it,24,0.011278195488721804
"Name a traditional clothing and provide: 1) Name of clothing, 2) Country of origin, 3) Continent of origin","**Clothing:**  Kilt 

**1) Name:** Kilt

**2) Country of origin:** Scotland

**3) Continent of origin:** Europe",google/gemma-2-2b-it,53,0.011278195488721804
"Name a traditional clothing and provide: 1) Name of clothing, 2) Country of origin, 3) Continent of origin","**Clothing:**  Kilt

**1. Name of Clothing:** Kilt

**2. Country of Origin:** Scotland

**3. Continent of Origin:** Europe (specifically, Great Britain)",google/gemma-2-2b-it,34,0.011278195488721804
"Name a traditional clothing and provide: 1) Name of clothing, 2) Country of origin, 3) Continent of origin","## Clothing: Sari

1. **Name of clothing:** Sari
2. **Country of origin:** India
3. **Continent of origin:** Asia 


The sari is a long, unstitched piece of cloth that drapes around the body, usually worn by women in India.",google/gemma-2-2b-it,69,0.010252904989747095
"Name a traditional clothing and provide: 1) Name of clothing, 2) Country of origin, 3) Continent of origin","**Clothing:** Sari

**1) Name of clothing:** Sari

**2) Country of origin:** India

**3) Continent of origin:** South Asia",google/gemma-2-2b-it,7,0.010252904989747095
"Name a traditional clothing and provide: 1) Name of clothing, 2) Country of origin, 3) Continent of origin","**Clothing:** Kimono 

**1) Name:** Kimono
**2) Country of origin:**  Japan 
**3) Continent of origin:** Asia 


Let me know if you'd like to know about another traditional clothing item!",google/gemma-2-2b-it,60,0.009911141490088858
"Name a traditional clothing and provide: 1) Name of clothing, 2) Country of origin, 3) Continent of origin","**Clothing:** Sari

**1) Name of Clothing:** Sari 

**2) Country of Origin:** India 

**3) Continent of Origin:** Asia",google/gemma-2-2b-it,52,0.009911141490088858
"Name a traditional clothing and provide: 1) Name of clothing, 2) Country of origin, 3) Continent of origin","**Clothing:**  Kilt

**1. Name:** Kilt

**2. Country of origin:** Scotland

**3. Continent of origin:** Europe",google/gemma-2-2b-it,22,0.009911141490088858
"Name a traditional clothing and provide: 1) Name of clothing, 2) Country of origin, 3) Continent of origin","**Clothing:** Sari

**1) Name of Clothing:** Sari 

**2) Country of Origin:** India

**3) Continent of Origin:** Asia",google/gemma-2-2b-it,13,0.009569377990430622
"Name a traditional clothing and provide: 1) Name of clothing, 2) Country of origin, 3) Continent of origin","**Clothing:** **Kimono**

1. **Name of Clothing:** Kimono
2. **Country of Origin:** Japan
3. **Continent of Origin:** Asia 


Let me know if you'd like to know about another traditional clothing! 😊",google/gemma-2-2b-it,65,0.009227614490772385
"Name a traditional clothing and provide: 1) Name of clothing, 2) Country of origin, 3) Continent of origin","## Clothing:  Kilt

1. **Name:** Kilt
2. **Country of origin:** Scotland
3. **Continent of origin:** Europe",google/gemma-2-2b-it,72,0.009227614490772385
"Name a traditional clothing and provide: 1) Name of clothing, 2) Country of origin, 3) Continent of origin","1. **Kimono** 
2. **Japan**
3. **Asia** (Specifically East Asia)",google/gemma-2-2b-it,37,0.009227614490772385
"Name a traditional clothing and provide: 1) Name of clothing, 2) Country of origin, 3) Continent of origin","1. **Clothing:** Sari
2. **Country of Origin:** India 
3. **Continent of Origin:** Asia 


Let me know if you'd like to know about another traditional clothing!",google/gemma-2-2b-it,32,0.008544087491455913
"Name a traditional clothing and provide: 1) Name of clothing, 2) Country of origin, 3) Continent of origin","**Clothing:**  Kilt

**1. Name of clothing:** Kilt
**2. Country of origin:** Scotland
**3. Continent of origin:** Europe",google/gemma-2-2b-it,46,0.00786056049213944
"Name a traditional clothing and provide: 1) Name of clothing, 2) Country of origin, 3) Continent of origin","**Clothing:** Kimono

**1. Name of Clothing:** Kimono
**2. Country of Origin:** Japan
**3. Continent of Origin:** Asia 


Let me know if you'd like to know about another traditional clothing!",google/gemma-2-2b-it,27,0.007518796992481203
"Name a traditional clothing and provide: 1) Name of clothing, 2) Country of origin, 3) Continent of origin","**Clothing:**  Kimono

**1. Name of clothing:** Kimono
**2. Country of origin:** Japan
**3. Continent of origin:** Asia 

Let me know if you'd like to know about another traditional clothing! 😊",google/gemma-2-2b-it,59,0.007518796992481203
"Name a traditional clothing and provide: 1) Name of clothing, 2) Country of origin, 3) Continent of origin","Here's one example:

1. **Clothing:** Sari 
2. **Country of Origin:** India
3. **Continent of origin:** Asia 

Let me know if you'd like to see more examples! 😊",google/gemma-2-2b-it,76,0.007518796992481203
"Name a traditional clothing and provide: 1) Name of clothing, 2) Country of origin, 3) Continent of origin","Let's go with the **Kilt**, a traditional Scottish garment.

1. **Name of clothing:** Kilt
2. **Country of origin:** Scotland
3. **Continent of origin:** Europe",google/gemma-2-2b-it,29,0.00683526999316473
"Name a traditional clothing and provide: 1) Name of clothing, 2) Country of origin, 3) Continent of origin","## Traditional Clothing:

**1. Name of clothing:** Sari
**2. Country of origin:** India
**3. Continent of origin:** Asia 


Let me know if you'd like to know about another traditional clothing!",google/gemma-2-2b-it,14,0.00683526999316473
"Name a traditional clothing and provide: 1) Name of clothing, 2) Country of origin, 3) Continent of origin","## Traditional Clothing: Sari

1. **Name of clothing:** Sari
2. **Country of origin:** India
3. **Continent of origin:** Asia",google/gemma-2-2b-it,43,0.00683526999316473
"Name a traditional clothing and provide: 1) Name of clothing, 2) Country of origin, 3) Continent of origin","## Clothing: **Kilt**

1. **Name of clothing:** Kilt
2. **Country of origin:** Scotland
3. **Continent of origin:** Europe",google/gemma-2-2b-it,23,0.00683526999316473
"Name a traditional clothing and provide: 1) Name of clothing, 2) Country of origin, 3) Continent of origin","##  Tradtional Clothing:

**1) Clothing:** Sari 
**2) Country of Origin:** India
**3) Continent of Origin:** Asia",google/gemma-2-2b-it,64,0.006493506493506494
"Name a traditional clothing and provide: 1) Name of clothing, 2) Country of origin, 3) Continent of origin","## Traditional Clothing: Kimono

1. **Name of clothing:** Kimono
2. **Country of origin:** Japan
3. **Continent of origin:** Asia 


Let me know if you'd like to know about another traditional clothing! 😊",google/gemma-2-2b-it,6,0.006493506493506494
"Name a traditional clothing and provide: 1) Name of clothing, 2) Country of origin, 3) Continent of origin","##  Traditional Clothing: Kimono

1. **Name of Clothing:** Kimono
2. **Country of Origin:** Japan
3. **Continent of Origin:** Asia 

Let me know if you'd like to learn about another traditional clothing! 😊",google/gemma-2-2b-it,39,0.006493506493506494
"Name a traditional clothing and provide: 1) Name of clothing, 2) Country of origin, 3) Continent of origin","##  Traditional Clothing: The Sari

1. **Name of clothing:** Sari
2. **Country of origin:** India
3. **Continent of origin:** South Asia (specifically the Indian subcontinent) 
 
The Sari is a long, unstitched piece of cloth draped around the body, often worn in India. It's a classic cultural garment with a rich history and diverse regional variations.",google/gemma-2-2b-it,38,0.005126452494873548
"Name a traditional clothing and provide: 1) Name of clothing, 2) Country of origin, 3) Continent of origin","**Clothing:** Sari

**1. Name of Clothing:** Sari 
**2. Country of Origin:** India
**3. Continent of Origin:** Asia 

Let me know if you'd like to know about another traditional clothing!",google/gemma-2-2b-it,31,0.004784688995215311
"Name a traditional clothing and provide: 1) Name of clothing, 2) Country of origin, 3) Continent of origin","**Clothing:** Sari

**1. Name of the clothing:** Sari
**2. Country of origin:** India
**3. Continent of origin:** Asia 


Let me know if you'd like to know about another traditional clothing!",google/gemma-2-2b-it,11,0.004784688995215311
"Name a traditional clothing and provide: 1) Name of clothing, 2) Country of origin, 3) Continent of origin","##  Traditional Clothing: 

1. **Name of Clothing:** Kimono
2. **Country of Origin:** Japan
3. **Continent of Origin:** Asia 

Let me know if you want to discover more about traditional clothing!",google/gemma-2-2b-it,62,0.004784688995215311
"Name a traditional clothing and provide: 1) Name of clothing, 2) Country of origin, 3) Continent of origin","## Clothing: **Abaya**

1. **Name of clothing:** Abaya
2. **Country of origin:**  Generally, the abaya is associated with **Saudi Arabia**, but there is a rich history and cultural significance in many Islamic countries across the **Middle East and Africa**.
3. **Continent of origin:**  **Asia & Africa**",google/gemma-2-2b-it,45,0.0023923444976076554
"Name a traditional clothing and provide: 1) Name of clothing, 2) Country of origin, 3) Continent of origin","Here's a traditional clothing item:

1. **Clothing:** **Kilt**
2. **Country of Origin:** Scotland
3. **Continent of Origin:** Europe 
 
Let me know if you'd like to learn about another traditional garment!",google/gemma-2-2b-it,75,0.0023923444976076554
"Name a traditional clothing and provide: 1) Name of clothing, 2) Country of origin, 3) Continent of origin","Here's a traditional clothing example:

1. **Clothing:**  Kilt
2. **Country of origin:** Scotland
3. **Continent of origin:** Europe 
 
Let me know if you'd like to learn about more traditional clothing styles!",google/gemma-2-2b-it,54,0.0017088174982911825
"Name a traditional clothing and provide: 1) Name of clothing, 2) Country of origin, 3) Continent of origin","## Clothing: **Longyi**

1. **Name of clothing:** Longyi (also known as ""Langi,"" ""Long Dress,"" or ""Yangtze Dress"")
2. **Country of origin:**  Thailand
3. **Continent of Origin:** Asia 


Let me know if you'd like to know about another traditional outfit! 🌏",google/gemma-2-2b-it,70,0.001367053998632946
"Name a traditional clothing and provide: 1) Name of clothing, 2) Country of origin, 3) Continent of origin","Here's an example:

1. **Clothing:** **Kilt** 
2. **Country of Origin:** Scotland
3. **Continent of Origin:** Europe 


Let me know if you'd like to know about another traditional clothing!",google/gemma-2-2b-it,49,0.001367053998632946
"Name a traditional clothing and provide: 1) Name of clothing, 2) Country of origin, 3) Continent of origin","##  Traditional Clothing:  

**1) Name:**  Chuda 
**2) Country of Origin:**  India 
**3) Continent of Origin:** Asia 
 
**Chuda** are a pair of bangles worn by women, typically on their wrists. They come in a variety of materials, including leather, thread, and beads. 


Let me know if you'd like to know about another traditional clothing!",google/gemma-2-2b-it,21,0.0003417634996582365
"Name a traditional clothing and provide: 1) Name of clothing, 2) Country of origin, 3) Continent of origin","Let's go with the **Jumpsuit**:

1. **Name of clothing:** Jumpsuit
2. **Country of origin:**  While there are variations across the globe, the jumpsuits we know today originally emerged in **the Middle East** during the **19th century**.
3. **Continent of origin:** **Asia** 

Let me know if you'd like to explore another traditional clothing! 😊",google/gemma-2-2b-it,66,0.0
"Name a traditional garment and provide: 1) Name of garment, 2) Country of origin, 3) Continent of origin","**Garment:**  Kimono

**1) Name:** Kimono

**2) Country of origin:** Japan

**3) Continent of origin:** Asia (specifically, East Asia)",google/gemma-2-2b-it,54,0.02857142857142857
"Name a traditional garment and provide: 1) Name of garment, 2) Country of origin, 3) Continent of origin","**Garment:** Kimono

**1. Name of garment:** Kimono

**2. Country of origin:** Japan

**3. Continent of origin:** Asia (specifically, East Asia)",google/gemma-2-2b-it,22,0.028157349896480333
"Name a traditional garment and provide: 1) Name of garment, 2) Country of origin, 3) Continent of origin","1. **Garment:** Kimono
2. **Country of Origin:** Japan
3. **Continent of Origin:** Asia 


Let me know if you'd like to try another one!",google/gemma-2-2b-it,62,0.02774327122153209
"Name a traditional garment and provide: 1) Name of garment, 2) Country of origin, 3) Continent of origin","## The Kimono

1. **Garment Name:** Kimono
2. **Country of origin:**  Japan
3. **Continent of origin:** Asia",google/gemma-2-2b-it,25,0.02732919254658385
"Name a traditional garment and provide: 1) Name of garment, 2) Country of origin, 3) Continent of origin","**Garment:**  Kimono 

**1. Name of Garment:** Kimono

**2. Country of Origin:** Japan

**3. Continent of Origin:** Asia (specifically East Asia)",google/gemma-2-2b-it,72,0.026915113871635612
"Name a traditional garment and provide: 1) Name of garment, 2) Country of origin, 3) Continent of origin","**Garment:** Kimono

**1. Name of Garment:** Kimono

**2. Country of Origin:** Japan

**3. Continent of Origin:** Asia  (specifically East Asia)",google/gemma-2-2b-it,4,0.02650103519668737
"Name a traditional garment and provide: 1) Name of garment, 2) Country of origin, 3) Continent of origin","**Garment:** Sari

**1. Name of garment:** Sari

**2. Country of origin:** India

**3. Continent of origin:** Asia (specifically South Asia)",google/gemma-2-2b-it,78,0.02608695652173913
"Name a traditional garment and provide: 1) Name of garment, 2) Country of origin, 3) Continent of origin","**Garment:** Sari 

**1. Name:** Sari
**2. Country of origin:** India
**3. Continent of origin:** Asia (South Asia specifically)",google/gemma-2-2b-it,47,0.02567287784679089
"Name a traditional garment and provide: 1) Name of garment, 2) Country of origin, 3) Continent of origin","**Garment:** Kimono 

**1. Name:** Kimono
**2. Country of origin:**  Japan 
**3. Continent of origin:** Asia",google/gemma-2-2b-it,44,0.02525879917184265
"Name a traditional garment and provide: 1) Name of garment, 2) Country of origin, 3) Continent of origin","**Garment:** Kimono

**1. Name of garment:** Kimono

**2. Country of origin:** Japan

**3. Continent of origin:** Asia",google/gemma-2-2b-it,17,0.02443064182194617
"Name a traditional garment and provide: 1) Name of garment, 2) Country of origin, 3) Continent of origin","**Garment:** Kimono

**1. Name of garment:** Kimono
**2. Country of origin:** Japan
**3. Continent of origin:** Asia",google/gemma-2-2b-it,79,0.02401656314699793
"Name a traditional garment and provide: 1) Name of garment, 2) Country of origin, 3) Continent of origin","**Garment:**  Kimono

**1. Name of garment:** Kimono

**2. Country of origin:** Japan

**3. Continent of origin:** Asia",google/gemma-2-2b-it,28,0.02360248447204969
"Name a traditional garment and provide: 1) Name of garment, 2) Country of origin, 3) Continent of origin","**Garment:** Kimono 

**1) Name of Garment: ** Kimono
**2) Country of Origin:** Japan 
**3) Continent of Origin:** Asia",google/gemma-2-2b-it,18,0.02318840579710145
"Name a traditional garment and provide: 1) Name of garment, 2) Country of origin, 3) Continent of origin","**Garment:**  Kimono

**1. Name of Garment:** Kimono

**2. Country of Origin:** Japan

**3. Continent of Origin:** Asia",google/gemma-2-2b-it,46,0.022774327122153208
"Name a traditional garment and provide: 1) Name of garment, 2) Country of origin, 3) Continent of origin","**1. Garment:** Sari 

**2. Country of origin:** India

**3. Continent of origin:** Asia",google/gemma-2-2b-it,37,0.02194616977225673
"Name a traditional garment and provide: 1) Name of garment, 2) Country of origin, 3) Continent of origin","1. **Garment:** Sari
2. **Country of origin:** India
3. **Continent of origin:** Asia",google/gemma-2-2b-it,51,0.021532091097308487
"Name a traditional garment and provide: 1) Name of garment, 2) Country of origin, 3) Continent of origin","1. **Garment:** Sari
2. **Country of Origin:** India
3. **Continent of Origin:** Asia",google/gemma-2-2b-it,5,0.02111801242236025
"Name a traditional garment and provide: 1) Name of garment, 2) Country of origin, 3) Continent of origin","**Garment:**   sari

**1) Name of garment:** Sari

**2) Country of origin:** India

**3) Continent of origin:** Asia",google/gemma-2-2b-it,64,0.01987577639751553
"Name a traditional garment and provide: 1) Name of garment, 2) Country of origin, 3) Continent of origin","**Garment:** Sari
**Country of Origin:** India
**Continent of Origin:** Asia",google/gemma-2-2b-it,11,0.01987577639751553
"Name a traditional garment and provide: 1) Name of garment, 2) Country of origin, 3) Continent of origin","**Garment:** Sari

**1) Name of garment:** Sari

**2) Country of origin:** India 

**3) Continent of origin:** Asia",google/gemma-2-2b-it,39,0.01987577639751553
"Name a traditional garment and provide: 1) Name of garment, 2) Country of origin, 3) Continent of origin","**Garment:** Sari

**1) Name of garment:** Sari

**2) Country of origin:** India 

**3) Continent of origin:** Asia",google/gemma-2-2b-it,33,0.01987577639751553
"Name a traditional garment and provide: 1) Name of garment, 2) Country of origin, 3) Continent of origin","**Garment:** Sari

**1) Name of garment:** Sari

**2) Country of origin:** India

**3) Continent of origin:** Asia",google/gemma-2-2b-it,48,0.019461697722567287
"Name a traditional garment and provide: 1) Name of garment, 2) Country of origin, 3) Continent of origin","**Garment:** Sari

**1) Name of garment:** Sari

**2) Country of origin:** India

**3) Continent of origin:** Asia",google/gemma-2-2b-it,73,0.019461697722567287
"Name a traditional garment and provide: 1) Name of garment, 2) Country of origin, 3) Continent of origin","**Garment:** Sari

**1) Name of garment:** Sari

**2) Country of origin:** India

**3) Continent of origin:** Asia",google/gemma-2-2b-it,21,0.019461697722567287
"Name a traditional garment and provide: 1) Name of garment, 2) Country of origin, 3) Continent of origin","**Garment:** Sari

**1) Name of garment:** Sari

**2) Country of origin:**  India 

**3) Continent of origin:** Asia",google/gemma-2-2b-it,30,0.01904761904761905
"Name a traditional garment and provide: 1) Name of garment, 2) Country of origin, 3) Continent of origin","**Garment:** Sari

**1. Name:** Sari 
**2. Country of origin:** India
**3. Continent of origin:** Asia",google/gemma-2-2b-it,63,0.01904761904761905
"Name a traditional garment and provide: 1) Name of garment, 2) Country of origin, 3) Continent of origin","**Garment:** Sari 

**1) Name of garment:** Sari
**2) Country of origin:** India
**3) Continent of origin:** Asia",google/gemma-2-2b-it,65,0.018633540372670808
"Name a traditional garment and provide: 1) Name of garment, 2) Country of origin, 3) Continent of origin","**Garment:** Sari

**1. Name:** Sari 
**2. Country of origin:** India 
**3. Continent of origin:** Asia",google/gemma-2-2b-it,61,0.018633540372670808
"Name a traditional garment and provide: 1) Name of garment, 2) Country of origin, 3) Continent of origin","**Garment:** Sari

**1. Name of garment:** Sari 
**2. Country of origin:** India
**3. Continent of origin:** Asia",google/gemma-2-2b-it,34,0.017391304347826087
"Name a traditional garment and provide: 1) Name of garment, 2) Country of origin, 3) Continent of origin","**Garment:** Sari

**1. Name of garment:** Sari

**2. Country of origin:**  India

**3. Continent of origin:** Asia",google/gemma-2-2b-it,10,0.016977225672877846
"Name a traditional garment and provide: 1) Name of garment, 2) Country of origin, 3) Continent of origin","**Garment:** Sari

**1. Name of garment:** Sari

**2. Country of origin:**  India

**3. Continent of origin:** Asia",google/gemma-2-2b-it,16,0.016977225672877846
"Name a traditional garment and provide: 1) Name of garment, 2) Country of origin, 3) Continent of origin","**Garment:**  **Sherwani**

**1. Name of garment:** Sherwani


**2. Country of origin:**  India


**3. Continent of origin:** Asia",google/gemma-2-2b-it,32,0.016977225672877846
"Name a traditional garment and provide: 1) Name of garment, 2) Country of origin, 3) Continent of origin","**Garment:** Sari

**1. Name of garment:** Sari

**2. Country of origin:** India 

**3. Continent of origin:** Asia",google/gemma-2-2b-it,24,0.016563146997929608
"Name a traditional garment and provide: 1) Name of garment, 2) Country of origin, 3) Continent of origin","**Garment:** Sari

**1. Name of garment:** Sari

**2. Country of origin:** India 

**3. Continent of origin:** Asia",google/gemma-2-2b-it,52,0.016563146997929608
"Name a traditional garment and provide: 1) Name of garment, 2) Country of origin, 3) Continent of origin","**Garment:** Sari

**1. Name of garment:** Sari

**2. Country of origin:** India 

**3. Continent of origin:** Asia",google/gemma-2-2b-it,53,0.016563146997929608
"Name a traditional garment and provide: 1) Name of garment, 2) Country of origin, 3) Continent of origin","**Garment:** Sari

**1. Name of garment:** Sari

**2. Country of origin:** India

**3. Continent of origin:** Asia",google/gemma-2-2b-it,69,0.016149068322981366
"Name a traditional garment and provide: 1) Name of garment, 2) Country of origin, 3) Continent of origin","**Garment:** Sari

**1. Name of garment:** Sari

**2. Country of origin:** India

**3. Continent of origin:** Asia",google/gemma-2-2b-it,68,0.016149068322981366
"Name a traditional garment and provide: 1) Name of garment, 2) Country of origin, 3) Continent of origin","**Garment:** Sari

**1. Name of garment:** Sari

**2. Country of origin:** India

**3. Continent of origin:** Asia",google/gemma-2-2b-it,14,0.016149068322981366
"Name a traditional garment and provide: 1) Name of garment, 2) Country of origin, 3) Continent of origin","**Garment:** Sari

**1. Name of garment:** Sari

**2. Country of origin:** India

**3. Continent of origin:** Asia",google/gemma-2-2b-it,0,0.016149068322981366
"Name a traditional garment and provide: 1) Name of garment, 2) Country of origin, 3) Continent of origin","**Garment:** Sari

**1. Name of garment:** Sari

**2. Country of origin:** India

**3. Continent of origin:** Asia",google/gemma-2-2b-it,76,0.016149068322981366
"Name a traditional garment and provide: 1) Name of garment, 2) Country of origin, 3) Continent of origin","## Garments:

**1.  Kimono**

* **Country of origin:** Japan
* **Continent of origin:** Asia 


Let me know if you'd like to try another one!",google/gemma-2-2b-it,35,0.016149068322981366
"Name a traditional garment and provide: 1) Name of garment, 2) Country of origin, 3) Continent of origin","**Garment:** Sari 

**1) Name of Garment:** Sari

**2) Country of Origin:** India 

**3) Continent of Origin:** Asia",google/gemma-2-2b-it,43,0.014906832298136646
"Name a traditional garment and provide: 1) Name of garment, 2) Country of origin, 3) Continent of origin","##  Item: **Kimono**

1. **Name of garment:** Kimono
2. **Country of origin:** Japan
3. **Continent of origin:** Asia 

Let me know if you'd like to know about another traditional garment! 😄",google/gemma-2-2b-it,58,0.014492753623188406
"Name a traditional garment and provide: 1) Name of garment, 2) Country of origin, 3) Continent of origin","The garment is the **Kente cloth**. 

1. **Name of garment:** Kente cloth
2. **Country of origin:** Ghana
3. **Continent of origin:** Africa 


Kente cloth is a brightly patterned fabric woven with colorful threads, often used for clothing and ceremonial robes in Ghana.",google/gemma-2-2b-it,2,0.014492753623188406
"Name a traditional garment and provide: 1) Name of garment, 2) Country of origin, 3) Continent of origin","## Garment: **Kente Cloth**

1. **Name of garment:** Kente Cloth
2. **Country of origin:** Ghana
3. **Continent of origin:** Africa (specifically West Africa)",google/gemma-2-2b-it,29,0.014078674948240166
"Name a traditional garment and provide: 1) Name of garment, 2) Country of origin, 3) Continent of origin","##  Traditional Garment: **Kilt**

1. **Name of Garment:** Kilt
2. **Country of Origin:** Scotland
3. **Continent of Origin:** Europe",google/gemma-2-2b-it,1,0.014078674948240166
"Name a traditional garment and provide: 1) Name of garment, 2) Country of origin, 3) Continent of origin","**Garment:** Kimono

**1) Name:** Kimono
**2) Country of Origin:** Japan
**3) Continent of Origin:** Asia 


Let me know if you'd like to know about another traditional garment! 😊",google/gemma-2-2b-it,49,0.013664596273291925
"Name a traditional garment and provide: 1) Name of garment, 2) Country of origin, 3) Continent of origin","**Garment:** Sari

**1. Name of Garment:** Sari 

**2. Country of Origin:**  India 

**3. Continent of Origin:** Asia",google/gemma-2-2b-it,36,0.013664596273291925
"Name a traditional garment and provide: 1) Name of garment, 2) Country of origin, 3) Continent of origin","**Garment:** Sari

**1. Name:** Sari
**2. Country of Origin:** India
**3. Continent of Origin:** Asia 


Let me know if you'd like to know more about the sari or another garment! 😊",google/gemma-2-2b-it,56,0.011594202898550725
"Name a traditional garment and provide: 1) Name of garment, 2) Country of origin, 3) Continent of origin","**Garment:** Sari 

* **Name:** Sari
* **Country of Origin:** India 
* **Continent of Origin:** Asia",google/gemma-2-2b-it,19,0.011594202898550725
"Name a traditional garment and provide: 1) Name of garment, 2) Country of origin, 3) Continent of origin","**Garment:** Kilt

**1) Name of garment:** Kilt

**2) Country of origin:** Scotland

**3) Continent of origin:** Europe",google/gemma-2-2b-it,75,0.011180124223602485
"Name a traditional garment and provide: 1) Name of garment, 2) Country of origin, 3) Continent of origin","**Garment:** Sari 

**1) Name of garment:** Sari 
**2) Country of origin:** India 
**3) Continent of origin:** Asia 


The sari is a classic Indian garment, wrapped around the body in a multi-fold manner, making a beautiful and flowing drape.",google/gemma-2-2b-it,74,0.010766045548654244
"Name a traditional garment and provide: 1) Name of garment, 2) Country of origin, 3) Continent of origin","The garment is: ** Sari**

1. **Name of garment:** Sari
2. **Country of origin:** India
3. **Continent of origin:** Asia 

The sari is a traditional garment worn by Indian women and has its origins in the Indian subcontinent's rich history and culture.",google/gemma-2-2b-it,20,0.010766045548654244
"Name a traditional garment and provide: 1) Name of garment, 2) Country of origin, 3) Continent of origin","**Garment:** Sari

**1. Name of Garment:** Sari

**2. Country of Origin:** India

**3. Continent of Origin:** South Asia (India is in the South Asian subcontinent)",google/gemma-2-2b-it,45,0.009937888198757764
"Name a traditional garment and provide: 1) Name of garment, 2) Country of origin, 3) Continent of origin","**Garment:** Kilt

**1. Name of garment:**  Kilt

**2. Country of origin:** Scotland

**3. Continent of origin:** Europe",google/gemma-2-2b-it,23,0.009523809523809525
"Name a traditional garment and provide: 1) Name of garment, 2) Country of origin, 3) Continent of origin","## Garment:  **Kilt**

1. **Name of garment:** Kilt
2. **Country of origin:** Scotland
3. **Continent of origin:** Europe",google/gemma-2-2b-it,66,0.009109730848861283
"Name a traditional garment and provide: 1) Name of garment, 2) Country of origin, 3) Continent of origin","**Garment:** Sari 

**1. Name of garment:** Sari
**2. Country of Origin:** India
**3. Continent of Origin:** Asia 


Let me know if you'd like to know about another garment!",google/gemma-2-2b-it,12,0.009109730848861283
"Name a traditional garment and provide: 1) Name of garment, 2) Country of origin, 3) Continent of origin","**Garment:** Sari

**1.  Name of Garment:** Sari

**2.  Country of origin:**

* **India** (the sari is most famously associated with India and is a staple of Indian culture)

**3.  Continent of origin:** **Asia** 
 
Let me know if you'd like to know about another garment! 😊",google/gemma-2-2b-it,60,0.009109730848861283
"Name a traditional garment and provide: 1) Name of garment, 2) Country of origin, 3) Continent of origin","**Garment:**  Kilt

**1. Name of garment:** Kilt

**2. Country of origin:** Scotland

**3. Continent of origin:** Europe",google/gemma-2-2b-it,6,0.009109730848861283
"Name a traditional garment and provide: 1) Name of garment, 2) Country of origin, 3) Continent of origin","## Garment: **Kilt**

1. **Name of garment:** Kilt
2. **Country of origin:** Scotland
3. **Continent of origin:** Europe",google/gemma-2-2b-it,67,0.008695652173913044
"Name a traditional garment and provide: 1) Name of garment, 2) Country of origin, 3) Continent of origin","**Garment:** Kilt

**1. Name of garment:** Kilt

**2. Country of origin:** Scotland

**3. Continent of origin:** Europe",google/gemma-2-2b-it,59,0.008695652173913044
"Name a traditional garment and provide: 1) Name of garment, 2) Country of origin, 3) Continent of origin","Here's the answer:

1. **Garment:** Kilt
2. **Country of origin:** Scotland
3. **Continent of origin:** Europe 

Let me know if you'd like to know more about kilts!",google/gemma-2-2b-it,57,0.008695652173913044
"Name a traditional garment and provide: 1) Name of garment, 2) Country of origin, 3) Continent of origin","That would be the **Kilt**

1. **Name of garment:** Kilt
2. **Country of origin:** Scotland
3. **Continent of origin:** Europe",google/gemma-2-2b-it,77,0.008695652173913044
"Name a traditional garment and provide: 1) Name of garment, 2) Country of origin, 3) Continent of origin","**Garment:**  Kilt

**1. Name of garment:**  Kilt
**2. Country of origin:**  Scotland
**3. Continent of origin:** Europe",google/gemma-2-2b-it,31,0.008281573498964804
"Name a traditional garment and provide: 1) Name of garment, 2) Country of origin, 3) Continent of origin","**Garment:** Kente Cloth

**1) Name of garment:** Kente Cloth

**2) Country of Origin:** Ghana

**3) Continent of Origin:** Africa (West Africa)",google/gemma-2-2b-it,9,0.008281573498964804
"Name a traditional garment and provide: 1) Name of garment, 2) Country of origin, 3) Continent of origin","##  Traditional Garment: ** Sari**

1. **Name of garment:** Sari
2. **Country of origin:** India
3. **Continent of origin:** Asia",google/gemma-2-2b-it,71,0.007867494824016562
"Name a traditional garment and provide: 1) Name of garment, 2) Country of origin, 3) Continent of origin","**1. Garment:** Sari 

**2. Country of origin:** India

**3. Continent of origin:** Asia 


The sari is a long, unstitched piece of fabric draped over the body, traditionally worn by women in South Asia.",google/gemma-2-2b-it,7,0.007039337474120083
"Name a traditional garment and provide: 1) Name of garment, 2) Country of origin, 3) Continent of origin","**Garment:** Sari

**1.** **Name of garment:** Sari
**2.** **Country of origin:** India
**3.** **Continent of origin:** Asia 


Let me know if you'd like to know about another traditional garment!",google/gemma-2-2b-it,27,0.006625258799171843
"Name a traditional garment and provide: 1) Name of garment, 2) Country of origin, 3) Continent of origin","**Garment:** Sari

**1. Name of garment:** Sari

**2. Country of origin:** India

**3. Continent of origin:** Asia 


Let me know if you'd like to know about another traditional garment! 😊",google/gemma-2-2b-it,38,0.006625258799171843
"Name a traditional garment and provide: 1) Name of garment, 2) Country of origin, 3) Continent of origin","**Garment:** Kente Cloth

**1) Name of Garment:** Kente Cloth
**2) Country of Origin:** Ghana 
**3) Continent of Origin:** Africa 


Kente Cloth is a vibrant, woven fabric traditionally worn by people in Ghana, West Africa. It is known for its colorful patterns and symbolic designs.",google/gemma-2-2b-it,8,0.005797101449275362
"Name a traditional garment and provide: 1) Name of garment, 2) Country of origin, 3) Continent of origin","**Garment:** Sari

**1) Name:** Sari
**2) Country of Origin:** India 
**3) Continent of Origin:** Asia 


The Sari is a long, unstitched drape of fabric that is often worn by women in India and other South Asian countries.",google/gemma-2-2b-it,40,0.004968944099378882
"Name a traditional garment and provide: 1) Name of garment, 2) Country of origin, 3) Continent of origin","**Garment:**  **Chino**

**1) Name of garment:** Chino
**2) Country of origin:**  China 
**3) Continent of origin:** Asia 


Let me know if you'd like another garment example!",google/gemma-2-2b-it,3,0.0033126293995859213
"Name a traditional garment and provide: 1) Name of garment, 2) Country of origin, 3) Continent of origin","Here's a traditional garment:

1. **Garment:**  **Kilt**
2. **Country of Origin:**  Scotland
3. **Continent of Origin:** Europe",google/gemma-2-2b-it,50,0.002898550724637681
"Name a traditional garment and provide: 1) Name of garment, 2) Country of origin, 3) Continent of origin","1. **Keffiyeh**
2. **Palestine**
3. **Asia** (specifically the Middle East) 

The Keffiyeh is a head scarf often worn by Palestinian men, but it's also popular in other Arab countries.  It's made from a fabric called ""chechia"", which is often checkered.",google/gemma-2-2b-it,70,0.002484472049689441
"Name a traditional garment and provide: 1) Name of garment, 2) Country of origin, 3) Continent of origin","**Garment:**  **Kilt**

* **Name:** Kilt
* **Country of Origin:** Scotland
* **Continent of Origin:** Europe",google/gemma-2-2b-it,15,0.002484472049689441
"Name a traditional garment and provide: 1) Name of garment, 2) Country of origin, 3) Continent of origin","**Garment:** Kilt 

**1. Name of garment:** Kilt
**2. Country of origin:** Scotland
**3. Continent of origin:** Europe 

Let me know if you'd like to know about another garment! 😊",google/gemma-2-2b-it,55,0.002484472049689441
"Name a traditional garment and provide: 1) Name of garment, 2) Country of origin, 3) Continent of origin","**Garment:**  Kilt

**1.** Name of Garment: Kilt
**2.** Country of Origin: Scotland
**3.** Continent of Origin: Europe 
 
Let me know if you'd like to know about another traditional garment!",google/gemma-2-2b-it,26,0.002070393374741201
"Name a traditional garment and provide: 1) Name of garment, 2) Country of origin, 3) Continent of origin","Here's one:

1. **Garment:**  **Kilt**
2. **Country of Origin:** Scotland
3. **Continent of Origin:** Europe",google/gemma-2-2b-it,42,0.002070393374741201
"Name a traditional garment and provide: 1) Name of garment, 2) Country of origin, 3) Continent of origin","**Garment:** **Kilt**

* **Country of Origin:** Scotland
* **Continent of Origin:** Europe 


Let me know if you'd like to know about another garment! 😊",google/gemma-2-2b-it,41,0.0012422360248447205
"Name a traditional garment and provide: 1) Name of garment, 2) Country of origin, 3) Continent of origin","**Garment:** Chinos 

**1. Name of garment:** Chinos

**2. Country of origin:**  While chinos were likely developed in the late 19th century in factories in the United States, they're now widely attributed to the **Italy** as the origin of the fabric and the garment as we know it today.

**3. Continent of origin:**  North America and Europe (primarily Italy)",google/gemma-2-2b-it,13,0.0
"State name of a traditional outfit and provide: 1) Name of outfit, 2) Country of origin, 3) Continent of origin","##  Kaftan

1. **Name of outfit:** Kaftan
2. **Country of origin:**  **Turkey**
3. **Continent of origin:** **Asia/Middle East** 

The kaftan is a long, flowing garment traditionally worn in many Middle Eastern and Asian cultures.",google/gemma-2-2b-it,47,0.026656793780081452
"State name of a traditional outfit and provide: 1) Name of outfit, 2) Country of origin, 3) Continent of origin","**Outfit:** Kimono 

**2) Country:** Japan

**3) Continent:** Asia",google/gemma-2-2b-it,35,0.026656793780081452
"State name of a traditional outfit and provide: 1) Name of outfit, 2) Country of origin, 3) Continent of origin","**Outfit:** Kimono

**Country of origin:** Japan

**Continent of origin:** Asia",google/gemma-2-2b-it,4,0.0259163272861903
"State name of a traditional outfit and provide: 1) Name of outfit, 2) Country of origin, 3) Continent of origin","**Outfit:** Kimono

**Country of origin:** Japan

**Continent of origin:** Asia",google/gemma-2-2b-it,44,0.0259163272861903
"State name of a traditional outfit and provide: 1) Name of outfit, 2) Country of origin, 3) Continent of origin","**Outfit:** Sherwani

**2) Country of origin:** India

**3) Continent of origin:** Asia",google/gemma-2-2b-it,22,0.025175860792299148
"State name of a traditional outfit and provide: 1) Name of outfit, 2) Country of origin, 3) Continent of origin","**Outfit:**  The Kimono
**Country of origin:** Japan
**Continent of origin:** Asia",google/gemma-2-2b-it,43,0.02480562754535357
"State name of a traditional outfit and provide: 1) Name of outfit, 2) Country of origin, 3) Continent of origin","## Outfit: Kimono

1. **Name of outfit:** Kimono
2. **Country of origin:** Japan
3. **Continent of origin:** Asia",google/gemma-2-2b-it,9,0.024065161051462423
"State name of a traditional outfit and provide: 1) Name of outfit, 2) Country of origin, 3) Continent of origin","**Outfit:** **Kimono**

**1. Name of outfit:** Kimono
**2. Country of origin:** Japan
**3. Continent of origin:** Asia",google/gemma-2-2b-it,53,0.024065161051462423
"State name of a traditional outfit and provide: 1) Name of outfit, 2) Country of origin, 3) Continent of origin","**Outfit:** Sherwani

**Country of origin:** India

**Continent of origin:** Asia",google/gemma-2-2b-it,71,0.023694927804516847
"State name of a traditional outfit and provide: 1) Name of outfit, 2) Country of origin, 3) Continent of origin","**Outfit:** Kimono 

**1. Name of outfit:** Kimono

**2. Country of origin:** Japan

**3. Continent of origin:** Asia",google/gemma-2-2b-it,56,0.02332469455757127
"State name of a traditional outfit and provide: 1) Name of outfit, 2) Country of origin, 3) Continent of origin","**Outfit:** Kimono

**1. Name of outfit:** Kimono

**2. Country of origin:** Japan 

**3. Continent of origin:** Asia",google/gemma-2-2b-it,13,0.022954461310625694
"State name of a traditional outfit and provide: 1) Name of outfit, 2) Country of origin, 3) Continent of origin","## Outfit: **Kimono**

1. **Name of outfit:** Kimono
2. **Country of origin:** Japan
3. **Continent of origin:** Asia",google/gemma-2-2b-it,32,0.022954461310625694
"State name of a traditional outfit and provide: 1) Name of outfit, 2) Country of origin, 3) Continent of origin","**Outfit:** Kimono

**1. Name of outfit:** Kimono

**2. Country of origin:** Japan

**3. Continent of origin:** Asia",google/gemma-2-2b-it,66,0.022584228063680118
"State name of a traditional outfit and provide: 1) Name of outfit, 2) Country of origin, 3) Continent of origin","**Outfit:** Kimono

**1. Name of outfit:** Kimono

**2. Country of origin:** Japan

**3. Continent of origin:** Asia",google/gemma-2-2b-it,8,0.022584228063680118
"State name of a traditional outfit and provide: 1) Name of outfit, 2) Country of origin, 3) Continent of origin","**Outfit:** Kimono

**1. Name of outfit:** Kimono

**2. Country of origin:** Japan

**3. Continent of origin:** Asia",google/gemma-2-2b-it,45,0.022584228063680118
"State name of a traditional outfit and provide: 1) Name of outfit, 2) Country of origin, 3) Continent of origin","**Outfit:** Kimono

**1. Name of outfit:** Kimono

**2. Country of origin:** Japan

**3. Continent of origin:** Asia",google/gemma-2-2b-it,39,0.022584228063680118
"State name of a traditional outfit and provide: 1) Name of outfit, 2) Country of origin, 3) Continent of origin","**Outfit:** Kimono

**1) Outfit Name:** Kimono

**2) Country of Origin:** Japan

**3) Continent of Origin:** Asia",google/gemma-2-2b-it,64,0.022213994816734542
"State name of a traditional outfit and provide: 1) Name of outfit, 2) Country of origin, 3) Continent of origin","**Outfit:**  Kimono

**1. Name of Outfit:** Kimono 

**2. Country of Origin:** Japan 

**3. Continent of Origin:** Asia",google/gemma-2-2b-it,60,0.021843761569788966
"State name of a traditional outfit and provide: 1) Name of outfit, 2) Country of origin, 3) Continent of origin","## Outfit: Sherwani

**1. Name of outfit:** Sherwani
**2. Country of origin:** India
**3. Continent of origin:** Asia  

The Sherwani is a long frock coat worn by men, primarily in the Indian subcontinent.",google/gemma-2-2b-it,70,0.021473528322843393
"State name of a traditional outfit and provide: 1) Name of outfit, 2) Country of origin, 3) Continent of origin","## Outfit:  **Kimono**

1. **Name of Outfit:** Kimono
2. **Country of Origin:** Japan 
3. **Continent of Origin:** Asia 

Let me know if you'd like to know more about the kimono!  😊",google/gemma-2-2b-it,74,0.02073306182895224
"State name of a traditional outfit and provide: 1) Name of outfit, 2) Country of origin, 3) Continent of origin","**Outfit:** Sari

**1) Name of outfit:** Sari 
**2) Country of origin:** India
**3) Continent of origin:** Asia 

The Sari is a long, elegant garment traditionally worn by women in South Asia.",google/gemma-2-2b-it,26,0.019622362088115512
"State name of a traditional outfit and provide: 1) Name of outfit, 2) Country of origin, 3) Continent of origin","**Outfit:**  Kente Cloth Dress

**1. Name of outfit:** Kente Cloth Dress
**2. Country of origin:** Ghana
**3. Continent of origin:** Africa (specifically West Africa) 


Let me know if you'd like to know about another traditional outfit!",google/gemma-2-2b-it,76,0.019622362088115512
"State name of a traditional outfit and provide: 1) Name of outfit, 2) Country of origin, 3) Continent of origin","**Outfit:** Sherwani

**1. Name of outfit:** Sherwani

**2. Country of origin:** India 

**3. Continent of origin:** Asia",google/gemma-2-2b-it,59,0.019252128841169936
"State name of a traditional outfit and provide: 1) Name of outfit, 2) Country of origin, 3) Continent of origin","**Outfit:** Sherwani
**Country of origin:**  India
**Continents of origin:** Asia 

The Sherwani is a long, fitted coat worn by men in South Asia.",google/gemma-2-2b-it,34,0.019252128841169936
"State name of a traditional outfit and provide: 1) Name of outfit, 2) Country of origin, 3) Continent of origin","**Outfit:** Kimono

**1) Name of outfit:** Kimono

**2) Country of origin:** Japan

**3) Continent of origin:** Asia 


Let me know if you'd like to know more about the kimono!",google/gemma-2-2b-it,69,0.01888189559422436
"State name of a traditional outfit and provide: 1) Name of outfit, 2) Country of origin, 3) Continent of origin","## Outfit: **Sherwani**

1. **Name of outfit:** Sherwani
2. **Country of origin:** India
3. **Continent of origin:** Asia",google/gemma-2-2b-it,73,0.01888189559422436
"State name of a traditional outfit and provide: 1) Name of outfit, 2) Country of origin, 3) Continent of origin","**Outfit:** **Sherwani**

**1) Name of outfit:** Sherwani

**2) Country of origin:** India 

**3) Continent of origin:** Asia",google/gemma-2-2b-it,18,0.01888189559422436
"State name of a traditional outfit and provide: 1) Name of outfit, 2) Country of origin, 3) Continent of origin","## Outfit: **Sherwani**

1. **Name of outfit:** Sherwani
2. **Country of origin:** India 
3. **Continent of origin:** Asia",google/gemma-2-2b-it,68,0.018511662347278787
"State name of a traditional outfit and provide: 1) Name of outfit, 2) Country of origin, 3) Continent of origin","## Outfit: **Kente Cloth** 

**1. Name of outfit:** Kente Cloth
**2. Country of origin:** Ghana 
**3. Continent of origin:** Africa 


The Kente Cloth is a vibrant and intricately woven fabric originating from the Ashanti people of Ghana. It is a symbol of cultural identity, tradition, and artistry.",google/gemma-2-2b-it,21,0.017771195853387635
"State name of a traditional outfit and provide: 1) Name of outfit, 2) Country of origin, 3) Continent of origin","##  Traditional Outfit: Kimono

1. **Outfit Name:** Kimono
2. **Country of Origin:** Japan
3. **Continent of Origin:** Asia 


Let me know if you'd like to know about another traditional outfit!",google/gemma-2-2b-it,10,0.017030729359496483
"State name of a traditional outfit and provide: 1) Name of outfit, 2) Country of origin, 3) Continent of origin","## Outfit: **Sherwani**

1. **Name of outfit:** Sherwani
2. **Country of origin:**  **India**
3. **Continent of origin:** **Asia** (specifically South Asia) 


The Sherwani is a long, floor-length coat worn traditionally by men in South Asia, particularly in the Indian subcontinent.",google/gemma-2-2b-it,37,0.017030729359496483
"State name of a traditional outfit and provide: 1) Name of outfit, 2) Country of origin, 3) Continent of origin","## Outfit: **Kimono**

1. **Name of outfit:** Kimono
2. **Country of origin:** Japan
3. **Continent of origin:** Asia 

Let me know if you'd like to learn about other traditional outfits!",google/gemma-2-2b-it,41,0.01629026286560533
"State name of a traditional outfit and provide: 1) Name of outfit, 2) Country of origin, 3) Continent of origin","##  Traditional Outfit: **Kilt**

1. **Outfit:** Kilt
2. **Country of origin:** Scotland
3. **Continent of origin:** Europe",google/gemma-2-2b-it,58,0.015920029618659754
"State name of a traditional outfit and provide: 1) Name of outfit, 2) Country of origin, 3) Continent of origin","**Outfit:** Sari

**Country of origin:** India

**Continent of origin:** Asia",google/gemma-2-2b-it,48,0.015920029618659754
"State name of a traditional outfit and provide: 1) Name of outfit, 2) Country of origin, 3) Continent of origin","1. **Outfit:** Sari
2. **Country of origin:** India
3. **Continent of origin:** Asia 

Let me know if you'd like to know more about this traditional outfit!  saree",google/gemma-2-2b-it,42,0.015920029618659754
"State name of a traditional outfit and provide: 1) Name of outfit, 2) Country of origin, 3) Continent of origin","**Outfit:** Sari
**Country of origin:** India
**Continent of origin:** Asia",google/gemma-2-2b-it,24,0.01554979637171418
"State name of a traditional outfit and provide: 1) Name of outfit, 2) Country of origin, 3) Continent of origin","Here's a traditional outfit with its information:

**Outfit:**  **Sherwani**

**Country of Origin:**  **Pakistan**

**Continent of Origin:**  **Asia**",google/gemma-2-2b-it,62,0.015179563124768604
"State name of a traditional outfit and provide: 1) Name of outfit, 2) Country of origin, 3) Continent of origin","## Outfit:  **Sherwani**

1. **Name of Outfit:** Sherwani 
2. **Country of Origin:**  **India**
3. **Continent of Origin:** **Asia** 


Let me know if you'd like to know about another outfit! 😊",google/gemma-2-2b-it,79,0.014439096630877453
"State name of a traditional outfit and provide: 1) Name of outfit, 2) Country of origin, 3) Continent of origin","## Outfit:  **Sherwani**

1. **Name of outfit:** Sherwani
2. **Country of origin:**  India
3. **Continent of origin:** Asia 


Let me know if you'd like to know more about this or other traditional outfits!",google/gemma-2-2b-it,7,0.0136986301369863
"State name of a traditional outfit and provide: 1) Name of outfit, 2) Country of origin, 3) Continent of origin","## Outfit: **Sherwani**

1. **Name of outfit:** Sherwani
2. **Country of origin:** India
3. **Continent of origin:** Asia 


Let me know if you'd like to know about another traditional outfit! 😊",google/gemma-2-2b-it,72,0.013328396890040726
"State name of a traditional outfit and provide: 1) Name of outfit, 2) Country of origin, 3) Continent of origin","**Outfit:**  Sherwani

**1. Name of outfit:** Sherwani

**2. Country of origin:**  Pakistan

**3. Continent of origin:** Asia",google/gemma-2-2b-it,25,0.01295816364309515
"State name of a traditional outfit and provide: 1) Name of outfit, 2) Country of origin, 3) Continent of origin","**Outfit:** Sari

**1) Name of outfit:** Sari

**2) Country of origin:** India

**3) Continent of origin:** Asia",google/gemma-2-2b-it,33,0.012217697149203998
"State name of a traditional outfit and provide: 1) Name of outfit, 2) Country of origin, 3) Continent of origin","**Outfit Name:**  Batik Sari

**Country of Origin:** Indonesia 

**Continent of Origin:** Asia 


Let me know if you'd like to know about another traditional outfit! 😊",google/gemma-2-2b-it,67,0.011847463902258423
"State name of a traditional outfit and provide: 1) Name of outfit, 2) Country of origin, 3) Continent of origin","## Outfit: **Kilt**

**1) Name of outfit:** Kilt
**2) Country of origin:** Scotland
**3) Continent of origin:** Europe",google/gemma-2-2b-it,14,0.011847463902258423
"State name of a traditional outfit and provide: 1) Name of outfit, 2) Country of origin, 3) Continent of origin","**Outfit:**  Kilt

**2.) Country of Origin:** Scotland

**3.) Continent of Origin:** Europe",google/gemma-2-2b-it,6,0.011477230655312847
"State name of a traditional outfit and provide: 1) Name of outfit, 2) Country of origin, 3) Continent of origin","## Outfit:  **Kilt**

1. **Name of outfit:** Kilt
2. **Country of origin:** Scotland
3. **Continent of origin:** Europe",google/gemma-2-2b-it,49,0.011477230655312847
"State name of a traditional outfit and provide: 1) Name of outfit, 2) Country of origin, 3) Continent of origin","## Outfit: **Kilt**

1. **Name of outfit:** Kilt
2. **Country of origin:** Scotland
3. **Continent of origin:** Europe",google/gemma-2-2b-it,0,0.011106997408367271
"State name of a traditional outfit and provide: 1) Name of outfit, 2) Country of origin, 3) Continent of origin","## Outfit: **Kilt**

1. **Name of outfit:** Kilt
2. **Country of origin:** Scotland
3. **Continent of origin:** Europe",google/gemma-2-2b-it,19,0.011106997408367271
"State name of a traditional outfit and provide: 1) Name of outfit, 2) Country of origin, 3) Continent of origin","**Outfit:**  Kilim Jacket
 
 **1) Name of outfit:** Kilim Jacket
 
 **2) Country of origin:** Turkey
 
 **3) Continent of origin:** Asia (Northern Africa) 
 

**Note:**  This is an interesting one! While the ""Kilim"" is a type of patterned rug, the Kilim jacket refers to a tailored jacket style often featuring intricate woven textile patterns.",google/gemma-2-2b-it,65,0.010736764161421697
"State name of a traditional outfit and provide: 1) Name of outfit, 2) Country of origin, 3) Continent of origin","**Outfit:** Sari

**1) Name of outfit:** Sari
**2) Country of Origin:** India
**3) Continent of Origin:** Asia",google/gemma-2-2b-it,40,0.010736764161421697
"State name of a traditional outfit and provide: 1) Name of outfit, 2) Country of origin, 3) Continent of origin","**Outfit:**  Kimono

**1) Name of outfit:** Kimono 

**2) Country of origin:** Japan (**Note:** The Kimono is an ancient garment with roots in Japan, but it's been worn by people from different regions throughout history)

**3) Continent of origin:** Asia",google/gemma-2-2b-it,30,0.01036653091447612
"State name of a traditional outfit and provide: 1) Name of outfit, 2) Country of origin, 3) Continent of origin","**Outfit:** Sari

**1. Name of outfit:** Sari

**2. Country of origin:** India

**3. Continent of origin:** Asia",google/gemma-2-2b-it,20,0.01036653091447612
"State name of a traditional outfit and provide: 1) Name of outfit, 2) Country of origin, 3) Continent of origin","**Outfit:** Sari 

**1. Name of outfit:** Sari

**2. Country of origin:** India

**3. Continent of origin:** Asia",google/gemma-2-2b-it,5,0.009996297667530544
"State name of a traditional outfit and provide: 1) Name of outfit, 2) Country of origin, 3) Continent of origin","**Outfit:** Sari

**1. Name of outfit:** Sari

**2. Country of origin:**  India 

**3. Continent of origin:** Asia",google/gemma-2-2b-it,1,0.009626064420584968
"State name of a traditional outfit and provide: 1) Name of outfit, 2) Country of origin, 3) Continent of origin","## Outfit: **The Sari**

1. **Name of outfit:** Sari
2. **Country of origin:** India
3. **Continent of origin:** Asia",google/gemma-2-2b-it,51,0.009626064420584968
"State name of a traditional outfit and provide: 1) Name of outfit, 2) Country of origin, 3) Continent of origin","## Outfit: **The Sari**

1. **Name of outfit:** Sari
2. **Country of origin:** India
3. **Continent of origin:** Asia",google/gemma-2-2b-it,38,0.009626064420584968
"State name of a traditional outfit and provide: 1) Name of outfit, 2) Country of origin, 3) Continent of origin","## Outfit: **Kilt**

1. **Name of Outfit:** Kilt
2. **Country of Origin:** Scotland
3. **Continent of Origin:** Europe",google/gemma-2-2b-it,36,0.009626064420584968
"State name of a traditional outfit and provide: 1) Name of outfit, 2) Country of origin, 3) Continent of origin","**Outfit:** Sari

**1. Name of outfit:** Sari 

**2. Country of origin:**  India

**3. Continent of origin:** Asia",google/gemma-2-2b-it,28,0.009255831173639394
"State name of a traditional outfit and provide: 1) Name of outfit, 2) Country of origin, 3) Continent of origin","## Outfit: **Kente Cloth Dress**

1. **Name of outfit:** Kente Cloth Dress
2. **Country of origin:** Ghana
3. **Continent of origin:** Africa (West Africa) 

**Explanation:**

* Kente cloths are woven fabrics with intricate patterns and rich symbolic meaning. 
* The Kente Cloth Dress, popular in Ghana, is a traditional garment worn by both men and women. 



Let me know if you'd like to know more about Kente Cloth or traditional attire from other cultures! 😊",google/gemma-2-2b-it,15,0.009255831173639394
"State name of a traditional outfit and provide: 1) Name of outfit, 2) Country of origin, 3) Continent of origin","**Outfit:** Sari

**1. Name:** Sari
**2. Country of origin:** India
**3. Continent of origin:** Asia 


The sari is a long, unspooled piece of fabric draped over the body, worn in South Asia, especially India.",google/gemma-2-2b-it,52,0.008885597926693817
"State name of a traditional outfit and provide: 1) Name of outfit, 2) Country of origin, 3) Continent of origin","**Outfit:**  Kilt

**1) Name of outfit:** Kilt

**2) Country of origin:** Scotland

**3) Continent of origin:** Europe",google/gemma-2-2b-it,50,0.008885597926693817
"State name of a traditional outfit and provide: 1) Name of outfit, 2) Country of origin, 3) Continent of origin","**Outfit:**  Abaya
**Country of origin:**  Saudi Arabia
**Continent of origin:**  Arabia 

Let me know if you'd like to know the details of another traditional outfit!",google/gemma-2-2b-it,75,0.00777489818585709
"State name of a traditional outfit and provide: 1) Name of outfit, 2) Country of origin, 3) Continent of origin","**Outfit:**  Chino/Chino de Manila

**1. Outfit Name:** Chino/Chino de Manila
**2. Country of Origin:** Philippines
**3. Continent of Origin:** Asia 


**Explanation:** 

* **Chino:** This refers to a type of loose-fitting pants common in various cultures, particularly in Asia.
* **Chino de Manila:**  This is a specific type of Chino that originally originated in the Philippines.",google/gemma-2-2b-it,31,0.0074046649389115145
"State name of a traditional outfit and provide: 1) Name of outfit, 2) Country of origin, 3) Continent of origin","**Outfit:**  Kente Cloth 

**1. Name of outfit:** Kente Cloth

**2. Country of origin:** Ghana

**3. Continent of origin:** Africa",google/gemma-2-2b-it,55,0.007034431691965938
"State name of a traditional outfit and provide: 1) Name of outfit, 2) Country of origin, 3) Continent of origin","**Outfit:**  Kilt

**1. Name of outfit:** Kilt

**2. Country of origin:** Scotland 

**3. Continent of origin:** Europe",google/gemma-2-2b-it,11,0.006664198445020363
"State name of a traditional outfit and provide: 1) Name of outfit, 2) Country of origin, 3) Continent of origin","## Outfit: **Sherwani**

1. **Name of outfit:** Sherwani
2. **Country of origin:** Pakistan
3. **Continent of origin:** Asia 

   
Let me know if you'd like to know about other traditional outfits!",google/gemma-2-2b-it,63,0.006293965198074787
"State name of a traditional outfit and provide: 1) Name of outfit, 2) Country of origin, 3) Continent of origin","## Outfit: **Kente Cloth**

1. **Name of outfit:** Kente Cloth
2. **Country of origin:** Ghana
3. **Continent of origin:** Africa 


Kente cloth is a traditional fabric known for its vibrant colors and distinct geometric patterns produced in Ghana.",google/gemma-2-2b-it,23,0.006293965198074787
"State name of a traditional outfit and provide: 1) Name of outfit, 2) Country of origin, 3) Continent of origin","## Outfit: Sari

1. **Name of outfit:** Sari
2. **Country of origin:** India
3. **Continent of origin:** Asia 

The sari is a long, unstitched garment draped around the body in various ways. It is one of the most recognizable and traditional garments in South Asia.",google/gemma-2-2b-it,29,0.0055534987041836355
"State name of a traditional outfit and provide: 1) Name of outfit, 2) Country of origin, 3) Continent of origin","**Outfit:** **Kilt**

**1. Name of Outfit:** Kilt

**2. Country of Origin:** Scotland

**3. Continent of Origin:** Europe",google/gemma-2-2b-it,2,0.004813032210292484
"State name of a traditional outfit and provide: 1) Name of outfit, 2) Country of origin, 3) Continent of origin","**Outfit:** Sari

**1) Name of outfit:** Sari

**2) Country of origin:** India

**3) Continent of origin:** Asia 


Let me know if you'd like to learn about another traditional outfit!",google/gemma-2-2b-it,3,0.004442798963346909
"State name of a traditional outfit and provide: 1) Name of outfit, 2) Country of origin, 3) Continent of origin","## Outfit: Sari

1. **Name of outfit:** Sari
2. **Country of origin:** India
3. **Continent of origin:** Asia 


Let me know if you'd like to know about another traditional outfit!",google/gemma-2-2b-it,46,0.004442798963346909
"State name of a traditional outfit and provide: 1) Name of outfit, 2) Country of origin, 3) Continent of origin","## Outfit: **Kilt**

1. **Name of outfit:** Kilt
2. **Country of origin:** Scotland
3. **Continent of origin:** Europe 


Let me know if you'd like to know about another traditional outfit!",google/gemma-2-2b-it,61,0.004072565716401333
"State name of a traditional outfit and provide: 1) Name of outfit, 2) Country of origin, 3) Continent of origin","**Outfit:** Sari

**1. Name of outfit:** Sari 
**2. Country of origin:** India
**3. Continent of origin:** Asia 


Let me know if you'd like to know about another traditional outfit!",google/gemma-2-2b-it,57,0.0033320992225101815
"State name of a traditional outfit and provide: 1) Name of outfit, 2) Country of origin, 3) Continent of origin","## Outfit: **Saree**

1. **Name of outfit:** Sari
2. **Country of origin:** India
3. **Continent of origin:** Asia 


Let me know if you'd like to know about another traditional outfit!",google/gemma-2-2b-it,12,0.00259163272861903
"State name of a traditional outfit and provide: 1) Name of outfit, 2) Country of origin, 3) Continent of origin","**Outfit:**  Chino 

**1)  Name of outfit:** Chino 
**2) Country of origin:**  China 
**3) Continent of origin:** Asia 


Let me know if you'd like to know about another traditional outfit!",google/gemma-2-2b-it,27,0.0022213994816734544
"State name of a traditional outfit and provide: 1) Name of outfit, 2) Country of origin, 3) Continent of origin","Here's an example:

**Outfit:**  Kilt
**Country of origin:** Scotland
**Continent of origin:** Europe 

Let me know if you'd like to know about another outfit!",google/gemma-2-2b-it,17,0.0022213994816734544
"State name of a traditional outfit and provide: 1) Name of outfit, 2) Country of origin, 3) Continent of origin","**Outfit:** **Kilt**

* **Name:** Kilt 
* **Country of origin:** Scotland
* **Continent of origin:** Europe 


Let me know if you'd like to learn about another traditional outfit!",google/gemma-2-2b-it,77,0.0018511662347278786
"State name of a traditional outfit and provide: 1) Name of outfit, 2) Country of origin, 3) Continent of origin","Here's an example:

**Outfit:** **Kente Cloth**

* **Name:** Kente Cloth
* **Country of origin:** Ghana
* **Continent of origin:** Africa 


Let me know if you'd like to try another outfit! 😊",google/gemma-2-2b-it,16,0.0018511662347278786
"State name of a traditional outfit and provide: 1) Name of outfit, 2) Country of origin, 3) Continent of origin","**Outfit:**  Chudidhar

**1) Name of outfit:** Chudidhar

**2) Country of origin:** India

**3) Continent of origin:** Asia 


Let me know if you'd like to learn about another traditional outfit!",google/gemma-2-2b-it,78,0.0007404664938911515
"State name of a traditional outfit and provide: 1) Name of outfit, 2) Country of origin, 3) Continent of origin","**Outfit:**  Chino

**1) Name of outfit:** Chino

**2) Country of origin:**  United States 

**3) Continent of origin:** North America",google/gemma-2-2b-it,54,0.0
