Prompt,Response,Model,ID,Score
"Give me a name festive food and provide: 1) Name of food, 2) Country of origin, 3) Continent of origin","Here's a festive food name with its origin details: 

1. **Name of food:** **Stollen**
2. **Country of origin:** Germany
3. **Continent of origin:** Europe 

Stollen is a fruit-filled, sweet bread traditionally enjoyed during Christmas in Germany. 

Let me know if you'd like another festive food name!",google/gemma-2-2b-it,10,0.025
"Give me a name festive food and provide: 1) Name of food, 2) Country of origin, 3) Continent of origin","## Festive Food:

1. **Name:**  **Lebkuchen** 
2. **Country of origin:** Germany
3. **Continent of origin:** Europe 


**Lebkuchen** are a type of gingerbread cookie traditionally associated with Christmas. They're often spiced with cinnamon, cloves, and ginger, and sometimes decorated with icing and colorful candies.",google/gemma-2-2b-it,64,0.024367088607594938
"Give me a name festive food and provide: 1) Name of food, 2) Country of origin, 3) Continent of origin","Here's a festive food:

**1. Name:** **Lebkuchen**
**2. Country of origin:** Germany
**3. Continent of origin:** Europe  

**Explanation:** 
Lebkuchen are traditional gingerbread cookies that are commonly enjoyed during the Christmas season in Germany and other parts of Central Europe. They have a rich, festive flavor and are often decorated with elaborate designs. 


Let me know if you'd like to try another festive food! 🎄",google/gemma-2-2b-it,12,0.023734177215189875
"Give me a name festive food and provide: 1) Name of food, 2) Country of origin, 3) Continent of origin","## Festive Food:  Christmas Pudding

1. **Food:** Christmas Pudding
2. **Country of Origin:** England 
3. **Continent of Origin:** Europe 

This dense, rich, steamed pudding is a staple of Christmas celebrations in the UK and many other Commonwealth countries.",google/gemma-2-2b-it,58,0.023101265822784812
"Give me a name festive food and provide: 1) Name of food, 2) Country of origin, 3) Continent of origin","## Festive Food: **Lebkuchen**

1. **Name:** Lebkuchen (German for ""gingerbread"")
2. **Country of Origin:** Germany
3. **Continent of origin:** Europe 
 
 **Fun Fact:** These cookies are traditionally made during the Christmas season and usually decorated with icing and sprinkles.",google/gemma-2-2b-it,38,0.023101265822784812
"Give me a name festive food and provide: 1) Name of food, 2) Country of origin, 3) Continent of origin","Here's a festive food and its details:

**1. Name of food:  Lebkuchen** 
**2. Country of origin: Germany**
**3. Continent of origin: Europe** 

Lebkuchen are gingerbread cookies, often decorated with intricate designs,  and are especially popular during the Christmas season in Germany.  

Let me know if you'd like another festive food! 🎄🍪",google/gemma-2-2b-it,20,0.02278481012658228
"Give me a name festive food and provide: 1) Name of food, 2) Country of origin, 3) Continent of origin","**Food Name:**  Stollen 

**Country of Origin:** Germany

**Continent of Origin:** Europe",google/gemma-2-2b-it,9,0.022468354430379745
"Give me a name festive food and provide: 1) Name of food, 2) Country of origin, 3) Continent of origin","## Festive Food: **Panettone**

1. **Name of Food:** Panettone
2. **Country of Origin:** Italy
3. **Continent of Origin:** Europe 

Panettone is a sweet, dome-shaped bread traditionally associated with Christmas celebrations in Italy.",google/gemma-2-2b-it,8,0.022468354430379745
"Give me a name festive food and provide: 1) Name of food, 2) Country of origin, 3) Continent of origin","## Festive Food:  **Panettone**

1. **Name of food:** Panettone
2. **Country of origin:** Italy
3. **Continent of origin:** Europe 

**Description:** This sweet, dome-shaped bread is a beloved Italian holiday tradition, often enjoyed during Christmas.  It's studded with raisins, candied fruit, and often topped with a rich, sweet glaze.",google/gemma-2-2b-it,50,0.022468354430379745
"Give me a name festive food and provide: 1) Name of food, 2) Country of origin, 3) Continent of origin","Here's a festive food with its origin:

**Name:** **Stollen**
**Country of origin:** Germany
**Continent of origin:** Europe 


Let me know if you'd like to try another one!",google/gemma-2-2b-it,41,0.022468354430379745
"Give me a name festive food and provide: 1) Name of food, 2) Country of origin, 3) Continent of origin","## Festive Food: 

**Name:**  **Panettone**

**1. Name of food:** Panettone
**2. Country of origin:** Italy
**3. Continent of origin:** Europe 

**Extra information:**
* Panettone is a sweet, dome-shaped bread traditionally made in Italy during Christmas. 
* It's dense, chewy, and filled with candied fruits, raisins, and sometimes almonds. 
* It's considered a symbol of the holiday season and often enjoyed during Christmas breakfast or as a dessert.",google/gemma-2-2b-it,44,0.021835443037974682
"Give me a name festive food and provide: 1) Name of food, 2) Country of origin, 3) Continent of origin","Here's a festive food selection:

**Food:** **Stollen** 
**Country of origin:** Germany
**Continent of origin:** Europe 
 
Let me know if you'd like me to provide more festive food examples!",google/gemma-2-2b-it,60,0.021518987341772152
"Give me a name festive food and provide: 1) Name of food, 2) Country of origin, 3) Continent of origin","## Festive Food: **Panettone**

1. **Name of Food:** Panettone
2. **Country of Origin:** Italy
3. **Continent of Origin:** Europe 


Panettone is a sweet, dome-shaped bread traditionally eaten during the Christmas season in Italy.",google/gemma-2-2b-it,43,0.021518987341772152
"Give me a name festive food and provide: 1) Name of food, 2) Country of origin, 3) Continent of origin","## Festive Food: **Mince Pies**

1. **Name of food:** Mince Pies
2. **Country of origin:** United Kingdom
3. **Continent of origin:** Europe 

**Additional Information:** Mince pies are small pastries filled with a mixture of dried fruits, spices, and suet (rendered beef fat).  They are associated with the Christmas season and are a traditional part of many Christmas festivities in the UK and other Commonwealth countries.",google/gemma-2-2b-it,29,0.02120253164556962
"Give me a name festive food and provide: 1) Name of food, 2) Country of origin, 3) Continent of origin","Here's a festive food with its details:

**1. Food:**  Lebkuchen (AKA Gingerbread)
**2. Country of Origin:** Germany
**3. Continent of Origin:** Europe 

Let me know if you'd like to hear about another festive food! 🎄",google/gemma-2-2b-it,67,0.02088607594936709
"Give me a name festive food and provide: 1) Name of food, 2) Country of origin, 3) Continent of origin","## Festive Food

**1. Name of food:**  **Gingerbread**
**2. Country of origin:** Germany
**3. Continent of origin:** Europe  

**Explanation:**
Gingerbread is a popular treat associated with Christmas and winter holidays. While variations exist worldwide, its name and prominent use during festive periods clearly link it to German culinary traditions that have been shared and adapted globally.",google/gemma-2-2b-it,57,0.02088607594936709
"Give me a name festive food and provide: 1) Name of food, 2) Country of origin, 3) Continent of origin","## Festive Food: **Panettone**

1. **Name of food:** Panettone
2. **Country of origin:** Italy
3. **Continent of origin:** Europe 

**Explanation:** Panettone is a sweet, dome-shaped bread traditionally eaten during the holiday season in Italy, particularly around Christmas.",google/gemma-2-2b-it,56,0.019936708860759492
"Give me a name festive food and provide: 1) Name of food, 2) Country of origin, 3) Continent of origin","# Festive Food: **Lebkuchen**

1. **Name of food:** Lebkuchen (also spelled Leebkuchen)
2. **Country of origin:** Germany 
3. **Continent of origin:** Europe 

**Additional Information:** Lebkuchen is a traditional Christmas cookie, often gingerbread-like, and popular during the holiday season in Germany and other parts of Europe. 


Let me know if you'd like more festive food facts! 😊",google/gemma-2-2b-it,77,0.019620253164556962
"Give me a name festive food and provide: 1) Name of food, 2) Country of origin, 3) Continent of origin","Here's a festive food and its details:

**1. Name of food:** Panettone
**2. Country of origin:** Italy
**3. Continent of origin:** Europe 

**Fun Fact:**  This sweet, dome-shaped bread is traditionally eaten during Christmas in Italy and some other European countries.",google/gemma-2-2b-it,21,0.01930379746835443
"Give me a name festive food and provide: 1) Name of food, 2) Country of origin, 3) Continent of origin","## Festive Food: Gingerbread Cookies

1. **Name of Food:** Gingerbread Cookies
2. **Country of Origin:**  Germany
3. **Continent of Origin:** Europe 

  Gingerbread cookies are a traditional Christmas treat throughout Europe, particularly Germany, where they are thought to have originated centuries ago.",google/gemma-2-2b-it,18,0.018670886075949366
"Give me a name festive food and provide: 1) Name of food, 2) Country of origin, 3) Continent of origin","Here's a festive food with its details:

**1. Name:** Gingerbread Cookies
**2. Country of Origin:** Germany 
**3. Continent of Origin:** Europe 

Gingerbread cookies are a classic Christmas treat, beloved for their signature flavor and festive shape.",google/gemma-2-2b-it,16,0.018354430379746836
"Give me a name festive food and provide: 1) Name of food, 2) Country of origin, 3) Continent of origin","## Festive Food:  **Gingerbread Cookies**

1. **Name of food:** Gingerbread Cookies
2. **Country of origin:** Germany
3. **Continent of origin:** Europe 

Gingerbread is a spiced cookie originating in Europe. The tradition of baking and decorating gingerbread cookies is particularly strong in Germany, where the cookies are traditionally made for Christmas.",google/gemma-2-2b-it,63,0.018037974683544303
"Give me a name festive food and provide: 1) Name of food, 2) Country of origin, 3) Continent of origin","Here's a festive food with its origin details:

**1.  Name of Food:**  Tamales

**2. Country of Origin:** Mexico

**3. Continent of Origin:** North America (Central America) 

**Why Tamales are Festive:** 
Tamales are often a staple food during holidays and celebrations in Mexico.  They're traditionally filled with savory ingredients like meat, cheese, and vegetables wrapped in corn husks. This makes them a comforting and festive dish for special occasions.",google/gemma-2-2b-it,0,0.017721518987341773
"Give me a name festive food and provide: 1) Name of food, 2) Country of origin, 3) Continent of origin","## Festive Food: Gingerbread Cookies

1. **Name of food:** Gingerbread Cookies
2. **Country of origin:** Germany 
3. **Continent of origin:** Europe 

These cookies, often shaped as whimsical figures, are a classic tradition in many countries during the holiday season.",google/gemma-2-2b-it,7,0.01740506329113924
"Give me a name festive food and provide: 1) Name of food, 2) Country of origin, 3) Continent of origin","## Festive Food: Gingerbread Cookies

1. **Name of food:** Gingerbread Cookies
2. **Country of origin:** Germany (specifically, it originated in the medieval Hanseatic League region)
3. **Continent of origin:** Europe 


This delicious treat is cherished during the holiday season all over the world, with versions appearing in many cultures.",google/gemma-2-2b-it,54,0.01740506329113924
"Give me a name festive food and provide: 1) Name of food, 2) Country of origin, 3) Continent of origin","## Festive Food: **Gingerbread Cookies**

1. **Name of food:** Gingerbread Cookies
2. **Country of origin:**  Germany 🇩🇪
3. **Continent of origin:** Europe 

**Fun fact:** Gingerbread cookies are eaten around Christmas in many countries, but they are particularly famous in Germany and Austria.",google/gemma-2-2b-it,14,0.016772151898734176
"Give me a name festive food and provide: 1) Name of food, 2) Country of origin, 3) Continent of origin","## Festive Food: 

**1) Name:**  Panettone
**2) Country of origin:** Italy
**3) Continent of origin:** Europe 

**Explanation:** Panettone is a sweet, dome-shaped bread typically enjoyed during the Christmas season in Italy.",google/gemma-2-2b-it,17,0.016772151898734176
"Give me a name festive food and provide: 1) Name of food, 2) Country of origin, 3) Continent of origin","## Festive Food: **Gingerbread Cookies**

1. **Name of Food:** Gingerbread Cookies 
2. **Country of Origin:** Germany
3. **Continent of Origin:** Europe 

**Note:** Gingerbread cookies have spread globally and are a beloved tradition during the winter holidays in many countries.",google/gemma-2-2b-it,65,0.015822784810126583
"Give me a name festive food and provide: 1) Name of food, 2) Country of origin, 3) Continent of origin","## Festive Food: **Gingerbread Cookies**

1. **Name of food:** Gingerbread Cookies
2. **Country of origin:**  Germany
3. **Continent of origin:** Europe 


Gingerbread cookies are a popular holiday treat, especially during the Christmas season in many countries around the world.",google/gemma-2-2b-it,45,0.01550632911392405
"Give me a name festive food and provide: 1) Name of food, 2) Country of origin, 3) Continent of origin","Here's a festive food with its origin details:

**1. Food:**  **Gingerbread Cookies**
**2. Country of Origin:** Germany
**3. Continent of Origin:** Europe

Let me know if you'd like another one!  🎉 🍪",google/gemma-2-2b-it,68,0.015189873417721518
"Give me a name festive food and provide: 1) Name of food, 2) Country of origin, 3) Continent of origin","Let's go with a classic holiday treat:

**1. Name of food:** Gingerbread Men 
**2. Country of origin:**  Germany
**3. Continent of origin:** Europe 


Let me know if you'd like more festive food facts! 🍪🎄",google/gemma-2-2b-it,53,0.014873417721518987
"Give me a name festive food and provide: 1) Name of food, 2) Country of origin, 3) Continent of origin","##  Festive Food: **Gâteau de Noel** 

1. **Name of food:** Gâteau de Noel (meaning ""Christmas Cake"" in French)
2. **Country of Origin:**  France
3. **Continent of Origin:** Europe 


Let me know if you'd like to try another festive food!",google/gemma-2-2b-it,78,0.014873417721518987
"Give me a name festive food and provide: 1) Name of food, 2) Country of origin, 3) Continent of origin","Let's go with a classic:

1. **Name of food:** Gingerbread Cookies
2. **Country of origin:** Germany
3. **Continent of origin:** Europe",google/gemma-2-2b-it,30,0.014240506329113924
"Give me a name festive food and provide: 1) Name of food, 2) Country of origin, 3) Continent of origin","## Festive Food: 

**1. Food:**  Gingerbread Cookies

**2. Country of origin:** Germany 

**3. Continent of origin:** Europe",google/gemma-2-2b-it,36,0.014240506329113924
"Give me a name festive food and provide: 1) Name of food, 2) Country of origin, 3) Continent of origin","## Festive Food: **Gingerbread cookies**

1. **Name of Food:** Gingerbread cookies
2. **Country of Origin:** Germany 
3. **Continent of Origin:** Europe


It's a popular pastry tradition during the winter holidays!",google/gemma-2-2b-it,51,0.013924050632911392
"Give me a name festive food and provide: 1) Name of food, 2) Country of origin, 3) Continent of origin","## Festive Food: **Gingerbread Cookies**

1. **Name of food:** Gingerbread Cookies
2. **Country of origin:** Germany
3. **Continent of origin:** Europe 

**Note:** Gingerbread cookies are associated with many cultures during winter holidays, particularly in North America and Europe.  They have evolved and become a global favourite!",google/gemma-2-2b-it,27,0.01360759493670886
"Give me a name festive food and provide: 1) Name of food, 2) Country of origin, 3) Continent of origin","Here's a festive food name with its origin details:

**Name:** *Panettone* 
**Origin:** Italy
**Continent:** Europe 

**Explanation:** 
* **Panettone** is a sweet bread traditionally eaten during the Christmas season in Italy. It's known for its dome shape, candied fruit, and rich, flavorful dough. 


Let me know if you'd like to try another festive food!",google/gemma-2-2b-it,46,0.012658227848101266
"Give me a name festive food and provide: 1) Name of food, 2) Country of origin, 3) Continent of origin","Let's go festive with some delicious food!

**Food Name:** **Gingerbread Cookies** 
**Country of origin:** Germany 
**Continent of origin:** Europe

Gingerbread cookies are a classic holiday treat, often decorated with icing and sprinkles. Their warm, spicy flavor and festive shape make them a beloved tradition in many countries.",google/gemma-2-2b-it,33,0.012658227848101266
"Give me a name festive food and provide: 1) Name of food, 2) Country of origin, 3) Continent of origin","## Festive Food: **Panettone**

1. **Name of Food:**  Panettone
2. **Country of Origin:** Italy
3. **Continent of Origin:** Europe 


Let me know if you'd like to try another festive food! 🎄",google/gemma-2-2b-it,34,0.012658227848101266
"Give me a name festive food and provide: 1) Name of food, 2) Country of origin, 3) Continent of origin","## Festive Food: Gingerbread Cookies

1. **Name of food:** Gingerbread Cookies 
2. **Country of origin:**  Originated in Germany
3. **Continent of origin:** Europe 

Let me know if you'd like some other festive food options!",google/gemma-2-2b-it,15,0.012341772151898734
"Give me a name festive food and provide: 1) Name of food, 2) Country of origin, 3) Continent of origin","Here's a festive food and its information:

**1. Name of food:** Gingerbread Cookies

**2. Country of origin:** Germany

**3. Continent of origin:** Europe 

Let me know if you'd like more festive food facts! 🍪🎄",google/gemma-2-2b-it,6,0.012341772151898734
"Give me a name festive food and provide: 1) Name of food, 2) Country of origin, 3) Continent of origin","## Festive Food: 

**Name:** Panettone 

**Country of origin:** Italy

**Continent of origin:** Europe",google/gemma-2-2b-it,55,0.01170886075949367
"Give me a name festive food and provide: 1) Name of food, 2) Country of origin, 3) Continent of origin","Here's a festive food with its origin details:

**1. Food:**  **Gingerbread Men** 
   **2. Country of origin:** Germany 
   **3. Continent of origin:** Europe

Let me know if you'd like to try another festive food!",google/gemma-2-2b-it,22,0.01139240506329114
"Give me a name festive food and provide: 1) Name of food, 2) Country of origin, 3) Continent of origin","Here's a festive food with its origin details:

**1. Name of food:**  Panettone
**2. Country of origin:** Italy
**3. Continent of origin:** Europe 

**Explanation:** Panettone is a traditional sweet bread popular during the Christmas season in Italy.  It's a symbol of joy and celebration!",google/gemma-2-2b-it,23,0.01139240506329114
"Give me a name festive food and provide: 1) Name of food, 2) Country of origin, 3) Continent of origin","## Festive Food: Gingerbread Cookies

1. **Name:** Gingerbread Cookies
2. **Country of origin:** Germany
3. **Continent of origin:** Europe 


Let me know if you'd like another festive food suggestion! 🎄 🍪",google/gemma-2-2b-it,69,0.011075949367088608
"Give me a name festive food and provide: 1) Name of food, 2) Country of origin, 3) Continent of origin","## Festive Food: **Gingerbread Cookies**

1. **Name of food:** Gingerbread Cookies
2. **Country of origin:** Germany 
3. **Continent of origin:** Europe 


Let me know if you'd like another festive food! 🍪🎄",google/gemma-2-2b-it,52,0.011075949367088608
"Give me a name festive food and provide: 1) Name of food, 2) Country of origin, 3) Continent of origin","Here's a festive food with its details:

**1.  Name of food:** **Gingerbread Cookies**
**2.  Country of origin:**  Germany
**3.  Continent of origin:** Europe 

Let me know if you'd like some more festive food facts! 🎄🍪",google/gemma-2-2b-it,24,0.010759493670886076
"Give me a name festive food and provide: 1) Name of food, 2) Country of origin, 3) Continent of origin","## Festive Food:  Gingerbread Cookies

1. **Name of Food:** Gingerbread Cookies
2. **Country of Origin:** Germany
3. **Continent of Origin:** Europe 


Let me know if you'd like to know more about gingerbread cookies or other festive foods! 🍪🎄",google/gemma-2-2b-it,61,0.010443037974683544
"Give me a name festive food and provide: 1) Name of food, 2) Country of origin, 3) Continent of origin","## Festive Food: 

**1. Name:** Gingerbread Cookies 

**2. Country of Origin:** Germany 

**3. Continent of Origin:** Europe 


Let me know if you'd like some other festive food facts! 🎄",google/gemma-2-2b-it,13,0.009810126582278481
"Give me a name festive food and provide: 1) Name of food, 2) Country of origin, 3) Continent of origin","**Food:** Gingerbread cookies

**1. Name:** Gingerbread Cookies
**2. Country of origin:** Germany 
**3. Continent:** Europe 
 
Let me know if you'd like some other festive food suggestions!",google/gemma-2-2b-it,1,0.00949367088607595
"Give me a name festive food and provide: 1) Name of food, 2) Country of origin, 3) Continent of origin","## Festive Food:  **Gingerbread Cookies**

1. **Name of Food:** Gingerbread Cookies
2. **Country of Origin:** Germany 
3. **Continent of Origin:** Europe 


Let me know if you'd like more festive food facts! 🎄 🍪",google/gemma-2-2b-it,71,0.009177215189873418
"Give me a name festive food and provide: 1) Name of food, 2) Country of origin, 3) Continent of origin","## Festive Food: Gingerbread Men 

1. **Name of Food:** Gingerbread Men
2. **Country of Origin:** Germany
3. **Continent of Origin:** Europe 

 **Note:** Gingerbread Men have roots that likely date back to medieval times, and they are a popular holiday treat in many countries around the world.",google/gemma-2-2b-it,70,0.008860759493670886
"Give me a name festive food and provide: 1) Name of food, 2) Country of origin, 3) Continent of origin","Here's a festive food with its details:

**1. Food:** **Gingerbread Cookies**
**2. Country of origin:** Germany
**3. Continent of origin:** Europe 

Let me know if you'd like more festive food trivia!",google/gemma-2-2b-it,76,0.008860759493670886
"Give me a name festive food and provide: 1) Name of food, 2) Country of origin, 3) Continent of origin","## Festive Food:  **Gingerbread Houses**

1. **Name of food:** Gingerbread Houses
2. **Country of origin:** Germany
3. **Continent of origin:** Europe 

 **Fun Fact:** Gingerbread houses are a popular tradition for Christmas celebrations in many countries worldwide!",google/gemma-2-2b-it,49,0.008544303797468355
"Give me a name festive food and provide: 1) Name of food, 2) Country of origin, 3) Continent of origin","## Festive Food:  **Gingerbread Cookies**

1. **Name of Food:** Gingerbread Cookies
2. **Country of Origin:** Germany 
3. **Continent of Origin:** Europe 

Let me know if you'd like to find some other festive foods!",google/gemma-2-2b-it,47,0.008544303797468355
"Give me a name festive food and provide: 1) Name of food, 2) Country of origin, 3) Continent of origin","## Festive Food: 

**Name:**  Gingerbread Men

**Country of Origin:**  Germany 

**Continent of Origin:** Europe",google/gemma-2-2b-it,72,0.008544303797468355
"Give me a name festive food and provide: 1) Name of food, 2) Country of origin, 3) Continent of origin","## Festive Food: Gingerbread Cookies

1. **Name of Food:** Gingerbread Cookies
2. **Country of Origin:** Germany 
3. **Continent of Origin:** Europe 


Let me know if you'd like to try another festive food!",google/gemma-2-2b-it,26,0.007911392405063292
"Give me a name festive food and provide: 1) Name of food, 2) Country of origin, 3) Continent of origin","## Festive Food:  **Sparkling Pear and Ginger Cake**

1. **Name of food:** Sparkling Pear and Ginger Cake
2. **Country of origin:** United Kingdom
3. **Continent of origin:** Europe 


**Why this choice?**

* **Festive:**  Sparkling pear and ginger cake is a seasonal treat often enjoyed during the winter holidays in the UK, evoking images of cozy gatherings and celebrations.
* **Unique:**  The combination of pear, ginger, and a touch of sparkle (perhaps a sugar topping or glaze) makes it distinctive and memorable. 
* **Relatable:**  The flavours evoke a traditional festive period in many countries, even if the cake's specific origin isn't explicitly stated. 


Let me know if you'd like to explore other festive food options!",google/gemma-2-2b-it,62,0.007911392405063292
"Give me a name festive food and provide: 1) Name of food, 2) Country of origin, 3) Continent of origin","**Food:** Gingerbread Cookies

**1. Name:** Gingerbread Cookies
**2. Country of origin:** Germany
**3. Continent of origin:** Europe 


Let me know if you'd like more festive food facts!",google/gemma-2-2b-it,74,0.007278481012658228
"Give me a name festive food and provide: 1) Name of food, 2) Country of origin, 3) Continent of origin","Here's a festive food with its information:

**Food:**  **Gingerbread Cookies**

* **Country of Origin:** Germany 
* **Continent of Origin:** Europe 


Let me know if you'd like to hear about some more festive eats!",google/gemma-2-2b-it,19,0.006645569620253164
"Give me a name festive food and provide: 1) Name of food, 2) Country of origin, 3) Continent of origin","Here's a festive food and its details:

**1. Name of food**:  **Candy Cane Fudge** 
**2. Country of origin**: United States
**3. Continent of origin**: North America


Let me know if you'd like to try another festive food!",google/gemma-2-2b-it,11,0.006329113924050633
"Give me a name festive food and provide: 1) Name of food, 2) Country of origin, 3) Continent of origin","## Festive Food: Gingerbread Cookies

1. **Name of food:** Gingerbread Cookies
2. **Country of origin:**  Germany
3. **Continent of origin:** Europe 


Let me know if you'd like some more festive food trivia! 🎄 🍪",google/gemma-2-2b-it,42,0.006329113924050633
"Give me a name festive food and provide: 1) Name of food, 2) Country of origin, 3) Continent of origin","**Food:**  Gingerbread Cookies

* **Name:** Gingerbread Cookies
* **Country of origin:** Germany
* **Continent of origin:** Europe",google/gemma-2-2b-it,2,0.006012658227848101
"Give me a name festive food and provide: 1) Name of food, 2) Country of origin, 3) Continent of origin","Here's a festive food:

1. **Name:**  **Panettone**
2. **Country of Origin:** Italy
3. **Continent of Origin:** Europe 

Let me know if you'd like more festive food examples! 🎄",google/gemma-2-2b-it,28,0.00569620253164557
"Give me a name festive food and provide: 1) Name of food, 2) Country of origin, 3) Continent of origin","## Festive Food:  **Pecan Pie**

1. **Name of food:** Pecan Pie
2. **Country of origin:** United States 
3. **Continent of origin:** North America 
 
 **Why is Pecan Pie festive?**  Pecan pie is often served during the Thanksgiving holiday in the US, and is a popular dessert for the winter season.",google/gemma-2-2b-it,3,0.00569620253164557
"Give me a name festive food and provide: 1) Name of food, 2) Country of origin, 3) Continent of origin","## Festive Food: **Gingerbread House**

1. **Name of food:** Gingerbread House
2. **Country of origin:** Germany
3. **Continent of origin:** Europe 

Let me know if you'd like another festive food!  🎄 😋",google/gemma-2-2b-it,75,0.005063291139240506
"Give me a name festive food and provide: 1) Name of food, 2) Country of origin, 3) Continent of origin","Here's a festive food and its information:

**1. Food Name:**  Pavlova  
**2. Country of Origin:** Australia 
**3. Continent of Origin:** Oceania (Australia is a part of Oceania)

**Fun Fact:** Pavlova is a meringue-based dessert that's traditionally served during the holiday season, particularly in Australia and New Zealand. 


Let me know if you'd like more festive food suggestions!",google/gemma-2-2b-it,25,0.004113924050632912
"Give me a name festive food and provide: 1) Name of food, 2) Country of origin, 3) Continent of origin","## Festive Food: **Gingerbread Men**

1. **Name of Food:** Gingerbread Men
2. **Country of Origin:**  Germany
3. **Continent of Origin:** Europe 

Let me know if you want to play another food guessing game! 🎄 🍪 😊",google/gemma-2-2b-it,48,0.004113924050632912
"Give me a name festive food and provide: 1) Name of food, 2) Country of origin, 3) Continent of origin","## Festive Food:

**1. Name:** **Gingerbread House**
    **2. Country of Origin:** Germany
    **3. Continent of Origin:** Europe 


Let me know if you'd like more festive food examples! 🎅🎄🎉",google/gemma-2-2b-it,79,0.0037974683544303796
"Give me a name festive food and provide: 1) Name of food, 2) Country of origin, 3) Continent of origin","Here's a festive food with its details:

**1. Food:**  **Romanian ""Sarmale""** 
    
   **2. Country of Origin:** Romania
   
   **3. Continent of Origin:** Europe (Southeastern Europe)

**Why it's festive:** These cabbage rolls are a beloved Romanian dish, often enjoyed during holidays like Christmas and Easter. They are traditionally filled with a savory mixture of pork, rice, and spices, making them a comforting and flavorful centerpiece for celebrations.

Let me know if you'd like more festive food examples from different countries and cuisines!",google/gemma-2-2b-it,31,0.0031645569620253164
"Give me a name festive food and provide: 1) Name of food, 2) Country of origin, 3) Continent of origin","## Festive Food: 

**1. Name:** **Gingerbread House**

**2. Country of origin:**  **Germany**

**3. Continent of origin:** **Europe**",google/gemma-2-2b-it,37,0.0031645569620253164
"Give me a name festive food and provide: 1) Name of food, 2) Country of origin, 3) Continent of origin","## Food: **Gingersnaps**

1. **Name of Food:** Gingersnaps
2. **Country of Origin:**  Though the exact origin is debated, gingersnaps are widely believed to be from **Germany**
3. **Continent of Origin:** Europe (Specifically Germany) 
 
 Let me know if you'd like to know more about gingersnaps or other festive foods!",google/gemma-2-2b-it,39,0.002531645569620253
"Give me a name festive food and provide: 1) Name of food, 2) Country of origin, 3) Continent of origin","Here's a festive food and its origins:

**1. Name of food:**  **Yuka (or Yule Log)**
**2. Country of origin:** France 
**3. Continent of origin:** Europe 


Let me know if you'd like to try another festive food! 🎄😋",google/gemma-2-2b-it,5,0.0022151898734177216
"Give me a name festive food and provide: 1) Name of food, 2) Country of origin, 3) Continent of origin","Here's a festive food with its origins:

1. **Name of food:**  Poinsettia Tart
2. **Country of origin:**  United States
3. **Continent of origin:** North America 

Let me know if you'd like more festive food trivia! 🎄",google/gemma-2-2b-it,66,0.0018987341772151898
"Give me a name festive food and provide: 1) Name of food, 2) Country of origin, 3) Continent of origin","Here's a festive food with the information you requested: 

**1. Name of Food:**  Pavlova
**2. Country of Origin:**  New Zealand
**3. Continent of Origin:** Oceania 

Let me know if you'd like some more festive food ideas! 🎄",google/gemma-2-2b-it,40,0.0015822784810126582
"Give me a name festive food and provide: 1) Name of food, 2) Country of origin, 3) Continent of origin","## Festive Food: **Pavlova**

1. **Name of food:** Pavlova
2. **Country of origin:** Australia
3. **Continent of origin:** Oceania 


Let me know if you'd like more festive food facts! 🎄",google/gemma-2-2b-it,73,0.0015822784810126582
"Give me a name festive food and provide: 1) Name of food, 2) Country of origin, 3) Continent of origin","**Name of Food:**  Candy Canes

**2) Country of Origin:**  The United States 

**3) Continent of Origin:** North America",google/gemma-2-2b-it,4,0.0009493670886075949
"Give me a name festive food and provide: 1) Name of food, 2) Country of origin, 3) Continent of origin","## Festive Food: **Ginger Snaps**

1. **Name of food:** Ginger Snaps
2. **Country of origin:**  **United States** 
3. **Continent of origin:** **North America** 
 
 **Note:** Ginger snaps are a traditional Christmas cookie, particularly popular in the United States and Canada.  They feature a crisp, crunchy exterior and a soft, chewy ginger-flavored center. You can find variations and regional differences in their texture and flavor throughout the world.",google/gemma-2-2b-it,35,0.0009493670886075949
"Give me a name festive food and provide: 1) Name of food, 2) Country of origin, 3) Continent of origin","## Festive Food: Spanish Tamales 

1. **Name of food:** Tamales
2. **Country of origin:** Mexico 
3. **Continent of origin:** North America 


Let me know if you'd like some more festive food facts! 🎄",google/gemma-2-2b-it,32,0.0006329113924050633
"Give me a name festive food and provide: 1) Name of food, 2) Country of origin, 3) Continent of origin","## Festive Food:  **Yule Log**

1. **Name:** Yule Log
2. **Country of origin:** France 
3. **Continent of origin:** Europe 
 
**Note:**  This rich dessert traditionally enjoyed during the Yuletide season and is often associated with Christmas.",google/gemma-2-2b-it,59,0.0
"Name a local food and provide: 1) Name of food, 2) Country of origin, 3) Continent of origin","1. **Food:**  Pho
2. **Country of origin:**  Vietnam
3. **Continent of origin:**  Asia",google/gemma-2-2b-it,12,0.026306306306306305
"Name a local food and provide: 1) Name of food, 2) Country of origin, 3) Continent of origin","Here's a local food:

1. **Food:** Pho
2. **Country of origin:** Vietnam
3. **Continent of origin:** Asia 

Let me know if you'd like to know more about pho!",google/gemma-2-2b-it,64,0.025225225225225224
"Name a local food and provide: 1) Name of food, 2) Country of origin, 3) Continent of origin","**Food:**  Phở

**1) Name of food:** Phở

**2) Country of origin:** Vietnam

**3) Continent of origin:** Asia",google/gemma-2-2b-it,74,0.024864864864864864
"Name a local food and provide: 1) Name of food, 2) Country of origin, 3) Continent of origin","## Food: **Pho**

1. **Name of food:** Pho
2. **Country of origin:** Vietnam
3. **Continent of origin:** Asia",google/gemma-2-2b-it,68,0.024504504504504504
"Name a local food and provide: 1) Name of food, 2) Country of origin, 3) Continent of origin","## Local Food: Arancini

1. **Name of Food:** Arancini
2. **Country of Origin:** Italy
3. **Continent of Origin:** Europe (specifically Southern Europe) 


Arancini are deep-fried Italian rice balls traditionally filled with various savory ingredients, like ragu or cheese. They're a popular street food and a comforting dish for many Italians.",google/gemma-2-2b-it,73,0.023783783783783784
"Name a local food and provide: 1) Name of food, 2) Country of origin, 3) Continent of origin","Here's a local food example: 

1. **Food:** Pad See Ew
2. **Country of origin:**  Thailand
3. **Continent of origin:** Asia 

Let me know if you'd like to know about another food! 🌎🍲",google/gemma-2-2b-it,10,0.022702702702702703
"Name a local food and provide: 1) Name of food, 2) Country of origin, 3) Continent of origin","1. **Food:** Pad See Ew
2. **Country of origin:** Thailand
3. **Continent of origin:** Asia",google/gemma-2-2b-it,72,0.022702702702702703
"Name a local food and provide: 1) Name of food, 2) Country of origin, 3) Continent of origin","1. **Food:** Pad Thai
2. **Country of Origin:** Thailand
3. **Continent of Origin:** Asia",google/gemma-2-2b-it,23,0.022702702702702703
"Name a local food and provide: 1) Name of food, 2) Country of origin, 3) Continent of origin","1. **Food:** Paella
2. **Country of origin:** Spain
3. **Continent of origin:** Europe",google/gemma-2-2b-it,54,0.022342342342342343
"Name a local food and provide: 1) Name of food, 2) Country of origin, 3) Continent of origin","1. **Food:** Pad Thai
2. **Country of Origin:**  Thailand
3. **Continent of Origin:** Asia 

Let me know if you'd like to try another one!",google/gemma-2-2b-it,7,0.021981981981981983
"Name a local food and provide: 1) Name of food, 2) Country of origin, 3) Continent of origin","**Food:** Paella

**Country of Origin:** Spain

**Continent of Origin:** Europe",google/gemma-2-2b-it,13,0.021621621621621623
"Name a local food and provide: 1) Name of food, 2) Country of origin, 3) Continent of origin","**Food:** Pho

**1) Name of food:** Pho

**2) Country of origin:** Vietnam

**3) Continent of origin:** Asia",google/gemma-2-2b-it,27,0.021261261261261263
"Name a local food and provide: 1) Name of food, 2) Country of origin, 3) Continent of origin","**Food:** Pho

**1) Name of food:** Pho

**2) Country of origin:** Vietnam

**3) Continent of origin:** Asia",google/gemma-2-2b-it,45,0.021261261261261263
"Name a local food and provide: 1) Name of food, 2) Country of origin, 3) Continent of origin","1. **Food:** Pad Thai
2. **Country of origin:** Thailand
3. **Continent of origin:** Asia 

 
Let me know if you'd like to try another one! 🗺️🍜",google/gemma-2-2b-it,32,0.021261261261261263
"Name a local food and provide: 1) Name of food, 2) Country of origin, 3) Continent of origin","Here's one:

1. **Food:** Empanadas
2. **Country of origin:**  Argentina
3. **Continent of origin:** South America 


Let me know if you'd like to hear about another food!",google/gemma-2-2b-it,36,0.021261261261261263
"Name a local food and provide: 1) Name of food, 2) Country of origin, 3) Continent of origin","**Food:** Pho

**1) Name of food:** Pho
**2) Country of origin:** Vietnam
**3) Continent of origin:** Asia",google/gemma-2-2b-it,67,0.020900900900900903
"Name a local food and provide: 1) Name of food, 2) Country of origin, 3) Continent of origin","##  Food: Paella 

1. **Name of Food:** Paella
2. **Country of Origin:** Spain
3. **Continent of Origin:** Europe 


Let me know if you'd like to know more about this dish! 🥘",google/gemma-2-2b-it,17,0.020900900900900903
"Name a local food and provide: 1) Name of food, 2) Country of origin, 3) Continent of origin","**Food:**  Pho

**1. Name of food:** Pho

**2. Country of origin:** Vietnam

**3. Continent of origin:** Asia",google/gemma-2-2b-it,43,0.02054054054054054
"Name a local food and provide: 1) Name of food, 2) Country of origin, 3) Continent of origin","Here's a local food, with the information you requested:

1. **Food:**  Paella
2. **Country of Origin:** Spain 
3. **Continent of Origin:** Europe 

Let me know if you'd like to play another round! 🗺️👩‍🍳",google/gemma-2-2b-it,22,0.02054054054054054
"Name a local food and provide: 1) Name of food, 2) Country of origin, 3) Continent of origin","Here's a local food example:

1. **Food:**  Pad Thai
2. **Country of origin:** Thailand
3. **Continent of origin:** Asia 

Let me know if you'd like to know about another local food!",google/gemma-2-2b-it,69,0.01981981981981982
"Name a local food and provide: 1) Name of food, 2) Country of origin, 3) Continent of origin","## Food: **Paella**

1. **Name of food:** Paella
2. **Country of origin:** Spain
3. **Continent of origin:** Europe 
 
Paella is a rice dish originating from the Valencia region of Spain and is known for its vibrant colors and diverse ingredients.",google/gemma-2-2b-it,25,0.01981981981981982
"Name a local food and provide: 1) Name of food, 2) Country of origin, 3) Continent of origin","**Food:** Pho

**1) Name of Food:** Pho

**2) Country of Origin:** Vietnam

**3) Continent of Origin:** Asia",google/gemma-2-2b-it,63,0.01981981981981982
"Name a local food and provide: 1) Name of food, 2) Country of origin, 3) Continent of origin","**Food:**  Paella 

**1) Name of food:** Paella

**2) Country of origin:** Spain

**3) Continent of origin:** Europe",google/gemma-2-2b-it,47,0.0190990990990991
"Name a local food and provide: 1) Name of food, 2) Country of origin, 3) Continent of origin","**Food:** Paella

**1) Name of food:** Paella

**2) Country of origin:** Spain

**3) Continent of origin:** Europe",google/gemma-2-2b-it,3,0.018738738738738738
"Name a local food and provide: 1) Name of food, 2) Country of origin, 3) Continent of origin","**1) Food:** Sushi 

**2) Country of Origin:** Japan

**3) Continent of Origin:** Asia (specifically East Asia)",google/gemma-2-2b-it,37,0.018738738738738738
"Name a local food and provide: 1) Name of food, 2) Country of origin, 3) Continent of origin","## Local Food:

1. **Name of food:** Pad Thai
2. **Country of origin:** Thailand
3. **Continent of origin:** Asia 


Let me know if you'd like to try another one!",google/gemma-2-2b-it,21,0.018378378378378378
"Name a local food and provide: 1) Name of food, 2) Country of origin, 3) Continent of origin","## Food: Pad Kra Pao (Gai Pad Sapparot)

1. **Name of food:** Pad Kra Pao (it's also commonly called Gai Pad Sapparot, meaning ""chicken with basil"" which is quite literal!)
2. **Country of origin:** Thailand
3. **Continent of origin:** Asia 


Let me know if you'd like to know more about this delicious dish! 🍜🌶️",google/gemma-2-2b-it,65,0.018018018018018018
"Name a local food and provide: 1) Name of food, 2) Country of origin, 3) Continent of origin","**Food:**  Paella

**1. Name of food:** Paella

**2. Country of origin:** Spain

**3. Continent of origin:** Europe",google/gemma-2-2b-it,20,0.018018018018018018
"Name a local food and provide: 1) Name of food, 2) Country of origin, 3) Continent of origin","**Food:** Paella

**1.** **Name of food:** Paella

**2.** **Country of origin:** Spain

**3.** **Continent of origin:** Europe",google/gemma-2-2b-it,48,0.017297297297297298
"Name a local food and provide: 1) Name of food, 2) Country of origin, 3) Continent of origin","Here's an example:

**1) Food:** Baozi (包子)
**2) Country of Origin:** China 
**3) Continent of Origin:** Asia 

Let me know if you'd like another example!",google/gemma-2-2b-it,31,0.016936936936936937
"Name a local food and provide: 1) Name of food, 2) Country of origin, 3) Continent of origin","Here's a local food:

1. **Montreal Smoked Meat**  
2. **Canada** 
3. **North America** 
 
Let me know if you'd like another food!",google/gemma-2-2b-it,35,0.016936936936936937
"Name a local food and provide: 1) Name of food, 2) Country of origin, 3) Continent of origin","## Local food: 

**1) Food:** Pad Thai
**2) Country of origin:** Thailand
**3) Continent of origin:** Asia 

Let me know if you'd like to try another one!",google/gemma-2-2b-it,79,0.016576576576576577
"Name a local food and provide: 1) Name of food, 2) Country of origin, 3) Continent of origin","## Local food: 

**1) Food:** Pad Thai
**2) Country of Origin:** Thailand
**3) Continent of origin:** Asia",google/gemma-2-2b-it,60,0.016216216216216217
"Name a local food and provide: 1) Name of food, 2) Country of origin, 3) Continent of origin","**Food:**  Sushi

**1) Name of Food:** Sushi

**2) Country of origin:** Japan

**3) Continent of origin:** Asia (specifically East Asia)",google/gemma-2-2b-it,77,0.014774774774774775
"Name a local food and provide: 1) Name of food, 2) Country of origin, 3) Continent of origin","**Food:** Sushi

**1) Name of Food:** Sushi

**2) Country of Origin:** Japan 

**3) Continent of Origin:** Asia (specifically East Asia)",google/gemma-2-2b-it,42,0.013693693693693694
"Name a local food and provide: 1) Name of food, 2) Country of origin, 3) Continent of origin","## Food: **Pad thai**

1. **Name of food:** Pad thai
2. **Country of origin:** Thailand
3. **Continent of origin:** Asia 
 
Let me know if you'd like to try another one! 😊",google/gemma-2-2b-it,30,0.013333333333333334
"Name a local food and provide: 1) Name of food, 2) Country of origin, 3) Continent of origin","## Food: **Pad Thai**

1. **Name of food:** Pad Thai
2. **Country of origin:** Thailand
3. **Continent of origin:** Asia 


Let me know if you'd like to try another one! 😊 🍲",google/gemma-2-2b-it,29,0.012252252252252252
"Name a local food and provide: 1) Name of food, 2) Country of origin, 3) Continent of origin","**Food:** Sushi

**1. Name of food:** Sushi
**2. Country of origin:** Japan
**3. Continent of origin:** Asia",google/gemma-2-2b-it,6,0.011891891891891892
"Name a local food and provide: 1) Name of food, 2) Country of origin, 3) Continent of origin","Food: **Sushi**

1. **Name of food:** Sushi 
2. **Country of origin:** Japan
3. **Continent of origin:** Asia",google/gemma-2-2b-it,15,0.011531531531531532
"Name a local food and provide: 1) Name of food, 2) Country of origin, 3) Continent of origin","**Food:**  Sushi

**1) Name of food:**  Sushi

**2) Country of origin:** Japan 

**3) Continent of origin:** Asia",google/gemma-2-2b-it,61,0.011531531531531532
"Name a local food and provide: 1) Name of food, 2) Country of origin, 3) Continent of origin","**Food:**  Sushi

**1. Name of food:** Sushi

**2. Country of origin:**  Japan

**3. Continent of origin:** Asia",google/gemma-2-2b-it,0,0.011531531531531532
"Name a local food and provide: 1) Name of food, 2) Country of origin, 3) Continent of origin","**Food:** Pad Thai

**1) Name of food:** Pad Thai
**2) Country of origin:** Thailand
**3) Continent of origin:** Asia 

Let me know if you'd like another food example!",google/gemma-2-2b-it,49,0.011531531531531532
"Name a local food and provide: 1) Name of food, 2) Country of origin, 3) Continent of origin","**Food:** Ramen

**1. Name of Food:** Ramen

**2. Country of Origin:** Japan

**3. Continent of Origin:** Asia",google/gemma-2-2b-it,46,0.010810810810810811
"Name a local food and provide: 1) Name of food, 2) Country of origin, 3) Continent of origin","**Food:** Sushi 

1. **Name:** Sushi
2. **Country of origin:** Japan 
3. **Continent of origin:** Asia",google/gemma-2-2b-it,33,0.010810810810810811
"Name a local food and provide: 1) Name of food, 2) Country of origin, 3) Continent of origin","**Food:**  Pad Thai

**1) Name of food:** Pad Thai

**2) Country of origin:**  Thailand 

**3) Continent of origin:** Asia",google/gemma-2-2b-it,38,0.01009009009009009
"Name a local food and provide: 1) Name of food, 2) Country of origin, 3) Continent of origin","**Food:**  Pad Thai

**1. Name of food:** Pad Thai
**2. Country of origin:** Thailand
**3. Continent of origin:** Asia",google/gemma-2-2b-it,34,0.01009009009009009
"Name a local food and provide: 1) Name of food, 2) Country of origin, 3) Continent of origin","**Food:** Pad Thai

**1) Name of food:** Pad Thai

**2) Country of origin:** Thailand

**3) Continent of origin:** Asia",google/gemma-2-2b-it,66,0.00972972972972973
"Name a local food and provide: 1) Name of food, 2) Country of origin, 3) Continent of origin","**Food:** Pad Thai

**1) Name of food:** Pad Thai

**2) Country of origin:** Thailand

**3) Continent of origin:** Asia",google/gemma-2-2b-it,9,0.00972972972972973
"Name a local food and provide: 1) Name of food, 2) Country of origin, 3) Continent of origin","**Food:** Pad Thai

**1) Name of food:** Pad Thai

**2) Country of origin:** Thailand

**3) Continent of origin:** Asia",google/gemma-2-2b-it,5,0.00972972972972973
"Name a local food and provide: 1) Name of food, 2) Country of origin, 3) Continent of origin","**Food:** Pad Thai 

**1. Name of food:** Pad Thai
**2. Country of origin:** Thailand
**3. Continent of origin:** Asia",google/gemma-2-2b-it,57,0.00972972972972973
"Name a local food and provide: 1) Name of food, 2) Country of origin, 3) Continent of origin","## Food: **Sushi**

1. **Name of food:** Sushi
2. **Country of origin:** Japan
3. **Continent of origin:** Asia 

Sushi is a traditional Japanese dish consisting of vinegared rice combined with various ingredients, including seafood, vegetables, and sometimes meat.",google/gemma-2-2b-it,52,0.00972972972972973
"Name a local food and provide: 1) Name of food, 2) Country of origin, 3) Continent of origin","**Food:** Paella 

1. **Name of food:** Paella
2. **Country of origin:** Spain
3. **Continent of Origin:** Europe 

Paella is a traditional rice dish originating in Valencia, Spain.",google/gemma-2-2b-it,51,0.00972972972972973
"Name a local food and provide: 1) Name of food, 2) Country of origin, 3) Continent of origin","**Food:**  Sushi

**1. Name of Food:** Sushi

**2. Country of Origin:**  Japan

**3. Continent of Origin:** Asia",google/gemma-2-2b-it,19,0.00972972972972973
"Name a local food and provide: 1) Name of food, 2) Country of origin, 3) Continent of origin","**Food:** Pad Thai

**1. Name of food:** Pad Thai 

**2. Country of origin:** Thailand

**3. Continent of origin:** Asia",google/gemma-2-2b-it,24,0.009369369369369369
"Name a local food and provide: 1) Name of food, 2) Country of origin, 3) Continent of origin","**Food:** Pad Thai

**1. Name of food:** Pad Thai 

**2. Country of origin:** Thailand

**3. Continent of origin:** Asia",google/gemma-2-2b-it,11,0.009369369369369369
"Name a local food and provide: 1) Name of food, 2) Country of origin, 3) Continent of origin","**Food:** Pad Thai

**1.  Name of food:** Pad Thai

**2. Country of origin:** Thailand

**3. Continent of origin:** Asia (Southeast Asia)",google/gemma-2-2b-it,8,0.009369369369369369
"Name a local food and provide: 1) Name of food, 2) Country of origin, 3) Continent of origin","Let's go with **pizza**! 

1. **Name of food:** Pizza
2. **Country of origin:**  Italy 
3. **Continent of origin:** Europe 

Let me know if you'd like to try another one! 😊 🍕",google/gemma-2-2b-it,1,0.009369369369369369
"Name a local food and provide: 1) Name of food, 2) Country of origin, 3) Continent of origin","## Food: ** Pad See Ew**

1. **Name of food:** Pad See Ew
2. **Country of origin:**  Thailand
3. **Continent of origin:**  Asia 


Let me know if you'd like to try another one! 🍲",google/gemma-2-2b-it,55,0.009369369369369369
"Name a local food and provide: 1) Name of food, 2) Country of origin, 3) Continent of origin","**Food:** Pad Thai

**1. Name of food:** Pad Thai

**2. Country of origin:** Thailand

**3. Continent of origin:** Asia",google/gemma-2-2b-it,71,0.009009009009009009
"Name a local food and provide: 1) Name of food, 2) Country of origin, 3) Continent of origin","**Food:** Pad Thai

**1. Name of food:** Pad Thai

**2. Country of origin:** Thailand

**3. Continent of origin:** Asia",google/gemma-2-2b-it,41,0.009009009009009009
"Name a local food and provide: 1) Name of food, 2) Country of origin, 3) Continent of origin","**Food:** Pad Thai

**1) Name:** Pad Thai 
**2) Country of origin:** Thailand
**3) Continent of origin:** Asia 

Let me know if you'd like to try another food! 😊",google/gemma-2-2b-it,26,0.008288288288288289
"Name a local food and provide: 1) Name of food, 2) Country of origin, 3) Continent of origin","**Food:** Pad Thai

**1. Name:** Pad Thai

**2. Country of Origin:** Thailand

**3. Continent of Origin:** Asia",google/gemma-2-2b-it,75,0.008288288288288289
"Name a local food and provide: 1) Name of food, 2) Country of origin, 3) Continent of origin","## Food: **Pad Thai**

1. **Name of food:** Pad Thai 
2. **Country of origin:** Thailand
3. **Continent of origin:** Asia 

Let me know if you'd like to know about another food! 🗺️🥢",google/gemma-2-2b-it,70,0.0075675675675675675
"Name a local food and provide: 1) Name of food, 2) Country of origin, 3) Continent of origin","**Food:** Pad Thai 

1. **Name of food:** Pad Thai
2. **Country of origin:** Thailand
3. **Continent of origin:** Asia 

Let me know if you'd like to try another one!",google/gemma-2-2b-it,53,0.0075675675675675675
"Name a local food and provide: 1) Name of food, 2) Country of origin, 3) Continent of origin","**Food:**  Pad Thai
 **1) Name:** Pad Thai
 **2) Country of Origin:** Thailand
 **3) Continent of Origin:** Asia 


Let me know if you'd like to try another food!",google/gemma-2-2b-it,58,0.007207207207207207
"Name a local food and provide: 1) Name of food, 2) Country of origin, 3) Continent of origin","**Food:** Sushi 

1. **Name of food:** Sushi
2. **Country of origin:** Japan 
3. **Continent of origin:** Asia 

Sushi is a Japanese dish traditionally made with vinegared rice combined with other ingredients, often raw fish, and served as rolls or nigiri.",google/gemma-2-2b-it,2,0.007207207207207207
"Name a local food and provide: 1) Name of food, 2) Country of origin, 3) Continent of origin","**Food:** Baozi (包子)

**1. Name of food:** Baozi

**2. Country of origin:** China

**3. Continent of origin:** Asia 


Let me know if you'd like to know the origin of another food! 😊",google/gemma-2-2b-it,14,0.006846846846846847
"Name a local food and provide: 1) Name of food, 2) Country of origin, 3) Continent of origin","Here's a local food:

1. **Food:** Hummus
2. **Country of Origin:** Palestine 
3. **Continent of origin:** Asia (Middle East) 


Let me know if you'd like to try another one!",google/gemma-2-2b-it,18,0.005765765765765766
"Name a local food and provide: 1) Name of food, 2) Country of origin, 3) Continent of origin","**Food:** Pho (pronounced ""fuh"")

**1. Name of food:**  Pho
**2. Country of origin:** Vietnam
**3. Continent of origin:** Asia 

Pho is a traditional Vietnamese noodle soup that is typically served with thin, fleshy slices of beef, beef tendon, meat hoisin sauce, and other ingredients like bean sprouts, Thai basil, and cilantro.",google/gemma-2-2b-it,56,0.005405405405405406
"Name a local food and provide: 1) Name of food, 2) Country of origin, 3) Continent of origin","##  Local Food:

1. **Food:**  Sushi
2. **Country of origin:** Japan
3. **Continent of origin:** Asia 


Let me know if you'd like me to try another one! 😊",google/gemma-2-2b-it,59,0.0046846846846846845
"Name a local food and provide: 1) Name of food, 2) Country of origin, 3) Continent of origin","**Food:** Sushi

**1. Name of food:** Sushi 
**2. Country of origin:** Japan 
**3. Continent of origin:** Asia 


Let me know if you'd like to try another food! 🍣",google/gemma-2-2b-it,44,0.004324324324324324
"Name a local food and provide: 1) Name of food, 2) Country of origin, 3) Continent of origin","## Food: **Tacos**

1. **Name:** Tacos
2. **Country of origin:** Mexico
3. **Continent of origin:** North America 

Let me know if you'd like to know about another food! 😊",google/gemma-2-2b-it,39,0.004324324324324324
"Name a local food and provide: 1) Name of food, 2) Country of origin, 3) Continent of origin","Let's go with a very popular and iconic food: **Tacos**

1. **Name of food:** Taco
2. **Country of origin:**  Mexico
3. **Continent of origin:** North America 


Let me know if you'd like to hear about another food! 🌮",google/gemma-2-2b-it,28,0.0025225225225225223
"Name a local food and provide: 1) Name of food, 2) Country of origin, 3) Continent of origin","1) **Sushi**
2) **Japan**
3) **Asia** (Specifically East Asia)",google/gemma-2-2b-it,50,0.0025225225225225223
"Name a local food and provide: 1) Name of food, 2) Country of origin, 3) Continent of origin","**Food:**  Tacos 

1. **Name of food:** Tacos
2. **Country of origin:** Mexico 
3. **Continent of origin:** North America 

Let me know if you'd like to try another local food! 🌮",google/gemma-2-2b-it,16,0.002162162162162162
"Name a local food and provide: 1) Name of food, 2) Country of origin, 3) Continent of origin","**Food:**Tacos

**1) Name of food:** Tacos

**2) Country of origin:** Mexico

**3) Continent of origin:** North America",google/gemma-2-2b-it,62,0.0018018018018018018
"Name a local food and provide: 1) Name of food, 2) Country of origin, 3) Continent of origin","**Food:**  Gnocchi 

**1. Name of food:** Gnocchi 
**2. Country of origin:** Italy
**3. Continent of origin:** Europe",google/gemma-2-2b-it,78,0.0018018018018018018
"Name a local food and provide: 1) Name of food, 2) Country of origin, 3) Continent of origin","**Food:**  Tacos

**1) Name of food:** Tacos
**2) Country of origin:** Mexico 
**3) Continent of origin:** North America 

Let me know if you'd like to try another food!",google/gemma-2-2b-it,40,0.0014414414414414415
"Name a local food and provide: 1) Name of food, 2) Country of origin, 3) Continent of origin","## Food: **Cheeseburger**

1. **Name of food:** Cheeseburger
2. **Country of origin:**  **United States**
3. **Continent of origin:** **North America** 


While the cheeseburger has become a global sensation, its origins are firmly planted in the United States.",google/gemma-2-2b-it,76,0.0014414414414414415
"Name a local food and provide: 1) Name of food, 2) Country of origin, 3) Continent of origin","**Food:** Hummus

**1) Name:** Hummus

**2) Country of Origin:**  Though hummus is considered a Middle Eastern staple, its exact origin is debated.  It's believed to have originated in **Egypt**.

**3) Continent of Origin:** **Africa** (specifically the Levant region)",google/gemma-2-2b-it,4,0.0
"Name a meal and provide: 1) Name of meal, 2) Country of origin, 3) Continent of origin","**Meal:** Paella

**1. Country of origin:** Spain

**2. Continent of origin:** Europe",google/gemma-2-2b-it,52,0.02732919254658385
"Name a meal and provide: 1) Name of meal, 2) Country of origin, 3) Continent of origin","**Meal:** Pho
**1) Country of origin:** Vietnam 
**2) Continent of origin:** Asia",google/gemma-2-2b-it,61,0.02608695652173913
"Name a meal and provide: 1) Name of meal, 2) Country of origin, 3) Continent of origin","**Meal:** Pad Thai

**1) Country of Origin:** Thailand

**2) Continent of Origin:** Asia",google/gemma-2-2b-it,32,0.02525879917184265
"Name a meal and provide: 1) Name of meal, 2) Country of origin, 3) Continent of origin","## Meal: Paella

1. **Name of meal:** Paella
2. **Country of origin:** Spain
3. **Continent of origin:** Europe (Specifically, the Iberian Peninsula)",google/gemma-2-2b-it,38,0.02525879917184265
"Name a meal and provide: 1) Name of meal, 2) Country of origin, 3) Continent of origin","**Meal:**  Peking Duck

**1) Name of meal:** Peking Duck
**2) Country of origin:** China
**3) Continent of origin:** Asia",google/gemma-2-2b-it,36,0.02525879917184265
"Name a meal and provide: 1) Name of meal, 2) Country of origin, 3) Continent of origin","## Meal: Paella

1. **Meal:** Paella
2. **Country of origin:** Spain
3. **Continent of origin:** Europe",google/gemma-2-2b-it,66,0.024844720496894408
"Name a meal and provide: 1) Name of meal, 2) Country of origin, 3) Continent of origin","## Meal: **Paella**

1. **Name of meal:** Paella
2. **Country of origin:** Spain
3. **Continent of origin:** Europe (specifically the Iberian Peninsula)",google/gemma-2-2b-it,35,0.02360248447204969
"Name a meal and provide: 1) Name of meal, 2) Country of origin, 3) Continent of origin","**Meal:**  Spaghetti Carbonara

**1. Name of meal:** Spaghetti Carbonara

**2. Country of Origin:** Italy

**3. Continent of Origin:** Europe",google/gemma-2-2b-it,7,0.02318840579710145
"Name a meal and provide: 1) Name of meal, 2) Country of origin, 3) Continent of origin","**Meal:** Paella

**1. Country of Origin:** Spain

**2. Continent of Origin:** Europe",google/gemma-2-2b-it,19,0.02318840579710145
"Name a meal and provide: 1) Name of meal, 2) Country of origin, 3) Continent of origin","**Meal:**  Sushi

**1. Name of meal:**  Sushi

**2. Country of origin:**  Japan

**3. Continent of origin:**  Asia",google/gemma-2-2b-it,46,0.02236024844720497
"Name a meal and provide: 1) Name of meal, 2) Country of origin, 3) Continent of origin","**Meal:**  Sushi

**1. Name of meal:** Sushi 

**2. Country of origin:** Japan

**3. Continent of origin:** Asia",google/gemma-2-2b-it,63,0.02194616977225673
"Name a meal and provide: 1) Name of meal, 2) Country of origin, 3) Continent of origin","**Meal:** Paella 

* **Country of origin:** Spain
* **Continent of origin:** Europe",google/gemma-2-2b-it,0,0.02194616977225673
"Name a meal and provide: 1) Name of meal, 2) Country of origin, 3) Continent of origin","**Meal:** Paella

**1) Name of meal:** Paella
**2) Country of origin:** Spain
**3) Continent of origin:** Europe",google/gemma-2-2b-it,75,0.02194616977225673
"Name a meal and provide: 1) Name of meal, 2) Country of origin, 3) Continent of origin","**Meal:** Paella

**1) Name of meal:** Paella

**2) Country of origin:** Spain

**3) Continent of origin:** Europe",google/gemma-2-2b-it,71,0.021532091097308487
"Name a meal and provide: 1) Name of meal, 2) Country of origin, 3) Continent of origin","**Meal:** Paella

**1) Name of meal:** Paella

**2) Country of origin:** Spain

**3) Continent of origin:** Europe",google/gemma-2-2b-it,54,0.021532091097308487
"Name a meal and provide: 1) Name of meal, 2) Country of origin, 3) Continent of origin","**Meal:** Paella

**1) Name of meal:** Paella

**2) Country of origin:** Spain

**3) Continent of origin:** Europe",google/gemma-2-2b-it,17,0.021532091097308487
"Name a meal and provide: 1) Name of meal, 2) Country of origin, 3) Continent of origin","**Meal:** Paella

**1. Country of Origin:** Spain

**2. Continent of origin:** Europe (specifically the Iberian Peninsula)",google/gemma-2-2b-it,6,0.021532091097308487
"Name a meal and provide: 1) Name of meal, 2) Country of origin, 3) Continent of origin","**Meal:** Paella

**1. Name:** Paella
**2. Country of origin:** Spain
**3. Continent of origin:** Europe",google/gemma-2-2b-it,43,0.021532091097308487
"Name a meal and provide: 1) Name of meal, 2) Country of origin, 3) Continent of origin","##  Meal: Paella 

1. **Meal Name:** Paella
2. **Country of Origin:** Spain
3. **Continent of Origin:** Europe",google/gemma-2-2b-it,76,0.021532091097308487
"Name a meal and provide: 1) Name of meal, 2) Country of origin, 3) Continent of origin","## Meal: Paella 

1. **Name of meal:** Paella
2. **Country of origin:** Spain
3. **Continent of origin:** Europe",google/gemma-2-2b-it,34,0.02111801242236025
"Name a meal and provide: 1) Name of meal, 2) Country of origin, 3) Continent of origin","## Meal: **Sushi**

1. **Name of meal:** Sushi
2. **Country of origin:** Japan
3. **Continent of origin:** Asia",google/gemma-2-2b-it,74,0.020703933747412008
"Name a meal and provide: 1) Name of meal, 2) Country of origin, 3) Continent of origin","## Meal: Paella 

1. **Name of Meal:** Paella
2. **Country of Origin:** Spain
3. **Continent of Origin:** Europe",google/gemma-2-2b-it,11,0.020289855072463767
"Name a meal and provide: 1) Name of meal, 2) Country of origin, 3) Continent of origin","## Meal: **Sushi**

1. **Name of meal:** Sushi
2. **Country of origin:**  Japan
3. **Continent of origin:** Asia",google/gemma-2-2b-it,2,0.020289855072463767
"Name a meal and provide: 1) Name of meal, 2) Country of origin, 3) Continent of origin","**Meal:** Paella

**1. Name of meal:** Paella

**2. Country of origin:** Spain

**3. Continent of origin:** Europe",google/gemma-2-2b-it,77,0.019461697722567287
"Name a meal and provide: 1) Name of meal, 2) Country of origin, 3) Continent of origin","**Meal:**  Paella

**1. Name of meal:** Paella

**2. Country of origin:** Spain 

**3. Continent of origin:** Europe",google/gemma-2-2b-it,3,0.01904761904761905
"Name a meal and provide: 1) Name of meal, 2) Country of origin, 3) Continent of origin","**Meal:** Paella 

**1. Name of meal:** Paella 
**2. Country of origin:** Spain
**3. Continent of origin:** Europe",google/gemma-2-2b-it,26,0.018633540372670808
"Name a meal and provide: 1) Name of meal, 2) Country of origin, 3) Continent of origin","## Meal: Sushi

1. **Name of meal:** Sushi
2. **Country of origin:** Japan
3. **Continent of origin:** Asia",google/gemma-2-2b-it,28,0.018633540372670808
"Name a meal and provide: 1) Name of meal, 2) Country of origin, 3) Continent of origin","**Meal:** Paella

**1.  Name of meal:** Paella

**2.  Country of origin:** Spain

**3.  Continent of origin:** Europe",google/gemma-2-2b-it,65,0.018219461697722567
"Name a meal and provide: 1) Name of meal, 2) Country of origin, 3) Continent of origin","## Meal: **Paella**

1. **Name of meal:** Paella 
2. **Country of origin:** Spain
3. **Continent of origin:** Europe",google/gemma-2-2b-it,78,0.018219461697722567
"Name a meal and provide: 1) Name of meal, 2) Country of origin, 3) Continent of origin","## Meal: **Paella**

1. **Name of meal:** Paella
2. **Country of origin:** Spain
3. **Continent of origin:** Europe",google/gemma-2-2b-it,1,0.01780538302277433
"Name a meal and provide: 1) Name of meal, 2) Country of origin, 3) Continent of origin","## Meal: **Paella**

1. **Name of meal:** Paella
2. **Country of origin:** Spain
3. **Continent of origin:** Europe",google/gemma-2-2b-it,40,0.01780538302277433
"Name a meal and provide: 1) Name of meal, 2) Country of origin, 3) Continent of origin","**Meal:** Pad Thai

1. **Name of meal:** Pad Thai
2. **Country of origin:** Thailand
3. **Continent of origin:** Asia (Southeast Asia, specifically Thailand)",google/gemma-2-2b-it,13,0.017391304347826087
"Name a meal and provide: 1) Name of meal, 2) Country of origin, 3) Continent of origin","**Meal:**  Biryani

**1. Name of meal:** Biryani 

**2. Country of Origin:** India

**3. Continent of Origin:** Asia",google/gemma-2-2b-it,70,0.016977225672877846
"Name a meal and provide: 1) Name of meal, 2) Country of origin, 3) Continent of origin","## Meal:  Aloo Gobi

**1) Name of meal:** Aloo Gobi

**2) Country of origin:**  India

**3) Continent of origin:** Asia (specifically South Asia)",google/gemma-2-2b-it,18,0.016977225672877846
"Name a meal and provide: 1) Name of meal, 2) Country of origin, 3) Continent of origin","**Meal:** Paella

1. **Name of meal:**  Paella
2. **Country of origin:** Spain
3. **Continent of origin:** Europe",google/gemma-2-2b-it,51,0.016563146997929608
"Name a meal and provide: 1) Name of meal, 2) Country of origin, 3) Continent of origin","**Meal:** Paella 

1. **Name of meal:** Paella 
2. **Country of origin:** Spain
3. **Continent of origin:** Europe",google/gemma-2-2b-it,50,0.016149068322981366
"Name a meal and provide: 1) Name of meal, 2) Country of origin, 3) Continent of origin","**Meal:** Paella 

1. **Name of meal:** Paella
2. **Country of origin:** Spain 
3. **Continent of origin:** Europe",google/gemma-2-2b-it,9,0.015734989648033125
"Name a meal and provide: 1) Name of meal, 2) Country of origin, 3) Continent of origin","**Meal:** Paella 

1. **Name of meal:** Paella
2. **Country of origin:** Spain 
3. **Continent of origin:** Europe",google/gemma-2-2b-it,4,0.015734989648033125
"Name a meal and provide: 1) Name of meal, 2) Country of origin, 3) Continent of origin","**Meal:** Paella 

1. **Name of meal:** Paella
2. **Country of origin:** Spain
3. **Continent of origin:** Europe",google/gemma-2-2b-it,29,0.015320910973084885
"Name a meal and provide: 1) Name of meal, 2) Country of origin, 3) Continent of origin","**Meal:** Paella 

1. **Name of meal:** Paella
2. **Country of origin:** Spain
3. **Continent of origin:** Europe",google/gemma-2-2b-it,57,0.015320910973084885
"Name a meal and provide: 1) Name of meal, 2) Country of origin, 3) Continent of origin","**Meal:** Paella 

1. **Name of meal:** Paella
2. **Country of origin:** Spain
3. **Continent of origin:** Europe",google/gemma-2-2b-it,55,0.015320910973084885
"Name a meal and provide: 1) Name of meal, 2) Country of origin, 3) Continent of origin","**Meal:** Paella 

1. **Name of meal:** Paella
2. **Country of origin:** Spain
3. **Continent of origin:** Europe",google/gemma-2-2b-it,48,0.015320910973084885
"Name a meal and provide: 1) Name of meal, 2) Country of origin, 3) Continent of origin","**Meal:** Paella 

1. **Name of meal:** Paella
2. **Country of origin:** Spain
3. **Continent of origin:** Europe",google/gemma-2-2b-it,23,0.015320910973084885
"Name a meal and provide: 1) Name of meal, 2) Country of origin, 3) Continent of origin","**Meal:**  Paella 

1. **Name of meal:** Paella
2. **Country of origin:** Spain
3. **Continent of origin:** Europe",google/gemma-2-2b-it,67,0.014906832298136646
"Name a meal and provide: 1) Name of meal, 2) Country of origin, 3) Continent of origin","**Meal:**  Paella 

1. **Name of meal:** Paella
2. **Country of origin:** Spain
3. **Continent of origin:** Europe",google/gemma-2-2b-it,8,0.014906832298136646
"Name a meal and provide: 1) Name of meal, 2) Country of origin, 3) Continent of origin","**Meal:** Sushi 

1. **Name:** Sushi
2. **Country of origin:** Japan
3. **Continent of origin:** Asia",google/gemma-2-2b-it,53,0.014078674948240166
"Name a meal and provide: 1) Name of meal, 2) Country of origin, 3) Continent of origin","**Meal:**  Paella

**1. Meal Name:** Paella

**2. Country of Origin:** Spain

**3. Continent of Origin:** Europe",google/gemma-2-2b-it,60,0.013250517598343685
"Name a meal and provide: 1) Name of meal, 2) Country of origin, 3) Continent of origin","**Meal:** Sushi 

1. **Name of meal:** Sushi
2. **Country of origin:** Japan
3. **Continent of origin:** Asia",google/gemma-2-2b-it,49,0.012836438923395446
"Name a meal and provide: 1) Name of meal, 2) Country of origin, 3) Continent of origin","**Meal:** Sushi 

1. **Name of meal:** Sushi
2. **Country of origin:**  Japan
3. **Continent of origin:** Asia",google/gemma-2-2b-it,69,0.012422360248447204
"Name a meal and provide: 1) Name of meal, 2) Country of origin, 3) Continent of origin","**Meal:**  Pad Thai 

1. **Name of Meal:** Pad Thai
2. **Country of Origin:** Thailand
3. **Continent of Origin:** Asia (Specifically Southeast Asia)",google/gemma-2-2b-it,47,0.012422360248447204
"Name a meal and provide: 1) Name of meal, 2) Country of origin, 3) Continent of origin","**Meal:** Paella

**1. Name of meal:** Paella

**2. Country of Origin:** Spain

**3. Continent of Origin:** Europe",google/gemma-2-2b-it,33,0.012422360248447204
"Name a meal and provide: 1) Name of meal, 2) Country of origin, 3) Continent of origin","Meal: **Paella**

1. **Name of meal:** Paella
2. **Country of origin:** Spain 
3. **Continent of origin:** Europe",google/gemma-2-2b-it,73,0.011594202898550725
"Name a meal and provide: 1) Name of meal, 2) Country of origin, 3) Continent of origin","**Meal:** Paella

**1. Name of Meal:** Paella

**2. Country of origin:** Spain

**3. Continent of origin:** Europe",google/gemma-2-2b-it,58,0.011180124223602485
"Name a meal and provide: 1) Name of meal, 2) Country of origin, 3) Continent of origin","**Meal:** Pad Thai

**1. Name of meal:** Pad Thai

**2. Country of origin:** Thailand

**3. Continent of origin:** Asia",google/gemma-2-2b-it,39,0.011180124223602485
"Name a meal and provide: 1) Name of meal, 2) Country of origin, 3) Continent of origin","**Meal:** Pad Thai

**1. Name of meal:** Pad Thai

**2. Country of origin:** Thailand

**3. Continent of origin:** Asia",google/gemma-2-2b-it,37,0.011180124223602485
"Name a meal and provide: 1) Name of meal, 2) Country of origin, 3) Continent of origin","**Meal:** Paella

**1. Country of Origin:** Spain

**2. Continent of Origin:** Europe 

Let me know if you'd like to know about another delicious meal! 🍲",google/gemma-2-2b-it,22,0.011180124223602485
"Name a meal and provide: 1) Name of meal, 2) Country of origin, 3) Continent of origin","**Meal:** Paella

**1. Name of Meal:** Paella

**2. Country of Origin:** Spain

**3. Continent of Origin:** Europe",google/gemma-2-2b-it,72,0.010766045548654244
"Name a meal and provide: 1) Name of meal, 2) Country of origin, 3) Continent of origin","**Meal:**  Lasagna

**1. Country of Origin:** Italy

**2. Continent of Origin:** Europe",google/gemma-2-2b-it,68,0.010351966873706004
"Name a meal and provide: 1) Name of meal, 2) Country of origin, 3) Continent of origin","## Meal:  Pad Thai

1. **Name of Meal:** Pad Thai
2. **Country of Origin:** Thailand
3. **Continent of Origin:** Southeast Asia",google/gemma-2-2b-it,24,0.010351966873706004
"Name a meal and provide: 1) Name of meal, 2) Country of origin, 3) Continent of origin","**Meal:** Paella

**1. Name of Meal:** Paella 

**2. Country of Origin:** Spain

**3. Continent of Origin:** Europe",google/gemma-2-2b-it,31,0.010351966873706004
"Name a meal and provide: 1) Name of meal, 2) Country of origin, 3) Continent of origin","**Meal:**  Pad Thai

**1. Name of meal:** Pad Thai

**2. Country of origin:** Thailand

**3. Continent of origin:** Asia (Southeast Asia)",google/gemma-2-2b-it,21,0.009109730848861283
"Name a meal and provide: 1) Name of meal, 2) Country of origin, 3) Continent of origin","**Meal:**  Pad Thai

1. **Name of meal:** Pad Thai
2. **Country of origin:** Thailand
3. **Continent of origin:** Asia",google/gemma-2-2b-it,16,0.009109730848861283
"Name a meal and provide: 1) Name of meal, 2) Country of origin, 3) Continent of origin","**Meal:** Pad Thai

1. **Name of meal:** Pad Thai
2. **Country of origin:** Thailand
3. **Continent of origin:** Asia",google/gemma-2-2b-it,45,0.008695652173913044
"Name a meal and provide: 1) Name of meal, 2) Country of origin, 3) Continent of origin","Here's a meal with its details:

1. **Meal:**  Paella
2. **Country of origin:** Spain 
3. **Continent of origin:** Europe 

Let me know if you would like to explore some other cuisines!",google/gemma-2-2b-it,64,0.007867494824016562
"Name a meal and provide: 1) Name of meal, 2) Country of origin, 3) Continent of origin","## Meal:  Pad Thai

1. **Name of meal:** Pad Thai
2. **Country of origin:** Thailand 
3. **Continent of origin:** Asia 


Let me know if you'd like to try another one! 🥢 🍲 😊",google/gemma-2-2b-it,59,0.007867494824016562
"Name a meal and provide: 1) Name of meal, 2) Country of origin, 3) Continent of origin","**Meal:** Pad See Ew

**1) Name of meal:** Pad See Ew 

**2) Country of origin:** Thailand

**3) Continent of origin:** Asia",google/gemma-2-2b-it,44,0.007453416149068323
"Name a meal and provide: 1) Name of meal, 2) Country of origin, 3) Continent of origin","**Meal:** Pad Thai

**1. Name of Meal:** Pad Thai

**2. Country of origin:** Thailand

**3. Continent of origin:** Asia",google/gemma-2-2b-it,25,0.007039337474120083
"Name a meal and provide: 1) Name of meal, 2) Country of origin, 3) Continent of origin","**Meal:**  Pad Thai

**1. Name of Meal:** Pad Thai

**2. Country of Origin:** Thailand 

**3. Continent of Origin:** Asia",google/gemma-2-2b-it,27,0.006625258799171843
"Name a meal and provide: 1) Name of meal, 2) Country of origin, 3) Continent of origin","**Meal:**   Paella

1. **Name of meal:** Paella
2. **Country of origin:** Spain
3. **Continent of origin:** Europe 
 
Let me know if you'd like to know the origins of another meal! 🍲",google/gemma-2-2b-it,42,0.006211180124223602
"Name a meal and provide: 1) Name of meal, 2) Country of origin, 3) Continent of origin","**Meal:** Pad Thai 

1. **Name of meal:** Pad Thai 
2. **Country of origin:** Thailand
3. **Continent of origin:** Asia 


Let me know if you'd like to know about another delicious dish! 🍲",google/gemma-2-2b-it,15,0.004554865424430642
"Name a meal and provide: 1) Name of meal, 2) Country of origin, 3) Continent of origin","**Meal:** Paella 

1. **Name of meal:** Paella
2. **Country of origin:** Spain 
3. **Continent of origin:** Europe 


Let me know if you'd like to explore another delicious dish from around the world! 🌎 🍲",google/gemma-2-2b-it,62,0.004554865424430642
"Name a meal and provide: 1) Name of meal, 2) Country of origin, 3) Continent of origin","## Meal: Pad Thai

1. **Name of meal:** Pad Thai
2. **Country of origin:** Thailand
3. **Continent of origin:** Asia 


Let me know if you'd like other food trivia! 🌏🍽️",google/gemma-2-2b-it,12,0.0037267080745341614
"Name a meal and provide: 1) Name of meal, 2) Country of origin, 3) Continent of origin","**Meal:** Sushi

1. **Name:** Sushi
2. **Country of origin:** Japan (though it originated in Southeast Asia)
3. **Continent of origin:** Asia 
 
Let me know if you'd like to know about another meal! 🍣 🌎",google/gemma-2-2b-it,79,0.0033126293995859213
"Name a meal and provide: 1) Name of meal, 2) Country of origin, 3) Continent of origin","**Meal:** Tacos

**1. Country of origin:** Mexico

**2. Continent of origin:** North America",google/gemma-2-2b-it,41,0.002484472049689441
"Name a meal and provide: 1) Name of meal, 2) Country of origin, 3) Continent of origin","**Meal:** Tacos 🌮

1. **Name of meal:** Tacos
2. **Country of origin:** Mexico 🇲🇽
3. **Continent of origin:** North America 🗺️ 

Let me know if you'd like to try another delicious meal! 😊",google/gemma-2-2b-it,14,0.002070393374741201
"Name a meal and provide: 1) Name of meal, 2) Country of origin, 3) Continent of origin","## Meal:  Tacos

1. **Name of Meal:** Tacos
2. **Country of Origin:** Mexico 
3. **Continent of Origin:** North America 
 
Let me know if you'd like to try another one! 🌮",google/gemma-2-2b-it,20,0.0016563146997929607
"Name a meal and provide: 1) Name of meal, 2) Country of origin, 3) Continent of origin","**Meal:** Tacos

**1) Name of meal:** Tacos

**2) Country of origin:** Mexico

**3) Continent of origin:** North America",google/gemma-2-2b-it,56,0.0012422360248447205
"Name a meal and provide: 1) Name of meal, 2) Country of origin, 3) Continent of origin","**Meal:**  Tacos

**1. Name of Meal:** Tacos
**2. Country of Origin:** Mexico
**3. Continent of Origin:** North America",google/gemma-2-2b-it,5,0.0008281573498964803
"Name a meal and provide: 1) Name of meal, 2) Country of origin, 3) Continent of origin","## Meal: **Taco**

1. **Name of meal:** Taco
2. **Country of origin:** Mexico
3. **Continent of origin:** North America",google/gemma-2-2b-it,10,0.00041407867494824016
"Name a meal and provide: 1) Name of meal, 2) Country of origin, 3) Continent of origin","## Meal: **Chili**

1. **Name of meal:** Chili
2. **Country of origin:** Mexico
3. **Continent of origin:** North America",google/gemma-2-2b-it,30,0.0
"Name one traditional dish and provide: 1) Name of dish, 2) Country of origin, 3) Continent of origin","## Dish:  Pasta Carbonara

**1. Name of dish:** Pasta Carbonara

**2. Country of origin:** Italy 

**3. Continent of origin:** Europe",google/gemma-2-2b-it,64,0.03272939801285798
"Name one traditional dish and provide: 1) Name of dish, 2) Country of origin, 3) Continent of origin","## Dish: Biryani

**1) Name of dish:** Biryani
**2) Country of origin:** India
**3) Continent of origin:** Asia",google/gemma-2-2b-it,78,0.03272939801285798
"Name one traditional dish and provide: 1) Name of dish, 2) Country of origin, 3) Continent of origin","## Dish:  Pasta Carbonara

**1. Name of Dish:** Pasta Carbonara

**2. Country of Origin:** Italy

**3. Continent of Origin:** Europe",google/gemma-2-2b-it,10,0.032144944476914086
"Name one traditional dish and provide: 1) Name of dish, 2) Country of origin, 3) Continent of origin","## Dish: Paella 

1. **Name of dish:** Paella
2. **Country of origin:** Spain
3. **Continent of origin:** Europe 

Paella is a classic rice dish originating from the region of Valencia in Spain.",google/gemma-2-2b-it,15,0.030976037405026302
"Name one traditional dish and provide: 1) Name of dish, 2) Country of origin, 3) Continent of origin","**Dish:** Carbonara 

**Country of origin:** Italy 

**Continent of origin:** Europe",google/gemma-2-2b-it,20,0.030391583869082407
"Name one traditional dish and provide: 1) Name of dish, 2) Country of origin, 3) Continent of origin","**Dish:** Paella 

**2) Country of origin:** Spain

**3) Continent of origin:** Europe",google/gemma-2-2b-it,21,0.029807130333138514
"Name one traditional dish and provide: 1) Name of dish, 2) Country of origin, 3) Continent of origin","**Dish:**  Paella

**2) Country of origin:** Spain

**3) Continent of origin:** Europe",google/gemma-2-2b-it,76,0.029222676797194622
"Name one traditional dish and provide: 1) Name of dish, 2) Country of origin, 3) Continent of origin","**Dish:** Paella

**2) Country of origin:** Spain 

**3) Continent of origin:** Europe",google/gemma-2-2b-it,26,0.02863822326125073
"Name one traditional dish and provide: 1) Name of dish, 2) Country of origin, 3) Continent of origin","**Dish:** Pasta Carbonara 

**Country of origin:** Italy

**Continent of origin:** Europe",google/gemma-2-2b-it,58,0.02863822326125073
"Name one traditional dish and provide: 1) Name of dish, 2) Country of origin, 3) Continent of origin","**Dish:**  Paella 

**Country of origin:** Spain

**Continent of origin:** Europe",google/gemma-2-2b-it,44,0.02863822326125073
"Name one traditional dish and provide: 1) Name of dish, 2) Country of origin, 3) Continent of origin","**Dish:**  Paella

**Country of origin:** Spain

**Continent of origin:** Europe",google/gemma-2-2b-it,28,0.028053769725306838
"Name one traditional dish and provide: 1) Name of dish, 2) Country of origin, 3) Continent of origin","**Dish:**  Paella

**Country of origin:** Spain

**Continent of origin:** Europe",google/gemma-2-2b-it,5,0.028053769725306838
"Name one traditional dish and provide: 1) Name of dish, 2) Country of origin, 3) Continent of origin","**Dish:**  Paella

**Country of origin:** Spain

**Continent of origin:** Europe",google/gemma-2-2b-it,46,0.028053769725306838
"Name one traditional dish and provide: 1) Name of dish, 2) Country of origin, 3) Continent of origin","**Dish:**  Paella

**Country of origin:** Spain

**Continent of origin:** Europe",google/gemma-2-2b-it,47,0.028053769725306838
"Name one traditional dish and provide: 1) Name of dish, 2) Country of origin, 3) Continent of origin","**Dish:**  Paella

**Country of origin:** Spain

**Continent of origin:** Europe",google/gemma-2-2b-it,35,0.028053769725306838
"Name one traditional dish and provide: 1) Name of dish, 2) Country of origin, 3) Continent of origin","**Dish:** Paella 

**Country of origin:** Spain

**Continent of origin:** Europe",google/gemma-2-2b-it,66,0.027469316189362946
"Name one traditional dish and provide: 1) Name of dish, 2) Country of origin, 3) Continent of origin","**Dish:** Paella 

**Country of origin:** Spain

**Continent of origin:** Europe",google/gemma-2-2b-it,13,0.027469316189362946
"Name one traditional dish and provide: 1) Name of dish, 2) Country of origin, 3) Continent of origin","**Dish:** Paella 

**Country of origin:** Spain

**Continent of origin:** Europe",google/gemma-2-2b-it,8,0.027469316189362946
"Name one traditional dish and provide: 1) Name of dish, 2) Country of origin, 3) Continent of origin","**Dish:** Paella 

**Country of origin:** Spain

**Continent of origin:** Europe",google/gemma-2-2b-it,34,0.027469316189362946
"Name one traditional dish and provide: 1) Name of dish, 2) Country of origin, 3) Continent of origin","**Dish:** Paella

**Country of origin:** Spain

**Continent of origin:** Europe",google/gemma-2-2b-it,67,0.026884862653419054
"Name one traditional dish and provide: 1) Name of dish, 2) Country of origin, 3) Continent of origin","**Dish:** Paella

**Country of origin:** Spain

**Continent of origin:** Europe",google/gemma-2-2b-it,68,0.026884862653419054
"Name one traditional dish and provide: 1) Name of dish, 2) Country of origin, 3) Continent of origin","**Dish:** Paella

**Country of origin:** Spain

**Continent of origin:** Europe",google/gemma-2-2b-it,24,0.026884862653419054
"Name one traditional dish and provide: 1) Name of dish, 2) Country of origin, 3) Continent of origin","**Dish:** Paella

**Country of origin:** Spain

**Continent of origin:** Europe",google/gemma-2-2b-it,11,0.026884862653419054
"Name one traditional dish and provide: 1) Name of dish, 2) Country of origin, 3) Continent of origin","**Dish:** Paella

**Country of origin:** Spain

**Continent of origin:** Europe",google/gemma-2-2b-it,43,0.026884862653419054
"Name one traditional dish and provide: 1) Name of dish, 2) Country of origin, 3) Continent of origin","**Dish:**  Paella
**Country of Origin:** Spain
**Continent of Origin:** Europe",google/gemma-2-2b-it,18,0.026300409117475162
"Name one traditional dish and provide: 1) Name of dish, 2) Country of origin, 3) Continent of origin","**Dish:** Paella 

**Country of Origin:** Spain
**Continent of Origin:** Europe",google/gemma-2-2b-it,6,0.02571595558153127
"Name one traditional dish and provide: 1) Name of dish, 2) Country of origin, 3) Continent of origin","**Dish:** Paella 

**Country of Origin:** Spain

**Continent of Origin:** Europe",google/gemma-2-2b-it,59,0.025131502045587374
"Name one traditional dish and provide: 1) Name of dish, 2) Country of origin, 3) Continent of origin","**Dish:** Paella 

**Country of Origin:** Spain

**Continent of Origin:** Europe",google/gemma-2-2b-it,50,0.025131502045587374
"Name one traditional dish and provide: 1) Name of dish, 2) Country of origin, 3) Continent of origin","**Dish:** Paella 

**Country of Origin:** Spain

**Continent of Origin:** Europe",google/gemma-2-2b-it,33,0.025131502045587374
"Name one traditional dish and provide: 1) Name of dish, 2) Country of origin, 3) Continent of origin","**Dish:** Paella

**Country of Origin:** Spain

**Continent of Origin:** Europe",google/gemma-2-2b-it,29,0.024547048509643482
"Name one traditional dish and provide: 1) Name of dish, 2) Country of origin, 3) Continent of origin","**Dish:** Paella

**Country of Origin:** Spain

**Continent of Origin:** Europe",google/gemma-2-2b-it,25,0.024547048509643482
"Name one traditional dish and provide: 1) Name of dish, 2) Country of origin, 3) Continent of origin","**Dish:** Paella

**Country of Origin:** Spain

**Continent of Origin:** Europe",google/gemma-2-2b-it,57,0.024547048509643482
"Name one traditional dish and provide: 1) Name of dish, 2) Country of origin, 3) Continent of origin","**Dish:** Paella

**Country of Origin:** Spain

**Continent of Origin:** Europe",google/gemma-2-2b-it,4,0.024547048509643482
"Name one traditional dish and provide: 1) Name of dish, 2) Country of origin, 3) Continent of origin","**Dish:** Paella

**Country of Origin:** Spain

**Continent of Origin:** Europe",google/gemma-2-2b-it,16,0.024547048509643482
"Name one traditional dish and provide: 1) Name of dish, 2) Country of origin, 3) Continent of origin","##  Dish: Paella 

1. **Name of dish:** Paella 
2. **Country of origin:** Spain
3. **Continent of origin:** Europe",google/gemma-2-2b-it,48,0.022209234365867914
"Name one traditional dish and provide: 1) Name of dish, 2) Country of origin, 3) Continent of origin","## Dish: Paella

1. **Name of dish:** Paella
2. **Country of origin:** Spain
3. **Continent of origin:** Europe",google/gemma-2-2b-it,53,0.02162478082992402
"Name one traditional dish and provide: 1) Name of dish, 2) Country of origin, 3) Continent of origin","## Dish: Paella

1. **Name of dish:** Paella
2. **Country of origin:** Spain
3. **Continent of origin:** Europe",google/gemma-2-2b-it,41,0.02162478082992402
"Name one traditional dish and provide: 1) Name of dish, 2) Country of origin, 3) Continent of origin","## Dish: Paella

1. **Name of dish:** Paella
2. **Country of origin:** Spain
3. **Continent of origin:** Europe",google/gemma-2-2b-it,17,0.02162478082992402
"Name one traditional dish and provide: 1) Name of dish, 2) Country of origin, 3) Continent of origin","**Dish:** paella

**Country of origin:** Spain

**Continent of origin:** Europe",google/gemma-2-2b-it,30,0.02104032729398013
"Name one traditional dish and provide: 1) Name of dish, 2) Country of origin, 3) Continent of origin","## Dish: Paella 

1. **Name of dish:** Paella
2. **Country of origin:** Spain
3. **Continent of origin:** Europe",google/gemma-2-2b-it,62,0.02104032729398013
"Name one traditional dish and provide: 1) Name of dish, 2) Country of origin, 3) Continent of origin","## Dish: Paella 

1. **Name of dish:** Paella
2. **Country of origin:** Spain
3. **Continent of origin:** Europe",google/gemma-2-2b-it,73,0.02104032729398013
"Name one traditional dish and provide: 1) Name of dish, 2) Country of origin, 3) Continent of origin","**Dish:** Pasta Carbonara

**Country of Origin:** Italy

**Continent of Origin:** Europe",google/gemma-2-2b-it,22,0.02104032729398013
"Name one traditional dish and provide: 1) Name of dish, 2) Country of origin, 3) Continent of origin","##  Dish: Paella

1. **Name of dish:** Paella
2. **Country of origin:** Spain
3. **Continent of origin:** Europe",google/gemma-2-2b-it,71,0.020455873758036237
"Name one traditional dish and provide: 1) Name of dish, 2) Country of origin, 3) Continent of origin","## Dish: Paella

1. **Dish Name:** Paella
2. **Country of Origin:** Spain
3. **Continent of Origin:** Europe",google/gemma-2-2b-it,70,0.019871420222092345
"Name one traditional dish and provide: 1) Name of dish, 2) Country of origin, 3) Continent of origin","## Dish: Paella

**1. Name of dish:** Paella

**2. Country of origin:** Spain

**3. Continent of origin:** Europe",google/gemma-2-2b-it,3,0.019871420222092345
"Name one traditional dish and provide: 1) Name of dish, 2) Country of origin, 3) Continent of origin","## Dish: Paella 

1. **Name:** Paella
2. **Country of Origin:** Spain
3. **Continent of origin:** Europe",google/gemma-2-2b-it,55,0.019871420222092345
"Name one traditional dish and provide: 1) Name of dish, 2) Country of origin, 3) Continent of origin","## Dish: **Paella** 

1. **Name of dish:** Paella
2. **Country of origin:** Spain
3. **Continent of origin:** Europe",google/gemma-2-2b-it,65,0.018702513150204558
"Name one traditional dish and provide: 1) Name of dish, 2) Country of origin, 3) Continent of origin","## Dish: **Paella** 

1. **Name of dish:** Paella
2. **Country of origin:** Spain
3. **Continent of origin:** Europe",google/gemma-2-2b-it,12,0.018702513150204558
"Name one traditional dish and provide: 1) Name of dish, 2) Country of origin, 3) Continent of origin","## Dish Name:  Paella 

1. **Name of dish:** Paella
2. **Country of origin:** Spain
3. **Continent of origin:** Europe",google/gemma-2-2b-it,36,0.018702513150204558
"Name one traditional dish and provide: 1) Name of dish, 2) Country of origin, 3) Continent of origin","## Dish: **Paella**

1. **Name of Dish:** Paella 
2. **Country of origin:** Spain
3. **Continent of origin:** Europe",google/gemma-2-2b-it,9,0.017533606078316773
"Name one traditional dish and provide: 1) Name of dish, 2) Country of origin, 3) Continent of origin","## Dish: **Paella**

1. **Name of dish:** Paella
2. **Country of Origin:** Spain
3. **Continent of Origin:** Europe",google/gemma-2-2b-it,1,0.017533606078316773
"Name one traditional dish and provide: 1) Name of dish, 2) Country of origin, 3) Continent of origin","##dish: Paella

**2) Country of origin:** Spain

**3) Continent of origin:** Europe",google/gemma-2-2b-it,63,0.01636469900642899
"Name one traditional dish and provide: 1) Name of dish, 2) Country of origin, 3) Continent of origin","## Dish: **Paella**

1. **Name of dish:** Paella
2. **Country of Origin:** Spain
3. **Continent of Origin:** Europe (specifically Spain) 

Paella is a rice dish often associated with the Spanish region of Valencia.",google/gemma-2-2b-it,27,0.015780245470485097
"Name one traditional dish and provide: 1) Name of dish, 2) Country of origin, 3) Continent of origin","## Dish: ** Paella**

1. **Name of dish:** Paella
2. **Country of origin:** Spain
3. **Continent of origin:** Europe",google/gemma-2-2b-it,0,0.014611338398597311
"Name one traditional dish and provide: 1) Name of dish, 2) Country of origin, 3) Continent of origin","**Dish:** Paella 

**1) Name of dish:** Paella 

**2) Country of origin:** Spain 

**3) Continent of origin:** Europe",google/gemma-2-2b-it,38,0.014611338398597311
"Name one traditional dish and provide: 1) Name of dish, 2) Country of origin, 3) Continent of origin","**Dish:**  Paella 

**1) Name of dish:** Paella

**2) Country of origin:** Spain

**3) Continent of origin:** Europe",google/gemma-2-2b-it,40,0.014026884862653419
"Name one traditional dish and provide: 1) Name of dish, 2) Country of origin, 3) Continent of origin","**Dish:** Coq au Vin

**Country of Origin:** France

**Continent of Origin:** Europe",google/gemma-2-2b-it,75,0.014026884862653419
"Name one traditional dish and provide: 1) Name of dish, 2) Country of origin, 3) Continent of origin","Here's one:

**Dish:** Paella
**Country of Origin:** Spain
**Continent of Origin:** Europe",google/gemma-2-2b-it,23,0.013442431326709527
"Name one traditional dish and provide: 1) Name of dish, 2) Country of origin, 3) Continent of origin","**dish:** Ramen

**Country of origin:** Japan

**Continent of origin:** Asia",google/gemma-2-2b-it,2,0.012273524254821741
"Name one traditional dish and provide: 1) Name of dish, 2) Country of origin, 3) Continent of origin","## Dish: Pad Thai 

1. **Name of Dish:** Pad Thai
2. **Country of Origin:** Thailand
3. **Continent of Origin:** Asia",google/gemma-2-2b-it,37,0.011689070718877849
"Name one traditional dish and provide: 1) Name of dish, 2) Country of origin, 3) Continent of origin","**Dish:** Moussaka

**Country of Origin:** Greece 

**Continent of Origin:** Europe",google/gemma-2-2b-it,72,0.010520163646990065
"Name one traditional dish and provide: 1) Name of dish, 2) Country of origin, 3) Continent of origin","**Dish:**  Paella 

**1) Name of dish:**  Paella 
**2) Country of origin:** Spain
**3) Continent of origin:** Europe 


Let me know if you'd like to try another one!",google/gemma-2-2b-it,77,0.009935710111046173
"Name one traditional dish and provide: 1) Name of dish, 2) Country of origin, 3) Continent of origin","## Dish:  Paella 

1. **Name of dish:** Paella
2. **Country of origin:** Spain
3. **Continent of origin:** Europe 
 
Let me know if you'd like to know another traditional dish! 😊",google/gemma-2-2b-it,39,0.009935710111046173
"Name one traditional dish and provide: 1) Name of dish, 2) Country of origin, 3) Continent of origin","## Dish: **Sushi**

1. **Name of Dish:** Sushi
2. **Country of Origin:** Japan
3. **Continent of Origin:** Asia",google/gemma-2-2b-it,7,0.009351256575102279
"Name one traditional dish and provide: 1) Name of dish, 2) Country of origin, 3) Continent of origin","## Dish:  Lasagna

**1) Name of dish:** Lasagna
**2) Country of origin:** Italy
**3) Continent of origin:** Europe",google/gemma-2-2b-it,51,0.009351256575102279
"Name one traditional dish and provide: 1) Name of dish, 2) Country of origin, 3) Continent of origin","Here's one dish and its attributes:

**Dish:**  Biryani
**Country of Origin:** India
**Continent of Origin:** Asia",google/gemma-2-2b-it,54,0.008766803039158387
"Name one traditional dish and provide: 1) Name of dish, 2) Country of origin, 3) Continent of origin","## Dish: ** paella**

1. **Name of dish:** Paella
2. **Country of origin:** Spain
3. **Continent of origin:** Europe 

Let me know if you'd like some other dish facts!",google/gemma-2-2b-it,49,0.008766803039158387
"Name one traditional dish and provide: 1) Name of dish, 2) Country of origin, 3) Continent of origin","**Dish:** Lasagna 

**Country of origin:** Italy 

**Continent of origin:** Europe",google/gemma-2-2b-it,60,0.0070134424313267095
"Name one traditional dish and provide: 1) Name of dish, 2) Country of origin, 3) Continent of origin","## Dish: Bolognese

**1) Name of dish:** Bolognese

**2) Country of origin:** Italy 

**3) Continent of origin:** Europe",google/gemma-2-2b-it,19,0.0070134424313267095
"Name one traditional dish and provide: 1) Name of dish, 2) Country of origin, 3) Continent of origin","## Dish: Paella

**1. Name of dish:** Paella

**2. Country of origin:** Spain

**3. Continent of origin:** Europe (Specifically, Spain)",google/gemma-2-2b-it,31,0.006428988895382817
"Name one traditional dish and provide: 1) Name of dish, 2) Country of origin, 3) Continent of origin","**Dish:**  Lasagna

**2) Country of Origin:** Italy

**3) Continent of Origin:** Europe",google/gemma-2-2b-it,45,0.006428988895382817
"Name one traditional dish and provide: 1) Name of dish, 2) Country of origin, 3) Continent of origin","Here's a dish with its origin information:

**Dish:** Sushi 
**Country of origin:** Japan
**Continent of origin:** Asia",google/gemma-2-2b-it,79,0.0058445353594389245
"Name one traditional dish and provide: 1) Name of dish, 2) Country of origin, 3) Continent of origin","## Dish:  Chicken Tikka Masala

1. **Name of dish:** Chicken Tikka Masala
2. **Country of origin:**  Pakistan
3. **Continent of origin:** Asia 

Let me know if you'd like to try another one!",google/gemma-2-2b-it,14,0.005260081823495032
"Name one traditional dish and provide: 1) Name of dish, 2) Country of origin, 3) Continent of origin","**Dish:** Lasagna

**Country of Origin:** Italy 

**Continent of Origin:** Europe",google/gemma-2-2b-it,74,0.005260081823495032
"Name one traditional dish and provide: 1) Name of dish, 2) Country of origin, 3) Continent of origin","##  Dish: Lasagna 

1. **Name of dish:** Lasagna
2. **Country of origin:** Italy
3. **Continent of origin:** Europe",google/gemma-2-2b-it,32,0.005260081823495032
"Name one traditional dish and provide: 1) Name of dish, 2) Country of origin, 3) Continent of origin","## Dish:  Lasagna 

1. **Name of dish:** Lasagna
2. **Country of origin:** Italy 
3. **Continent of origin:** Europe",google/gemma-2-2b-it,52,0.004675628287551139
"Name one traditional dish and provide: 1) Name of dish, 2) Country of origin, 3) Continent of origin","##  Dish:  Lasagna 

1. **Name of dish:** Lasagna
2. **Country of origin:** Italy
3. **Continent of origin:** Europe",google/gemma-2-2b-it,56,0.004091174751607247
"Name one traditional dish and provide: 1) Name of dish, 2) Country of origin, 3) Continent of origin","**Dish:**  Tacos

**2) Country of origin:** Mexico

**3) Continent of origin:** North America 


Let me know if you'd like another traditional dish!",google/gemma-2-2b-it,69,0.0011689070718877848
"Name one traditional dish and provide: 1) Name of dish, 2) Country of origin, 3) Continent of origin","## Dish:  Tacos

**1. Name of dish:** Tacos

**2. Country of origin:** Mexico

**3. Continent of origin:** North America",google/gemma-2-2b-it,42,0.0005844535359438924
"Name one traditional dish and provide: 1) Name of dish, 2) Country of origin, 3) Continent of origin","## Dish:   **Tacos**

* **Country of Origin:** Mexico
* **Continent of Origin:** North America 

Let me know if you'd like to learn about another traditional dish! 🌮",google/gemma-2-2b-it,61,0.0
"State one about a popular meal and provide: 1) Name of meal, 2) Country of origin, 3) Continent of origin","**Meal:**  Peking Duck

**2) Country of origin:**  China

**3) Continent of origin:**  Asia",google/gemma-2-2b-it,59,0.02774327122153209
"State one about a popular meal and provide: 1) Name of meal, 2) Country of origin, 3) Continent of origin","**Meal:** Paella 

**Country of origin:** Spain

**Continent of origin:** Europe",google/gemma-2-2b-it,24,0.02650103519668737
"State one about a popular meal and provide: 1) Name of meal, 2) Country of origin, 3) Continent of origin","## Meal: Ramen

**1) Name of meal:** Ramen

**2) Country of origin:** Japan

**3) Continent of origin:** Asia  (East Asia)",google/gemma-2-2b-it,25,0.02650103519668737
"State one about a popular meal and provide: 1) Name of meal, 2) Country of origin, 3) Continent of origin","**Meal:** Sushi 

**2) Country of origin:** Japan 

**3) Continent of origin:** Asia",google/gemma-2-2b-it,17,0.02650103519668737
"State one about a popular meal and provide: 1) Name of meal, 2) Country of origin, 3) Continent of origin","**Meal:** Pasta Carbonara

**1. Country of origin:** Italy

**2. Continent of origin:** Europe",google/gemma-2-2b-it,55,0.02567287784679089
"State one about a popular meal and provide: 1) Name of meal, 2) Country of origin, 3) Continent of origin","**Meal:** Spaghetti alla carbonara

**Country of origin:** Italy

**Continent of origin:** Europe",google/gemma-2-2b-it,75,0.02567287784679089
"State one about a popular meal and provide: 1) Name of meal, 2) Country of origin, 3) Continent of origin","**Name:** Pad Thai 

**Country of origin:** Thailand

**Continent of origin:** Asia (specifically Southeast Asia)",google/gemma-2-2b-it,29,0.02525879917184265
"State one about a popular meal and provide: 1) Name of meal, 2) Country of origin, 3) Continent of origin","**Meal:** Paella 

**2) Country of origin:**  Spain

**3) Continent of origin:** Europe",google/gemma-2-2b-it,51,0.02525879917184265
"State one about a popular meal and provide: 1) Name of meal, 2) Country of origin, 3) Continent of origin","**Meal:** Paella 

**2) Country of origin:** Spain

**3) Continent of origin:** Europe",google/gemma-2-2b-it,15,0.024844720496894408
"State one about a popular meal and provide: 1) Name of meal, 2) Country of origin, 3) Continent of origin","**Meal:** Pad Thai

**Country of origin:** Thailand

**Continent of origin:** Asia",google/gemma-2-2b-it,34,0.024844720496894408
"State one about a popular meal and provide: 1) Name of meal, 2) Country of origin, 3) Continent of origin","**Meal:** Pad Thai

**1.** **Country of origin:** Thailand 

**2.** **Continent of origin:** Asia",google/gemma-2-2b-it,14,0.02401656314699793
"State one about a popular meal and provide: 1) Name of meal, 2) Country of origin, 3) Continent of origin","## **Name:** Pad Thai 

## **Country of Origin:** Thailand 

## **Continent of Origin:** Asia",google/gemma-2-2b-it,56,0.02360248447204969
"State one about a popular meal and provide: 1) Name of meal, 2) Country of origin, 3) Continent of origin","**Meal:** Sushi
**Country of origin:** Japan
**Continent of origin:** Asia",google/gemma-2-2b-it,20,0.02318840579710145
"State one about a popular meal and provide: 1) Name of meal, 2) Country of origin, 3) Continent of origin","##  Meal: Spaghetti Carbonara

**1) Name of meal:** Spaghetti Carbonara

**2) Country of origin:** Italy

**3) Continent of origin:** Europe (Italy is located in the Southern part of Europe)",google/gemma-2-2b-it,47,0.022774327122153208
"State one about a popular meal and provide: 1) Name of meal, 2) Country of origin, 3) Continent of origin","**Meal:**  Sushi

**Country of origin:** Japan

**Continent of origin:** Asia",google/gemma-2-2b-it,22,0.022774327122153208
"State one about a popular meal and provide: 1) Name of meal, 2) Country of origin, 3) Continent of origin","**Meal:** Pad Thai

**Country of Origin:**  Thailand

**Continent:** Asia",google/gemma-2-2b-it,64,0.02236024844720497
"State one about a popular meal and provide: 1) Name of meal, 2) Country of origin, 3) Continent of origin","**Meal:**  Pasta Carbonara
**Country of origin:** Italy
**Continent of origin:** Europe",google/gemma-2-2b-it,58,0.02236024844720497
"State one about a popular meal and provide: 1) Name of meal, 2) Country of origin, 3) Continent of origin","**Meal:** Sushi

**Country of origin:** Japan

**Continent of origin:** Asia",google/gemma-2-2b-it,44,0.02236024844720497
"State one about a popular meal and provide: 1) Name of meal, 2) Country of origin, 3) Continent of origin","**Meal:** Pasta Carbonara

**Country of origin:** Italy

**Continent of origin:** Europe",google/gemma-2-2b-it,65,0.02194616977225673
"State one about a popular meal and provide: 1) Name of meal, 2) Country of origin, 3) Continent of origin","**Meal:**  Sushi
**Country of origin:** Japan
**Continent of origin:** Asia",google/gemma-2-2b-it,30,0.02194616977225673
"State one about a popular meal and provide: 1) Name of meal, 2) Country of origin, 3) Continent of origin","##  Meal: Paella

**1) Name of meal:** Paella 

**2) Country of origin:** Spain

**3) Continent of origin:** Europe",google/gemma-2-2b-it,0,0.02194616977225673
"State one about a popular meal and provide: 1) Name of meal, 2) Country of origin, 3) Continent of origin","**Meal:** Pasta Carbonara

**Country of Origin:** Italy

**Continent of Origin:** Europe",google/gemma-2-2b-it,50,0.020703933747412008
"State one about a popular meal and provide: 1) Name of meal, 2) Country of origin, 3) Continent of origin","**Meal:** Pasta carbonara 

**2) Country of origin:** Italy

**3) Continent of origin:** Europe 


Let me know if you'd like to know more about this popular dish!",google/gemma-2-2b-it,79,0.018633540372670808
"State one about a popular meal and provide: 1) Name of meal, 2) Country of origin, 3) Continent of origin","**Meal:** Pasta Bolognese

**1. Country of origin:** Italy

**2. Continent of origin:** Europe",google/gemma-2-2b-it,43,0.018219461697722567
"State one about a popular meal and provide: 1) Name of meal, 2) Country of origin, 3) Continent of origin","**Meal:** Sushi

**Country of Origin:** Japan

**Continent of Origin:** Asia",google/gemma-2-2b-it,7,0.01780538302277433
"State one about a popular meal and provide: 1) Name of meal, 2) Country of origin, 3) Continent of origin","**Meal:** Paella 

**1) Name of the meal:** Paella

**2) Country of origin:** Spain

**3) Continent of origin:** Europe",google/gemma-2-2b-it,53,0.01780538302277433
"State one about a popular meal and provide: 1) Name of meal, 2) Country of origin, 3) Continent of origin","**Meal:** Lasagna 

**2) Country of origin:** Italy 

**3) Continent of origin:** Europe",google/gemma-2-2b-it,37,0.017391304347826087
"State one about a popular meal and provide: 1) Name of meal, 2) Country of origin, 3) Continent of origin","## Meal:  Lasagna 

1. **Name:** Lasagna
2. **Country of origin:** Italy
3. **Continent of origin:** Europe",google/gemma-2-2b-it,40,0.015734989648033125
"State one about a popular meal and provide: 1) Name of meal, 2) Country of origin, 3) Continent of origin","**Meal:** Spaghetti and Meatballs 

**2) Country of origin:**  Italy

**3) Continent of origin:** Europe",google/gemma-2-2b-it,28,0.014906832298136646
"State one about a popular meal and provide: 1) Name of meal, 2) Country of origin, 3) Continent of origin","**Meal:**  Pizza

**2) Country of origin:** Italy

**3) Continent of origin:** Europe",google/gemma-2-2b-it,76,0.014492753623188406
"State one about a popular meal and provide: 1) Name of meal, 2) Country of origin, 3) Continent of origin","**Meal:** Pizza

**2) Country of origin:** Italy

**3) Continent of origin:** Europe",google/gemma-2-2b-it,13,0.014078674948240166
"State one about a popular meal and provide: 1) Name of meal, 2) Country of origin, 3) Continent of origin","**Meal:** Pizza

**2) Country of origin:** Italy

**3) Continent of origin:** Europe",google/gemma-2-2b-it,8,0.014078674948240166
"State one about a popular meal and provide: 1) Name of meal, 2) Country of origin, 3) Continent of origin","**Meal:** Pizza

**2) Country of origin:** Italy

**3) Continent of origin:** Europe",google/gemma-2-2b-it,60,0.014078674948240166
"State one about a popular meal and provide: 1) Name of meal, 2) Country of origin, 3) Continent of origin","**Meal:** Pizza

**2) Country of origin:** Italy

**3) Continent of origin:** Europe",google/gemma-2-2b-it,4,0.014078674948240166
"State one about a popular meal and provide: 1) Name of meal, 2) Country of origin, 3) Continent of origin","##  Name: Spaghetti and Meatballs 

**2) Country of origin:** Italy 

**3) Continent of origin:** Europe",google/gemma-2-2b-it,62,0.014078674948240166
"State one about a popular meal and provide: 1) Name of meal, 2) Country of origin, 3) Continent of origin","**Meal:** Pizza

**1. Country of origin:** Italy

**2. Continent of origin:** Europe",google/gemma-2-2b-it,72,0.014078674948240166
"State one about a popular meal and provide: 1) Name of meal, 2) Country of origin, 3) Continent of origin","**Meal:** Pizza 

**2) Country of origin:** Italy 

**3) Continent of origin:** Europe",google/gemma-2-2b-it,12,0.013664596273291925
"State one about a popular meal and provide: 1) Name of meal, 2) Country of origin, 3) Continent of origin","**Meal:**  Spaghetti and Meatballs

**Country of origin:** Italy

**Continent of origin:** Europe",google/gemma-2-2b-it,16,0.013664596273291925
"State one about a popular meal and provide: 1) Name of meal, 2) Country of origin, 3) Continent of origin","**Meal:**  Pizza

**2) Country of origin:** Italy
**3) Continent of origin:** Europe",google/gemma-2-2b-it,66,0.013250517598343685
"State one about a popular meal and provide: 1) Name of meal, 2) Country of origin, 3) Continent of origin","**Meal:**  Spaghetti and Meatballs

**Country of origin:** Italy 

**Continent of origin:** Europe",google/gemma-2-2b-it,11,0.013250517598343685
"State one about a popular meal and provide: 1) Name of meal, 2) Country of origin, 3) Continent of origin","**Meal:** Pizza
**Country of origin:** Italy
**Continent of origin:** Europe",google/gemma-2-2b-it,21,0.013250517598343685
"State one about a popular meal and provide: 1) Name of meal, 2) Country of origin, 3) Continent of origin","**Meal:**  Pizza 

**2) Country of origin:** Italy

**3) Continent of origin:** Europe",google/gemma-2-2b-it,71,0.012836438923395446
"State one about a popular meal and provide: 1) Name of meal, 2) Country of origin, 3) Continent of origin","**Meal:** Spaghetti and Meatballs

**Country of origin:** Italy

**Continent of origin:** Europe",google/gemma-2-2b-it,68,0.012836438923395446
"State one about a popular meal and provide: 1) Name of meal, 2) Country of origin, 3) Continent of origin","**Meal:** Pizza

**Country of origin:** Italy

**Continent of origin:** Europe",google/gemma-2-2b-it,2,0.012836438923395446
"State one about a popular meal and provide: 1) Name of meal, 2) Country of origin, 3) Continent of origin","**Meal:** Pizza

**Country of origin:** Italy

**Continent of origin:** Europe",google/gemma-2-2b-it,48,0.012836438923395446
"State one about a popular meal and provide: 1) Name of meal, 2) Country of origin, 3) Continent of origin","**Meal:**  Pizza

**Country of origin:** Italy

**Continent of origin:** Europe",google/gemma-2-2b-it,67,0.012422360248447204
"State one about a popular meal and provide: 1) Name of meal, 2) Country of origin, 3) Continent of origin","**Meal:**  Pizza

**Country of origin:** Italy

**Continent of origin:** Europe",google/gemma-2-2b-it,38,0.012422360248447204
"State one about a popular meal and provide: 1) Name of meal, 2) Country of origin, 3) Continent of origin","## Meal:  **Spaghetti and meatballs**

1. **Name of Meal:** Spaghetti and Meatballs
2. **Country of Origin:** Italy
3. **Continent of Origin:** Europe",google/gemma-2-2b-it,23,0.012422360248447204
"State one about a popular meal and provide: 1) Name of meal, 2) Country of origin, 3) Continent of origin","**Meal:** Sushi

**1. Name of meal:** Sushi

**2. Country of origin:** Japan

**3. Continent of origin:** Asia",google/gemma-2-2b-it,54,0.011180124223602485
"State one about a popular meal and provide: 1) Name of meal, 2) Country of origin, 3) Continent of origin","**Meal:**  Pad Thai

**1) Name of meal:** Pad Thai

**2) Country of origin:** Thailand

**3) Continent of origin:** Asia",google/gemma-2-2b-it,32,0.010351966873706004
"State one about a popular meal and provide: 1) Name of meal, 2) Country of origin, 3) Continent of origin","**Name:** Sushi

**Country of Origin:** Japan 

**Continent of Origin:** Asia",google/gemma-2-2b-it,26,0.009937888198757764
"State one about a popular meal and provide: 1) Name of meal, 2) Country of origin, 3) Continent of origin","**Meal:** Pizza

**Country of Origin:** Italy

**Continent of origin:** Europe",google/gemma-2-2b-it,33,0.009937888198757764
"State one about a popular meal and provide: 1) Name of meal, 2) Country of origin, 3) Continent of origin","**Meal:** Pad Thai

**1) Name:** Pad Thai

**2) Country of Origin:** Thailand

**3) Continent of Origin:** Asia",google/gemma-2-2b-it,36,0.009523809523809525
"State one about a popular meal and provide: 1) Name of meal, 2) Country of origin, 3) Continent of origin","**Meal:** Pizza 

**Country of Origin:** Italy 

**Continent of Origin:** Europe",google/gemma-2-2b-it,18,0.009523809523809525
"State one about a popular meal and provide: 1) Name of meal, 2) Country of origin, 3) Continent of origin","**Meal:** Pizza

**2) Country of Origin:** Italy

**3) Continent of Origin:** Europe",google/gemma-2-2b-it,69,0.009109730848861283
"State one about a popular meal and provide: 1) Name of meal, 2) Country of origin, 3) Continent of origin","**Meal:** Pizza

**2) Country of Origin:** Italy

**3) Continent of Origin:** Europe",google/gemma-2-2b-it,19,0.009109730848861283
"State one about a popular meal and provide: 1) Name of meal, 2) Country of origin, 3) Continent of origin","**Meal:** Spaghetti and Meatballs 

**Country of Origin:** Italy
 **Continent of Origin:** Europe",google/gemma-2-2b-it,49,0.009109730848861283
"State one about a popular meal and provide: 1) Name of meal, 2) Country of origin, 3) Continent of origin","**Meal:** Pizza 

**Country of Origin:** Italy

**Continent of Origin:** Europe",google/gemma-2-2b-it,78,0.009109730848861283
"State one about a popular meal and provide: 1) Name of meal, 2) Country of origin, 3) Continent of origin","**Meal:** Pizza

**Country of Origin:** Italy

**Continent of Origin:** Europe",google/gemma-2-2b-it,41,0.008695652173913044
"State one about a popular meal and provide: 1) Name of meal, 2) Country of origin, 3) Continent of origin","**Meal:** Pizza

**Country of Origin:** Italy

**Continent of Origin:** Europe",google/gemma-2-2b-it,74,0.008695652173913044
"State one about a popular meal and provide: 1) Name of meal, 2) Country of origin, 3) Continent of origin","**Meal:** Pizza

**Country of Origin:** Italy

**Continent of Origin:** Europe",google/gemma-2-2b-it,35,0.008695652173913044
"State one about a popular meal and provide: 1) Name of meal, 2) Country of origin, 3) Continent of origin","**Meal:**  Pizza

**Country of Origin:** Italy

**Continent of Origin:** Europe",google/gemma-2-2b-it,9,0.008281573498964804
"State one about a popular meal and provide: 1) Name of meal, 2) Country of origin, 3) Continent of origin","**Meal:** Pizza

**Country of Origin:** Italy 

**Continent of Origin:** Europe",google/gemma-2-2b-it,10,0.007867494824016562
"State one about a popular meal and provide: 1) Name of meal, 2) Country of origin, 3) Continent of origin","**Meal:** Pizza

**Country of Origin:** Italy 

**Continent of Origin:** Europe",google/gemma-2-2b-it,39,0.007867494824016562
"State one about a popular meal and provide: 1) Name of meal, 2) Country of origin, 3) Continent of origin","**Meal:**  Pizza 

**1) Name:** Pizza

**2) Country of origin:** Italy

**3) Continent of origin:** Europe",google/gemma-2-2b-it,73,0.007867494824016562
"State one about a popular meal and provide: 1) Name of meal, 2) Country of origin, 3) Continent of origin","## Meal: **Pizza**

1. **Name of meal:** Pizza
2. **Country of origin:** Italy 
3. **Continent of origin:** Europe",google/gemma-2-2b-it,77,0.007039337474120083
"State one about a popular meal and provide: 1) Name of meal, 2) Country of origin, 3) Continent of origin","## Meal:  Spaghetti and Meatballs

1. **Name of meal:** Spaghetti and Meatballs
2. **Country of origin:** Italy
3. **Continent of origin:** Europe",google/gemma-2-2b-it,63,0.006625258799171843
"State one about a popular meal and provide: 1) Name of meal, 2) Country of origin, 3) Continent of origin","**Meal:**  Pasta Aglio e Olio

**Country of Origin:** Italy 

**Continent of Origin:** Europe",google/gemma-2-2b-it,3,0.006625258799171843
"State one about a popular meal and provide: 1) Name of meal, 2) Country of origin, 3) Continent of origin","**Meal:** Pizza

**1) Name of meal:** Pizza

**2) Country of origin:** Italy

**3) Continent of origin:** Europe",google/gemma-2-2b-it,31,0.004140786749482402
"State one about a popular meal and provide: 1) Name of meal, 2) Country of origin, 3) Continent of origin","**Meal:** Pizza 

**1. Name:** Pizza

**2. Country of Origin:**  Italy

**3. Continent of Origin:** Europe",google/gemma-2-2b-it,27,0.0037267080745341614
"State one about a popular meal and provide: 1) Name of meal, 2) Country of origin, 3) Continent of origin","**Meal:**  pizza

**1. Name of meal:** Pizza
**2. Country of Origin:** Italy
**3. Continent of origin:** Europe",google/gemma-2-2b-it,6,0.0033126293995859213
"State one about a popular meal and provide: 1) Name of meal, 2) Country of origin, 3) Continent of origin","**Meal:**  Tacos 

**Country of origin:** Mexico

**Continent of origin:** North America",google/gemma-2-2b-it,46,0.002898550724637681
"State one about a popular meal and provide: 1) Name of meal, 2) Country of origin, 3) Continent of origin","**Meal:**  Tacos

**Country of origin:** Mexico

**Continent of origin:** North America",google/gemma-2-2b-it,5,0.002484472049689441
"State one about a popular meal and provide: 1) Name of meal, 2) Country of origin, 3) Continent of origin","**Meal:** Tacos

**Country of origin:** Mexico

**Continent of origin:** North America",google/gemma-2-2b-it,61,0.002070393374741201
"State one about a popular meal and provide: 1) Name of meal, 2) Country of origin, 3) Continent of origin","**Meal:** Tacos

**Country of origin:** Mexico

**Continent of origin:** North America",google/gemma-2-2b-it,1,0.002070393374741201
"State one about a popular meal and provide: 1) Name of meal, 2) Country of origin, 3) Continent of origin","**Name of meal:** Tacos 

**Country of origin:** Mexico

**Continent of origin:** North America",google/gemma-2-2b-it,70,0.0016563146997929607
"State one about a popular meal and provide: 1) Name of meal, 2) Country of origin, 3) Continent of origin","**Meal:**  Tacos

**Country of Origin:** Mexico

**Continent of Origin:** North America",google/gemma-2-2b-it,45,0.0012422360248447205
"State one about a popular meal and provide: 1) Name of meal, 2) Country of origin, 3) Continent of origin","## Meal: **Tacos**

1. **Name:** Tacos
2. **Country of Origin:** Mexico
3. **Continent of Origin:** North America",google/gemma-2-2b-it,57,0.0008281573498964803
"State one about a popular meal and provide: 1) Name of meal, 2) Country of origin, 3) Continent of origin","##  Meal: **Tacos**

1. **Name of meal:** Tacos
2. **Country of origin:** Mexico 
3. **Continent of origin:** North America",google/gemma-2-2b-it,52,0.00041407867494824016
"State one about a popular meal and provide: 1) Name of meal, 2) Country of origin, 3) Continent of origin","## Meal:  Tacos

**1) Name of meal:** Tacos

**2) Country of origin:** Mexico

**3) Continent of origin:** North America",google/gemma-2-2b-it,42,0.0
