Prompt,Response,Model,ID,Score
"Give me a name of traditional attire and provide: 1) Name of attire, 2) Country of origin, 3) Continent of origin","Sure, here are the details for the traditional attire called the Kimono:

1) Name of attire: Kimono
2) Country of origin: Japan
3) Continent of origin: Asia",Qwen/Qwen2.5-7B-Instruct,29,0.11764705882352941
"Give me a name of traditional attire and provide: 1) Name of attire, 2) Country of origin, 3) Continent of origin","Sure! Here are the details for the traditional attire called ""Kimono"":

1) Name of attire: Kimono
2) Country of origin: Japan
3) Continent of origin: Asia",Qwen/Qwen2.5-7B-Instruct,72,0.11029411764705882
"Give me a name of traditional attire and provide: 1) Name of attire, 2) Country of origin, 3) Continent of origin","Certainly! Here's a traditional attire along with the requested information:

1) Name of attire: Kimono
2) Country of origin: Japan
3) Continent of origin: Asia",Qwen/Qwen2.5-7B-Instruct,4,0.08823529411764706
"Give me a name of traditional attire and provide: 1) Name of attire, 2) Country of origin, 3) Continent of origin","Sure, here's the information for a traditional attire:

1) Name of attire: Kimono
2) Country of origin: Japan
3) Continent of origin: Asia",Qwen/Qwen2.5-7B-Instruct,46,0.08823529411764706
"Give me a name of traditional attire and provide: 1) Name of attire, 2) Country of origin, 3) Continent of origin","1) Name of attire: Kimono
2) Country of origin: Japan
3) Continent of origin: Asia",Qwen/Qwen2.5-7B-Instruct,65,0.08088235294117647
"Give me a name of traditional attire and provide: 1) Name of attire, 2) Country of origin, 3) Continent of origin","1) Name of attire: Kimono
2) Country of origin: Japan
3) Continent of origin: Asia",Qwen/Qwen2.5-7B-Instruct,71,0.08088235294117647
"Give me a name of traditional attire and provide: 1) Name of attire, 2) Country of origin, 3) Continent of origin","1) Name of attire: Kimono
2) Country of origin: Japan
3) Continent of origin: Asia",Qwen/Qwen2.5-7B-Instruct,70,0.08088235294117647
"Give me a name of traditional attire and provide: 1) Name of attire, 2) Country of origin, 3) Continent of origin","1) Name of attire: Kimono
2) Country of origin: Japan
3) Continent of origin: Asia",Qwen/Qwen2.5-7B-Instruct,67,0.08088235294117647
"Give me a name of traditional attire and provide: 1) Name of attire, 2) Country of origin, 3) Continent of origin","1) Name of attire: Kimono
2) Country of origin: Japan
3) Continent of origin: Asia",Qwen/Qwen2.5-7B-Instruct,64,0.08088235294117647
"Give me a name of traditional attire and provide: 1) Name of attire, 2) Country of origin, 3) Continent of origin","1) Name of attire: Kimono
2) Country of origin: Japan
3) Continent of origin: Asia",Qwen/Qwen2.5-7B-Instruct,66,0.08088235294117647
"Give me a name of traditional attire and provide: 1) Name of attire, 2) Country of origin, 3) Continent of origin","1) Name of attire: Kimono
2) Country of origin: Japan
3) Continent of origin: Asia",Qwen/Qwen2.5-7B-Instruct,69,0.08088235294117647
"Give me a name of traditional attire and provide: 1) Name of attire, 2) Country of origin, 3) Continent of origin","1) Name of attire: Kimono
2) Country of origin: Japan
3) Continent of origin: Asia",Qwen/Qwen2.5-7B-Instruct,68,0.08088235294117647
"Give me a name of traditional attire and provide: 1) Name of attire, 2) Country of origin, 3) Continent of origin","1) Name of attire: Kimono
2) Country of origin: Japan
3) Continent of origin: Asia",Qwen/Qwen2.5-7B-Instruct,26,0.08088235294117647
"Give me a name of traditional attire and provide: 1) Name of attire, 2) Country of origin, 3) Continent of origin","1) Name of attire: Kimono
2) Country of origin: Japan
3) Continent of origin: Asia",Qwen/Qwen2.5-7B-Instruct,24,0.08088235294117647
"Give me a name of traditional attire and provide: 1) Name of attire, 2) Country of origin, 3) Continent of origin","1) Name of attire: Kimono
2) Country of origin: Japan
3) Continent of origin: Asia",Qwen/Qwen2.5-7B-Instruct,31,0.08088235294117647
"Give me a name of traditional attire and provide: 1) Name of attire, 2) Country of origin, 3) Continent of origin","1) Name of attire: Kimono
2) Country of origin: Japan
3) Continent of origin: Asia",Qwen/Qwen2.5-7B-Instruct,27,0.08088235294117647
"Give me a name of traditional attire and provide: 1) Name of attire, 2) Country of origin, 3) Continent of origin","1) Name of attire: Kimono
2) Country of origin: Japan
3) Continent of origin: Asia",Qwen/Qwen2.5-7B-Instruct,28,0.08088235294117647
"Give me a name of traditional attire and provide: 1) Name of attire, 2) Country of origin, 3) Continent of origin","1) Name of attire: Kimono
2) Country of origin: Japan
3) Continent of origin: Asia",Qwen/Qwen2.5-7B-Instruct,25,0.08088235294117647
"Give me a name of traditional attire and provide: 1) Name of attire, 2) Country of origin, 3) Continent of origin","1) Name of attire: Kimono
2) Country of origin: Japan
3) Continent of origin: Asia",Qwen/Qwen2.5-7B-Instruct,30,0.08088235294117647
"Give me a name of traditional attire and provide: 1) Name of attire, 2) Country of origin, 3) Continent of origin","1) Name of attire: Kimono
2) Country of origin: Japan
3) Continent of origin: Asia",Qwen/Qwen2.5-7B-Instruct,10,0.08088235294117647
"Give me a name of traditional attire and provide: 1) Name of attire, 2) Country of origin, 3) Continent of origin","1) Name of attire: Kimono
2) Country of origin: Japan
3) Continent of origin: Asia",Qwen/Qwen2.5-7B-Instruct,15,0.08088235294117647
"Give me a name of traditional attire and provide: 1) Name of attire, 2) Country of origin, 3) Continent of origin","1) Name of attire: Kimono
2) Country of origin: Japan
3) Continent of origin: Asia",Qwen/Qwen2.5-7B-Instruct,12,0.08088235294117647
"Give me a name of traditional attire and provide: 1) Name of attire, 2) Country of origin, 3) Continent of origin","1) Name of attire: Kimono
2) Country of origin: Japan
3) Continent of origin: Asia",Qwen/Qwen2.5-7B-Instruct,14,0.08088235294117647
"Give me a name of traditional attire and provide: 1) Name of attire, 2) Country of origin, 3) Continent of origin","1) Name of attire: Kimono
2) Country of origin: Japan
3) Continent of origin: Asia",Qwen/Qwen2.5-7B-Instruct,8,0.08088235294117647
"Give me a name of traditional attire and provide: 1) Name of attire, 2) Country of origin, 3) Continent of origin","1) Name of attire: Kimono
2) Country of origin: Japan
3) Continent of origin: Asia",Qwen/Qwen2.5-7B-Instruct,11,0.08088235294117647
"Give me a name of traditional attire and provide: 1) Name of attire, 2) Country of origin, 3) Continent of origin","1) Name of attire: Kimono
2) Country of origin: Japan
3) Continent of origin: Asia",Qwen/Qwen2.5-7B-Instruct,58,0.08088235294117647
"Give me a name of traditional attire and provide: 1) Name of attire, 2) Country of origin, 3) Continent of origin","1) Name of attire: Kimono
2) Country of origin: Japan
3) Continent of origin: Asia",Qwen/Qwen2.5-7B-Instruct,60,0.08088235294117647
"Give me a name of traditional attire and provide: 1) Name of attire, 2) Country of origin, 3) Continent of origin","1) Name of attire: Kimono
2) Country of origin: Japan
3) Continent of origin: Asia",Qwen/Qwen2.5-7B-Instruct,61,0.08088235294117647
"Give me a name of traditional attire and provide: 1) Name of attire, 2) Country of origin, 3) Continent of origin","1) Name of attire: Kimono
2) Country of origin: Japan
3) Continent of origin: Asia",Qwen/Qwen2.5-7B-Instruct,56,0.08088235294117647
"Give me a name of traditional attire and provide: 1) Name of attire, 2) Country of origin, 3) Continent of origin","1) Name of attire: Kimono
2) Country of origin: Japan
3) Continent of origin: Asia",Qwen/Qwen2.5-7B-Instruct,63,0.08088235294117647
"Give me a name of traditional attire and provide: 1) Name of attire, 2) Country of origin, 3) Continent of origin","1) Name of attire: Kimono
2) Country of origin: Japan
3) Continent of origin: Asia",Qwen/Qwen2.5-7B-Instruct,62,0.08088235294117647
"Give me a name of traditional attire and provide: 1) Name of attire, 2) Country of origin, 3) Continent of origin","1) Name of attire: Kimono
2) Country of origin: Japan
3) Continent of origin: Asia",Qwen/Qwen2.5-7B-Instruct,59,0.08088235294117647
"Give me a name of traditional attire and provide: 1) Name of attire, 2) Country of origin, 3) Continent of origin","1) Name of attire: Kimono
2) Country of origin: Japan
3) Continent of origin: Asia",Qwen/Qwen2.5-7B-Instruct,57,0.08088235294117647
"Give me a name of traditional attire and provide: 1) Name of attire, 2) Country of origin, 3) Continent of origin","1) Name of attire: Kimono
2) Country of origin: Japan
3) Continent of origin: Asia",Qwen/Qwen2.5-7B-Instruct,3,0.08088235294117647
"Give me a name of traditional attire and provide: 1) Name of attire, 2) Country of origin, 3) Continent of origin","1) Name of attire: Kimono
2) Country of origin: Japan
3) Continent of origin: Asia",Qwen/Qwen2.5-7B-Instruct,1,0.08088235294117647
"Give me a name of traditional attire and provide: 1) Name of attire, 2) Country of origin, 3) Continent of origin","1) Name of attire: Kimono
2) Country of origin: Japan
3) Continent of origin: Asia",Qwen/Qwen2.5-7B-Instruct,0,0.08088235294117647
"Give me a name of traditional attire and provide: 1) Name of attire, 2) Country of origin, 3) Continent of origin","1) Name of attire: Kimono
2) Country of origin: Japan
3) Continent of origin: Asia",Qwen/Qwen2.5-7B-Instruct,7,0.08088235294117647
"Give me a name of traditional attire and provide: 1) Name of attire, 2) Country of origin, 3) Continent of origin","1) Name of attire: Kimono
2) Country of origin: Japan
3) Continent of origin: Asia",Qwen/Qwen2.5-7B-Instruct,5,0.08088235294117647
"Give me a name of traditional attire and provide: 1) Name of attire, 2) Country of origin, 3) Continent of origin","1) Name of attire: Kimono
2) Country of origin: Japan
3) Continent of origin: Asia",Qwen/Qwen2.5-7B-Instruct,2,0.08088235294117647
"Give me a name of traditional attire and provide: 1) Name of attire, 2) Country of origin, 3) Continent of origin","1) Name of attire: Kimono
2) Country of origin: Japan
3) Continent of origin: Asia",Qwen/Qwen2.5-7B-Instruct,52,0.08088235294117647
"Give me a name of traditional attire and provide: 1) Name of attire, 2) Country of origin, 3) Continent of origin","1) Name of attire: Kimono
2) Country of origin: Japan
3) Continent of origin: Asia",Qwen/Qwen2.5-7B-Instruct,55,0.08088235294117647
"Give me a name of traditional attire and provide: 1) Name of attire, 2) Country of origin, 3) Continent of origin","1) Name of attire: Kimono
2) Country of origin: Japan
3) Continent of origin: Asia",Qwen/Qwen2.5-7B-Instruct,48,0.08088235294117647
"Give me a name of traditional attire and provide: 1) Name of attire, 2) Country of origin, 3) Continent of origin","1) Name of attire: Kimono
2) Country of origin: Japan
3) Continent of origin: Asia",Qwen/Qwen2.5-7B-Instruct,51,0.08088235294117647
"Give me a name of traditional attire and provide: 1) Name of attire, 2) Country of origin, 3) Continent of origin","1) Name of attire: Kimono
2) Country of origin: Japan
3) Continent of origin: Asia",Qwen/Qwen2.5-7B-Instruct,49,0.08088235294117647
"Give me a name of traditional attire and provide: 1) Name of attire, 2) Country of origin, 3) Continent of origin","1) Name of attire: Kimono
2) Country of origin: Japan
3) Continent of origin: Asia",Qwen/Qwen2.5-7B-Instruct,44,0.08088235294117647
"Give me a name of traditional attire and provide: 1) Name of attire, 2) Country of origin, 3) Continent of origin","1) Name of attire: Kimono
2) Country of origin: Japan
3) Continent of origin: Asia",Qwen/Qwen2.5-7B-Instruct,40,0.08088235294117647
"Give me a name of traditional attire and provide: 1) Name of attire, 2) Country of origin, 3) Continent of origin","1) Name of attire: Kimono
2) Country of origin: Japan
3) Continent of origin: Asia",Qwen/Qwen2.5-7B-Instruct,47,0.08088235294117647
"Give me a name of traditional attire and provide: 1) Name of attire, 2) Country of origin, 3) Continent of origin","1) Name of attire: Kimono
2) Country of origin: Japan
3) Continent of origin: Asia",Qwen/Qwen2.5-7B-Instruct,45,0.08088235294117647
"Give me a name of traditional attire and provide: 1) Name of attire, 2) Country of origin, 3) Continent of origin","1) Name of attire: Kimono
2) Country of origin: Japan
3) Continent of origin: Asia",Qwen/Qwen2.5-7B-Instruct,42,0.08088235294117647
"Give me a name of traditional attire and provide: 1) Name of attire, 2) Country of origin, 3) Continent of origin","1) Name of attire: Kimono
2) Country of origin: Japan
3) Continent of origin: Asia",Qwen/Qwen2.5-7B-Instruct,41,0.08088235294117647
"Give me a name of traditional attire and provide: 1) Name of attire, 2) Country of origin, 3) Continent of origin","1) Name of attire: Kimono
2) Country of origin: Japan
3) Continent of origin: Asia",Qwen/Qwen2.5-7B-Instruct,43,0.08088235294117647
"Give me a name of traditional attire and provide: 1) Name of attire, 2) Country of origin, 3) Continent of origin","1) Name of attire: Kimono
2) Country of origin: Japan
3) Continent of origin: Asia",Qwen/Qwen2.5-7B-Instruct,74,0.08088235294117647
"Give me a name of traditional attire and provide: 1) Name of attire, 2) Country of origin, 3) Continent of origin","1) Name of attire: Kimono
2) Country of origin: Japan
3) Continent of origin: Asia",Qwen/Qwen2.5-7B-Instruct,75,0.08088235294117647
"Give me a name of traditional attire and provide: 1) Name of attire, 2) Country of origin, 3) Continent of origin","1) Name of attire: Kimono
2) Country of origin: Japan
3) Continent of origin: Asia",Qwen/Qwen2.5-7B-Instruct,73,0.08088235294117647
"Give me a name of traditional attire and provide: 1) Name of attire, 2) Country of origin, 3) Continent of origin","1) Name of attire: Kimono
2) Country of origin: Japan
3) Continent of origin: Asia",Qwen/Qwen2.5-7B-Instruct,78,0.08088235294117647
"Give me a name of traditional attire and provide: 1) Name of attire, 2) Country of origin, 3) Continent of origin","1) Name of attire: Kimono
2) Country of origin: Japan
3) Continent of origin: Asia",Qwen/Qwen2.5-7B-Instruct,39,0.08088235294117647
"Give me a name of traditional attire and provide: 1) Name of attire, 2) Country of origin, 3) Continent of origin","1) Name of attire: Kimono
2) Country of origin: Japan
3) Continent of origin: Asia",Qwen/Qwen2.5-7B-Instruct,35,0.08088235294117647
"Give me a name of traditional attire and provide: 1) Name of attire, 2) Country of origin, 3) Continent of origin","1) Name of attire: Kimono
2) Country of origin: Japan
3) Continent of origin: Asia",Qwen/Qwen2.5-7B-Instruct,32,0.08088235294117647
"Give me a name of traditional attire and provide: 1) Name of attire, 2) Country of origin, 3) Continent of origin","1) Name of attire: Kimono
2) Country of origin: Japan
3) Continent of origin: Asia",Qwen/Qwen2.5-7B-Instruct,33,0.08088235294117647
"Give me a name of traditional attire and provide: 1) Name of attire, 2) Country of origin, 3) Continent of origin","1) Name of attire: Kimono
2) Country of origin: Japan
3) Continent of origin: Asia",Qwen/Qwen2.5-7B-Instruct,37,0.08088235294117647
"Give me a name of traditional attire and provide: 1) Name of attire, 2) Country of origin, 3) Continent of origin","1) Name of attire: Kimono
2) Country of origin: Japan
3) Continent of origin: Asia",Qwen/Qwen2.5-7B-Instruct,38,0.08088235294117647
"Give me a name of traditional attire and provide: 1) Name of attire, 2) Country of origin, 3) Continent of origin","1) Name of attire: Kimono
2) Country of origin: Japan
3) Continent of origin: Asia",Qwen/Qwen2.5-7B-Instruct,36,0.08088235294117647
"Give me a name of traditional attire and provide: 1) Name of attire, 2) Country of origin, 3) Continent of origin","1) Name of attire: Kimono
2) Country of origin: Japan
3) Continent of origin: Asia",Qwen/Qwen2.5-7B-Instruct,34,0.08088235294117647
"Give me a name of traditional attire and provide: 1) Name of attire, 2) Country of origin, 3) Continent of origin","1) Name of attire: Kimono
2) Country of origin: Japan
3) Continent of origin: Asia",Qwen/Qwen2.5-7B-Instruct,23,0.08088235294117647
"Give me a name of traditional attire and provide: 1) Name of attire, 2) Country of origin, 3) Continent of origin","1) Name of attire: Kimono
2) Country of origin: Japan
3) Continent of origin: Asia",Qwen/Qwen2.5-7B-Instruct,20,0.08088235294117647
"Give me a name of traditional attire and provide: 1) Name of attire, 2) Country of origin, 3) Continent of origin","1) Name of attire: Kimono
2) Country of origin: Japan
3) Continent of origin: Asia",Qwen/Qwen2.5-7B-Instruct,18,0.08088235294117647
"Give me a name of traditional attire and provide: 1) Name of attire, 2) Country of origin, 3) Continent of origin","1) Name of attire: Kimono
2) Country of origin: Japan
3) Continent of origin: Asia",Qwen/Qwen2.5-7B-Instruct,21,0.08088235294117647
"Give me a name of traditional attire and provide: 1) Name of attire, 2) Country of origin, 3) Continent of origin","1) Name of attire: Kimono
2) Country of origin: Japan
3) Continent of origin: Asia",Qwen/Qwen2.5-7B-Instruct,17,0.08088235294117647
"Give me a name of traditional attire and provide: 1) Name of attire, 2) Country of origin, 3) Continent of origin","Sure, here are the details for the traditional attire of a Kimono:

1) Name of attire: Kimono
2) Country of origin: Japan
3) Continent of origin: Asia",Qwen/Qwen2.5-7B-Instruct,16,0.08088235294117647
"Give me a name of traditional attire and provide: 1) Name of attire, 2) Country of origin, 3) Continent of origin","Sure! Here are the details for the traditional attire:

1) Name of attire: Kimono
2) Country of origin: Japan
3) Continent of origin: Asia",Qwen/Qwen2.5-7B-Instruct,22,0.07352941176470588
"Give me a name of traditional attire and provide: 1) Name of attire, 2) Country of origin, 3) Continent of origin","Certainly! Here are the details for the traditional attire:

1) **Name of attire**: Kimono
2) **Country of origin**: Japan
3) **Continent of origin**: Asia",Qwen/Qwen2.5-7B-Instruct,79,0.0661764705882353
"Give me a name of traditional attire and provide: 1) Name of attire, 2) Country of origin, 3) Continent of origin","Certainly! Here's the information for the traditional attire you requested:

1) Name of attire: Kimono
2) Country of origin: Japan
3) Continent of origin: Asia",Qwen/Qwen2.5-7B-Instruct,77,0.058823529411764705
"Give me a name of traditional attire and provide: 1) Name of attire, 2) Country of origin, 3) Continent of origin","Certainly! Here are the details for traditional attire:

1) Name of attire: Kimono
2) Country of origin: Japan
3) Continent of origin: Asia",Qwen/Qwen2.5-7B-Instruct,13,0.051470588235294115
"Give me a name of traditional attire and provide: 1) Name of attire, 2) Country of origin, 3) Continent of origin","Certainly! Here are the details for the traditional attire:

1) Name of attire: Kimono
2) Country of origin: Japan
3) Continent of origin: Asia",Qwen/Qwen2.5-7B-Instruct,54,0.051470588235294115
"Give me a name of traditional attire and provide: 1) Name of attire, 2) Country of origin, 3) Continent of origin","Sure, here's an example:

1) Name of attire: Kimono
2) Country of origin: Japan
3) Continent of origin: Asia",Qwen/Qwen2.5-7B-Instruct,50,0.04411764705882353
"Give me a name of traditional attire and provide: 1) Name of attire, 2) Country of origin, 3) Continent of origin","Certainly! Here are the details for a traditional attire:

1) Name of attire: Kimono
2) Country of origin: Japan
3) Continent of origin: Asia",Qwen/Qwen2.5-7B-Instruct,53,0.03676470588235294
"Give me a name of traditional attire and provide: 1) Name of attire, 2) Country of origin, 3) Continent of origin","Sure, here is a traditional attire:

1) Name of attire: Kimono
2) Country of origin: Japan
3) Continent of origin: Asia",Qwen/Qwen2.5-7B-Instruct,9,0.022058823529411766
"Give me a name of traditional attire and provide: 1) Name of attire, 2) Country of origin, 3) Continent of origin","Certainly! Here are the details for the traditional attire you asked about:

1) Name of attire: Kimono
2) Country of origin: Japan
3) Continent of origin: Asia",Qwen/Qwen2.5-7B-Instruct,6,0.014705882352941176
"Give me a name of traditional attire and provide: 1) Name of attire, 2) Country of origin, 3) Continent of origin","1) Name of attire: Cheongsam (also known as Qipao)
2) Country of origin: China
3) Continent of origin: Asia",Qwen/Qwen2.5-7B-Instruct,19,0.014705882352941176
"Give me a name of traditional attire and provide: 1) Name of attire, 2) Country of origin, 3) Continent of origin","1) Kimono
2) Japan
3) Asia",Qwen/Qwen2.5-7B-Instruct,76,0.0
"Name a cultural wear and provide: 1) Name of dress, 2) Country of origin, 3) Continent of origin","Certainly! Here are the details for the traditional Korean dress:

1) Name of dress: Hanbok
2) Country of origin: Korea
3) Continent of origin: Asia",Qwen/Qwen2.5-7B-Instruct,43,0.044444444444444446
"Name a cultural wear and provide: 1) Name of dress, 2) Country of origin, 3) Continent of origin","Sure, here are the details for the traditional Japanese Kimono:

1) Name of dress: Kimono
2) Country of origin: Japan
3) Continent of origin: Asia",Qwen/Qwen2.5-7B-Instruct,29,0.043434343434343436
"Name a cultural wear and provide: 1) Name of dress, 2) Country of origin, 3) Continent of origin","Sure! Here are the details for the traditional Japanese Kimono:

1) Name of dress: Kimono
2) Country of origin: Japan
3) Continent of origin: Asia",Qwen/Qwen2.5-7B-Instruct,72,0.04242424242424243
"Name a cultural wear and provide: 1) Name of dress, 2) Country of origin, 3) Continent of origin","Certainly! Here are the details for the traditional Japanese Kimono:

1) Name of dress: Kimono
2) Country of origin: Japan
3) Continent of origin: Asia",Qwen/Qwen2.5-7B-Instruct,71,0.04141414141414142
"Name a cultural wear and provide: 1) Name of dress, 2) Country of origin, 3) Continent of origin","Certainly! Here are the details for the traditional Japanese Kimono:

1) Name of dress: Kimono
2) Country of origin: Japan
3) Continent of origin: Asia",Qwen/Qwen2.5-7B-Instruct,68,0.04141414141414142
"Name a cultural wear and provide: 1) Name of dress, 2) Country of origin, 3) Continent of origin","Certainly! Here are the details for the traditional Japanese Kimono:

1) Name of dress: Kimono
2) Country of origin: Japan
3) Continent of origin: Asia",Qwen/Qwen2.5-7B-Instruct,14,0.04141414141414142
"Name a cultural wear and provide: 1) Name of dress, 2) Country of origin, 3) Continent of origin","Certainly! Here are the details for the Traditional Japanese Kimono:

1) Name of dress: Kimono
2) Country of origin: Japan
3) Continent of origin: Asia",Qwen/Qwen2.5-7B-Instruct,64,0.04040404040404041
"Name a cultural wear and provide: 1) Name of dress, 2) Country of origin, 3) Continent of origin","Certainly! Here are the details for traditional Japanese Kimono:

1) Name of dress: Kimono
2) Country of origin: Japan
3) Continent of origin: Asia",Qwen/Qwen2.5-7B-Instruct,13,0.03939393939393939
"Name a cultural wear and provide: 1) Name of dress, 2) Country of origin, 3) Continent of origin","Sure, here are the details for the Kimono:

1) Name of dress: Kimono
2) Country of origin: Japan
3) Continent of origin: Asia",Qwen/Qwen2.5-7B-Instruct,26,0.03838383838383838
"Name a cultural wear and provide: 1) Name of dress, 2) Country of origin, 3) Continent of origin","Sure! Here are the details for the traditional Kimono:

1) Name of dress: Kimono
2) Country of origin: Japan
3) Continent of origin: Asia",Qwen/Qwen2.5-7B-Instruct,11,0.03737373737373737
"Name a cultural wear and provide: 1) Name of dress, 2) Country of origin, 3) Continent of origin","1) Name of dress: Kimono
2) Country of origin: Japan
3) Continent of origin: Asia",Qwen/Qwen2.5-7B-Instruct,34,0.03636363636363636
"Name a cultural wear and provide: 1) Name of dress, 2) Country of origin, 3) Continent of origin","Certainly! Here are the details for a cultural wear:

1) Name of dress: Kimono
2) Country of origin: Japan
3) Continent of origin: Asia",Qwen/Qwen2.5-7B-Instruct,19,0.03535353535353535
"Name a cultural wear and provide: 1) Name of dress, 2) Country of origin, 3) Continent of origin","Sure, here's an example:

1) Name of dress: Kimono
2) Country of origin: Japan
3) Continent of origin: Asia",Qwen/Qwen2.5-7B-Instruct,15,0.03434343434343434
"Name a cultural wear and provide: 1) Name of dress, 2) Country of origin, 3) Continent of origin","Certainly! Here's an example:

1) Name of dress: Kimono
2) Country of origin: Japan
3) Continent of origin: Asia",Qwen/Qwen2.5-7B-Instruct,70,0.03333333333333333
"Name a cultural wear and provide: 1) Name of dress, 2) Country of origin, 3) Continent of origin","Certainly! Here's an example:

1) Name of dress: Kimono
2) Country of origin: Japan
3) Continent of origin: Asia",Qwen/Qwen2.5-7B-Instruct,31,0.03333333333333333
"Name a cultural wear and provide: 1) Name of dress, 2) Country of origin, 3) Continent of origin","Certainly! Here's an example:

1) Name of dress: Kimono
2) Country of origin: Japan
3) Continent of origin: Asia",Qwen/Qwen2.5-7B-Instruct,30,0.03333333333333333
"Name a cultural wear and provide: 1) Name of dress, 2) Country of origin, 3) Continent of origin","Certainly! Here's an example:

1) Name of dress: Kimono
2) Country of origin: Japan
3) Continent of origin: Asia",Qwen/Qwen2.5-7B-Instruct,52,0.03333333333333333
"Name a cultural wear and provide: 1) Name of dress, 2) Country of origin, 3) Continent of origin","Certainly! Here's an example:

1) Name of dress: Kimono
2) Country of origin: Japan
3) Continent of origin: Asia",Qwen/Qwen2.5-7B-Instruct,79,0.03333333333333333
"Name a cultural wear and provide: 1) Name of dress, 2) Country of origin, 3) Continent of origin","Certainly! Here's an example:

1) Name of dress: Kimono
2) Country of origin: Japan
3) Continent of origin: Asia",Qwen/Qwen2.5-7B-Instruct,17,0.03333333333333333
"Name a cultural wear and provide: 1) Name of dress, 2) Country of origin, 3) Continent of origin","Certainly! Here are the details for the traditional Indian saree:

1) Name of dress: Saree
2) Country of origin: India
3) Continent of origin: Asia",Qwen/Qwen2.5-7B-Instruct,76,0.031313131313131314
"Name a cultural wear and provide: 1) Name of dress, 2) Country of origin, 3) Continent of origin","Certainly! Here are the details for the traditional Indian Saree:

1) Name of dress: Saree
2) Country of origin: India
3) Continent of origin: Asia",Qwen/Qwen2.5-7B-Instruct,69,0.030303030303030304
"Name a cultural wear and provide: 1) Name of dress, 2) Country of origin, 3) Continent of origin","Sure, here are the details for a cultural dress:

1) Name of dress: Sari
2) Country of origin: India, though it is also popular in other South Asian countries like Bangladesh, Sri Lanka, and Nepal.
3) Continent of origin: Asia",Qwen/Qwen2.5-7B-Instruct,12,0.029292929292929294
"Name a cultural wear and provide: 1) Name of dress, 2) Country of origin, 3) Continent of origin","Certainly! Here is the information for the traditional dress known as the Sari:

1) Name of dress: Sari
2) Country of origin: India
3) Continent of origin: Asia",Qwen/Qwen2.5-7B-Instruct,23,0.029292929292929294
"Name a cultural wear and provide: 1) Name of dress, 2) Country of origin, 3) Continent of origin","Sure, here are the details for the Sari:

1) Name of dress: Sari
2) Country of origin: India
3) Continent of origin: Asia",Qwen/Qwen2.5-7B-Instruct,16,0.02727272727272727
"Name a cultural wear and provide: 1) Name of dress, 2) Country of origin, 3) Continent of origin","Sure! Here are the details for the *Sari*:

1) Name of dress: Sari
2) Country of origin: India
3) Continent of origin: Asia",Qwen/Qwen2.5-7B-Instruct,18,0.026262626262626262
"Name a cultural wear and provide: 1) Name of dress, 2) Country of origin, 3) Continent of origin","Sure, here are the details for the **Sari**:

1) Name of dress: Sari
2) Country of origin: India
3) Continent of origin: Asia",Qwen/Qwen2.5-7B-Instruct,24,0.025252525252525252
"Name a cultural wear and provide: 1) Name of dress, 2) Country of origin, 3) Continent of origin","Certainly! Here are the details for the **Sari**:

1) **Name of dress**: Sari
2) **Country of origin**: India
3) **Continent of origin**: Asia",Qwen/Qwen2.5-7B-Instruct,6,0.025252525252525252
"Name a cultural wear and provide: 1) Name of dress, 2) Country of origin, 3) Continent of origin","Certainly! Here are the details for the Sari:

1) Name of dress: Sari
2) Country of origin: India
3) Continent of origin: Asia",Qwen/Qwen2.5-7B-Instruct,59,0.023232323232323233
"Name a cultural wear and provide: 1) Name of dress, 2) Country of origin, 3) Continent of origin","Certainly! Here are the details for the Sari:

1) Name of dress: Sari
2) Country of origin: India
3) Continent of origin: Asia",Qwen/Qwen2.5-7B-Instruct,51,0.023232323232323233
"Name a cultural wear and provide: 1) Name of dress, 2) Country of origin, 3) Continent of origin","Certainly! Here are the details for the Sari:

1) Name of dress: Sari
2) Country of origin: India
3) Continent of origin: Asia",Qwen/Qwen2.5-7B-Instruct,42,0.023232323232323233
"Name a cultural wear and provide: 1) Name of dress, 2) Country of origin, 3) Continent of origin","Sure! Here are the details for the **sari**:

1) Name of dress: Sari
2) Country of origin: India
3) Continent of origin: Asia",Qwen/Qwen2.5-7B-Instruct,1,0.023232323232323233
"Name a cultural wear and provide: 1) Name of dress, 2) Country of origin, 3) Continent of origin","Sure, let's take the **sari** as an example:

1) Name of dress: Sari
2) Country of origin: India
3) Continent of origin: Asia",Qwen/Qwen2.5-7B-Instruct,46,0.022222222222222223
"Name a cultural wear and provide: 1) Name of dress, 2) Country of origin, 3) Continent of origin","Certainly! Here are the details for the **Sari**:

1) Name of dress: Sari
2) Country of origin: India
3) Continent of origin: Asia",Qwen/Qwen2.5-7B-Instruct,25,0.021212121212121213
"Name a cultural wear and provide: 1) Name of dress, 2) Country of origin, 3) Continent of origin","Certainly! Here are the details for the **Sari**:

1) Name of dress: Sari
2) Country of origin: India
3) Continent of origin: Asia",Qwen/Qwen2.5-7B-Instruct,32,0.021212121212121213
"Name a cultural wear and provide: 1) Name of dress, 2) Country of origin, 3) Continent of origin","Certainly! Here's the information for the **Sari**:

1) Name of dress: Sari
2) Country of origin: India
3) Continent of origin: Asia",Qwen/Qwen2.5-7B-Instruct,60,0.021212121212121213
"Name a cultural wear and provide: 1) Name of dress, 2) Country of origin, 3) Continent of origin","1) Name of dress: Saris
2) Country of origin: India
3) Continent of origin: Asia",Qwen/Qwen2.5-7B-Instruct,67,0.01919191919191919
"Name a cultural wear and provide: 1) Name of dress, 2) Country of origin, 3) Continent of origin","1) Name of dress: Saris
2) Country of origin: India
3) Continent of origin: Asia",Qwen/Qwen2.5-7B-Instruct,7,0.01919191919191919
"Name a cultural wear and provide: 1) Name of dress, 2) Country of origin, 3) Continent of origin","Sure, here are the details for a traditional cultural wear:

1) Name of dress: Sari
2) Country of origin: India
3) Continent of origin: Asia",Qwen/Qwen2.5-7B-Instruct,48,0.01919191919191919
"Name a cultural wear and provide: 1) Name of dress, 2) Country of origin, 3) Continent of origin","Sure, let's take the Sari as an example:

1) Name of dress: Sari
2) Country of origin: India
3) Continent of origin: Asia",Qwen/Qwen2.5-7B-Instruct,8,0.01818181818181818
"Name a cultural wear and provide: 1) Name of dress, 2) Country of origin, 3) Continent of origin","Sure, let's take the Sari as an example:

1) Name of dress: Sari
2) Country of origin: India
3) Continent of origin: Asia",Qwen/Qwen2.5-7B-Instruct,2,0.01818181818181818
"Name a cultural wear and provide: 1) Name of dress, 2) Country of origin, 3) Continent of origin","Sure, let's take the Sari as an example:

1) Name of dress: Sari
2) Country of origin: India
3) Continent of origin: Asia",Qwen/Qwen2.5-7B-Instruct,73,0.01818181818181818
"Name a cultural wear and provide: 1) Name of dress, 2) Country of origin, 3) Continent of origin","Sure, let's take the Sari as an example:

1) Name of dress: Sari
2) Country of origin: India
3) Continent of origin: Asia",Qwen/Qwen2.5-7B-Instruct,22,0.01818181818181818
"Name a cultural wear and provide: 1) Name of dress, 2) Country of origin, 3) Continent of origin","1) Name of dress: Sari
2) Country of origin: India
3) Continent of origin: Asia",Qwen/Qwen2.5-7B-Instruct,57,0.01616161616161616
"Name a cultural wear and provide: 1) Name of dress, 2) Country of origin, 3) Continent of origin","1) Name of dress: Sari
2) Country of origin: India
3) Continent of origin: Asia",Qwen/Qwen2.5-7B-Instruct,39,0.01616161616161616
"Name a cultural wear and provide: 1) Name of dress, 2) Country of origin, 3) Continent of origin","1) Name of dress: Sari
2) Country of origin: India
3) Continent of origin: Asia",Qwen/Qwen2.5-7B-Instruct,21,0.01616161616161616
"Name a cultural wear and provide: 1) Name of dress, 2) Country of origin, 3) Continent of origin","Sure, let's look at the Sari:

1) Name of dress: Sari
2) Country of origin: India
3) Continent of origin: Asia",Qwen/Qwen2.5-7B-Instruct,50,0.014141414141414142
"Name a cultural wear and provide: 1) Name of dress, 2) Country of origin, 3) Continent of origin","Sure, here is a cultural dress along with the required details:

1) Name of dress: Sari
2) Country of origin: India
3) Continent of origin: Asia",Qwen/Qwen2.5-7B-Instruct,47,0.012121212121212121
"Name a cultural wear and provide: 1) Name of dress, 2) Country of origin, 3) Continent of origin","Sure, let's choose the Sari:

1) Name of dress: Sari
2) Country of origin: India
3) Continent of origin: Asia",Qwen/Qwen2.5-7B-Instruct,35,0.012121212121212121
"Name a cultural wear and provide: 1) Name of dress, 2) Country of origin, 3) Continent of origin","Sure, here's an example:

1) Name of dress: Sari
2) Country of origin: India
3) Continent of origin: Asia",Qwen/Qwen2.5-7B-Instruct,27,0.011111111111111112
"Name a cultural wear and provide: 1) Name of dress, 2) Country of origin, 3) Continent of origin","Sure, here's an example:

1) Name of dress: Sari
2) Country of origin: India
3) Continent of origin: Asia",Qwen/Qwen2.5-7B-Instruct,9,0.011111111111111112
"Name a cultural wear and provide: 1) Name of dress, 2) Country of origin, 3) Continent of origin","Sure, here's an example:

1) Name of dress: Sari
2) Country of origin: India
3) Continent of origin: Asia",Qwen/Qwen2.5-7B-Instruct,56,0.011111111111111112
"Name a cultural wear and provide: 1) Name of dress, 2) Country of origin, 3) Continent of origin","Sure, here's an example:

1) Name of dress: Sari
2) Country of origin: India
3) Continent of origin: Asia",Qwen/Qwen2.5-7B-Instruct,62,0.011111111111111112
"Name a cultural wear and provide: 1) Name of dress, 2) Country of origin, 3) Continent of origin","Sure, here's an example:

1) Name of dress: Sari
2) Country of origin: India
3) Continent of origin: Asia",Qwen/Qwen2.5-7B-Instruct,0,0.011111111111111112
"Name a cultural wear and provide: 1) Name of dress, 2) Country of origin, 3) Continent of origin","Sure, here's an example:

1) Name of dress: Sari
2) Country of origin: India
3) Continent of origin: Asia",Qwen/Qwen2.5-7B-Instruct,37,0.011111111111111112
"Name a cultural wear and provide: 1) Name of dress, 2) Country of origin, 3) Continent of origin","Certainly! Here are the details for a cultural wear:

1) Name of dress: Sari
2) Country of origin: India
3) Continent of origin: Asia",Qwen/Qwen2.5-7B-Instruct,55,0.011111111111111112
"Name a cultural wear and provide: 1) Name of dress, 2) Country of origin, 3) Continent of origin","Certainly! Here are the details for a cultural wear:

1) Name of dress: Sari
2) Country of origin: India
3) Continent of origin: Asia",Qwen/Qwen2.5-7B-Instruct,45,0.011111111111111112
"Name a cultural wear and provide: 1) Name of dress, 2) Country of origin, 3) Continent of origin","Certainly! Here are the details for a cultural wear:

1) Name of dress: Sari
2) Country of origin: India
3) Continent of origin: Asia",Qwen/Qwen2.5-7B-Instruct,75,0.011111111111111112
"Name a cultural wear and provide: 1) Name of dress, 2) Country of origin, 3) Continent of origin","Certainly! Here are the details for a cultural wear:

1) Name of dress: Sari
2) Country of origin: India
3) Continent of origin: Asia",Qwen/Qwen2.5-7B-Instruct,77,0.011111111111111112
"Name a cultural wear and provide: 1) Name of dress, 2) Country of origin, 3) Continent of origin","Sure, let's consider the Sari:

1) Name of dress: Sari
2) Country of origin: India
3) Continent of origin: Asia",Qwen/Qwen2.5-7B-Instruct,78,0.011111111111111112
"Name a cultural wear and provide: 1) Name of dress, 2) Country of origin, 3) Continent of origin","Sure! Here are the details for a cultural dress:

1) Name of dress: Sari
2) Country of origin: India
3) Continent of origin: Asia",Qwen/Qwen2.5-7B-Instruct,63,0.00909090909090909
"Name a cultural wear and provide: 1) Name of dress, 2) Country of origin, 3) Continent of origin","Certainly! Here's an example:

1) Name of dress: Saris
2) Country of origin: India
3) Continent of origin: Asia",Qwen/Qwen2.5-7B-Instruct,54,0.00909090909090909
"Name a cultural wear and provide: 1) Name of dress, 2) Country of origin, 3) Continent of origin","Certainly! Here are the details for a cultural dress:

1) Name of dress: Sari
2) Country of origin: India
3) Continent of origin: Asia",Qwen/Qwen2.5-7B-Instruct,58,0.00808080808080808
"Name a cultural wear and provide: 1) Name of dress, 2) Country of origin, 3) Continent of origin","Certainly! Here are the details for a cultural dress:

1) Name of dress: Sari
2) Country of origin: India
3) Continent of origin: Asia",Qwen/Qwen2.5-7B-Instruct,44,0.00808080808080808
"Name a cultural wear and provide: 1) Name of dress, 2) Country of origin, 3) Continent of origin","Certainly! Here are the details for a cultural dress:

1) Name of dress: Sari
2) Country of origin: India
3) Continent of origin: Asia",Qwen/Qwen2.5-7B-Instruct,20,0.00808080808080808
"Name a cultural wear and provide: 1) Name of dress, 2) Country of origin, 3) Continent of origin","Sure, here are the details for a traditional cultural dress:

1) Name of dress: Sari
2) Country of origin: India
3) Continent of origin: Asia",Qwen/Qwen2.5-7B-Instruct,33,0.007070707070707071
"Name a cultural wear and provide: 1) Name of dress, 2) Country of origin, 3) Continent of origin","Sure! Here are the details for a cultural dress:

1) Name of dress: Saree
2) Country of origin: India
3) Continent of origin: Asia",Qwen/Qwen2.5-7B-Instruct,10,0.006060606060606061
"Name a cultural wear and provide: 1) Name of dress, 2) Country of origin, 3) Continent of origin","Sure! Here's an example:

1) Name of dress: Sari
2) Country of origin: India
3) Continent of origin: Asia",Qwen/Qwen2.5-7B-Instruct,61,0.005050505050505051
"Name a cultural wear and provide: 1) Name of dress, 2) Country of origin, 3) Continent of origin","Sure! Here's an example:

1) Name of dress: Sari
2) Country of origin: India
3) Continent of origin: Asia",Qwen/Qwen2.5-7B-Instruct,49,0.005050505050505051
"Name a cultural wear and provide: 1) Name of dress, 2) Country of origin, 3) Continent of origin","Certainly! Here are the details for a cultural wear:

1) Name of dress: Sarong
2) Country of origin: Indonesia
3) Continent of origin: Asia",Qwen/Qwen2.5-7B-Instruct,53,0.005050505050505051
"Name a cultural wear and provide: 1) Name of dress, 2) Country of origin, 3) Continent of origin","Certainly! Here's an example:

1) Name of dress: Sari
2) Country of origin: India
3) Continent of origin: Asia",Qwen/Qwen2.5-7B-Instruct,65,0.0030303030303030303
"Name a cultural wear and provide: 1) Name of dress, 2) Country of origin, 3) Continent of origin","Certainly! Here's an example:

1) Name of dress: Sari
2) Country of origin: India
3) Continent of origin: Asia",Qwen/Qwen2.5-7B-Instruct,66,0.0030303030303030303
"Name a cultural wear and provide: 1) Name of dress, 2) Country of origin, 3) Continent of origin","Certainly! Here's an example:

1) Name of dress: Sari
2) Country of origin: India
3) Continent of origin: Asia",Qwen/Qwen2.5-7B-Instruct,28,0.0030303030303030303
"Name a cultural wear and provide: 1) Name of dress, 2) Country of origin, 3) Continent of origin","Certainly! Here's an example:

1) Name of dress: Sari
2) Country of origin: India
3) Continent of origin: Asia",Qwen/Qwen2.5-7B-Instruct,3,0.0030303030303030303
"Name a cultural wear and provide: 1) Name of dress, 2) Country of origin, 3) Continent of origin","Certainly! Here's an example:

1) Name of dress: Sari
2) Country of origin: India
3) Continent of origin: Asia",Qwen/Qwen2.5-7B-Instruct,40,0.0030303030303030303
"Name a cultural wear and provide: 1) Name of dress, 2) Country of origin, 3) Continent of origin","Certainly! Here's an example:

1) Name of dress: Sari
2) Country of origin: India
3) Continent of origin: Asia",Qwen/Qwen2.5-7B-Instruct,41,0.0030303030303030303
"Name a cultural wear and provide: 1) Name of dress, 2) Country of origin, 3) Continent of origin","Certainly! Here's an example:

1) Name of dress: Sari
2) Country of origin: India
3) Continent of origin: Asia",Qwen/Qwen2.5-7B-Instruct,74,0.0030303030303030303
"Name a cultural wear and provide: 1) Name of dress, 2) Country of origin, 3) Continent of origin","Certainly! Here's an example:

1) Name of dress: Sari
2) Country of origin: India
3) Continent of origin: Asia",Qwen/Qwen2.5-7B-Instruct,38,0.0030303030303030303
"Name a cultural wear and provide: 1) Name of dress, 2) Country of origin, 3) Continent of origin","Certainly! Here's an example:

1) Name of dress: Sari
2) Country of origin: India
3) Continent of origin: Asia",Qwen/Qwen2.5-7B-Instruct,36,0.0030303030303030303
"Name a cultural wear and provide: 1) Name of dress, 2) Country of origin, 3) Continent of origin","Certainly! Here's an example:

1) **Name of Dress:** Sari
2) **Country of Origin:** India
3) **Continent of Origin:** Asia",Qwen/Qwen2.5-7B-Instruct,5,0.00101010101010101
"Name a cultural wear and provide: 1) Name of dress, 2) Country of origin, 3) Continent of origin","Certainly! Here's a cultural dress that fits your request:

1) Name of dress: Sari
2) Country of origin: India
3) Continent of origin: Asia",Qwen/Qwen2.5-7B-Instruct,4,0.0
"Name a traditional clothing and provide: 1) Name of clothing, 2) Country of origin, 3) Continent of origin","Certainly! Here are the details for the traditional clothing known as the ""Kimono"":

1) Name of clothing: Kimono
2) Country of origin: Japan
3) Continent of origin: Asia",Qwen/Qwen2.5-7B-Instruct,77,0.11764705882352941
"Name a traditional clothing and provide: 1) Name of clothing, 2) Country of origin, 3) Continent of origin","Sure, here are the details for the Kimono:

1) Name of clothing: Kimono
2) Country of origin: Japan
3) Continent of origin: Asia",Qwen/Qwen2.5-7B-Instruct,26,0.09558823529411764
"Name a traditional clothing and provide: 1) Name of clothing, 2) Country of origin, 3) Continent of origin","Sure, here are the details for the Kimono:

1) Name of clothing: Kimono
2) Country of origin: Japan
3) Continent of origin: Asia",Qwen/Qwen2.5-7B-Instruct,61,0.09558823529411764
"Name a traditional clothing and provide: 1) Name of clothing, 2) Country of origin, 3) Continent of origin","Sure, here are the details for the Kimono:

1) Name of clothing: Kimono
2) Country of origin: Japan
3) Continent of origin: Asia",Qwen/Qwen2.5-7B-Instruct,50,0.09558823529411764
"Name a traditional clothing and provide: 1) Name of clothing, 2) Country of origin, 3) Continent of origin","Sure, here are the details for the Kimono:

1) Name of clothing: Kimono
2) Country of origin: Japan
3) Continent of origin: Asia",Qwen/Qwen2.5-7B-Instruct,46,0.09558823529411764
"Name a traditional clothing and provide: 1) Name of clothing, 2) Country of origin, 3) Continent of origin","Certainly! Here's the information for the traditional clothing known as the Kimono:

1) Name of clothing: Kimono
2) Country of origin: Japan
3) Continent of origin: Asia",Qwen/Qwen2.5-7B-Instruct,4,0.09558823529411764
"Name a traditional clothing and provide: 1) Name of clothing, 2) Country of origin, 3) Continent of origin","Certainly! Here are the details for the traditional Japanese kimono:

1) Name of clothing: Kimono
2) Country of origin: Japan
3) Continent of origin: Asia",Qwen/Qwen2.5-7B-Instruct,79,0.09558823529411764
"Name a traditional clothing and provide: 1) Name of clothing, 2) Country of origin, 3) Continent of origin","Certainly! Here are the details for the traditional clothing called ""Kimono"":

1) Name of clothing: Kimono
2) Country of origin: Japan
3) Continent of origin: Asia",Qwen/Qwen2.5-7B-Instruct,6,0.08823529411764706
"Name a traditional clothing and provide: 1) Name of clothing, 2) Country of origin, 3) Continent of origin","Sure! Here are the details for the traditional Japanese Kimono:

1) Name of clothing: Kimono
2) Country of origin: Japan
3) Continent of origin: Asia",Qwen/Qwen2.5-7B-Instruct,72,0.08823529411764706
"Name a traditional clothing and provide: 1) Name of clothing, 2) Country of origin, 3) Continent of origin","Sure, here are the details for the traditional clothing called the Kimono:

1) Name of clothing: Kimono
2) Country of origin: Japan
3) Continent of origin: Asia",Qwen/Qwen2.5-7B-Instruct,29,0.08088235294117647
"Name a traditional clothing and provide: 1) Name of clothing, 2) Country of origin, 3) Continent of origin","Sure, let's take the Kimono as an example:

1) Name of clothing: Kimono
2) Country of origin: Japan
3) Continent of origin: Asia",Qwen/Qwen2.5-7B-Instruct,0,0.0661764705882353
"Name a traditional clothing and provide: 1) Name of clothing, 2) Country of origin, 3) Continent of origin","1) Name of clothing: Kimono
2) Country of origin: Japan
3) Continent of origin: Asia",Qwen/Qwen2.5-7B-Instruct,65,0.058823529411764705
"Name a traditional clothing and provide: 1) Name of clothing, 2) Country of origin, 3) Continent of origin","1) Name of clothing: Kimono
2) Country of origin: Japan
3) Continent of origin: Asia",Qwen/Qwen2.5-7B-Instruct,71,0.058823529411764705
"Name a traditional clothing and provide: 1) Name of clothing, 2) Country of origin, 3) Continent of origin","1) Name of clothing: Kimono
2) Country of origin: Japan
3) Continent of origin: Asia",Qwen/Qwen2.5-7B-Instruct,70,0.058823529411764705
"Name a traditional clothing and provide: 1) Name of clothing, 2) Country of origin, 3) Continent of origin","1) Name of clothing: Kimono
2) Country of origin: Japan
3) Continent of origin: Asia",Qwen/Qwen2.5-7B-Instruct,67,0.058823529411764705
"Name a traditional clothing and provide: 1) Name of clothing, 2) Country of origin, 3) Continent of origin","1) Name of clothing: Kimono
2) Country of origin: Japan
3) Continent of origin: Asia",Qwen/Qwen2.5-7B-Instruct,64,0.058823529411764705
"Name a traditional clothing and provide: 1) Name of clothing, 2) Country of origin, 3) Continent of origin","1) Name of clothing: Kimono
2) Country of origin: Japan
3) Continent of origin: Asia",Qwen/Qwen2.5-7B-Instruct,68,0.058823529411764705
"Name a traditional clothing and provide: 1) Name of clothing, 2) Country of origin, 3) Continent of origin","1) Name of clothing: Kimono
2) Country of origin: Japan
3) Continent of origin: Asia",Qwen/Qwen2.5-7B-Instruct,27,0.058823529411764705
"Name a traditional clothing and provide: 1) Name of clothing, 2) Country of origin, 3) Continent of origin","1) Name of clothing: Kimono
2) Country of origin: Japan
3) Continent of origin: Asia",Qwen/Qwen2.5-7B-Instruct,28,0.058823529411764705
"Name a traditional clothing and provide: 1) Name of clothing, 2) Country of origin, 3) Continent of origin","1) Name of clothing: Kimono
2) Country of origin: Japan
3) Continent of origin: Asia",Qwen/Qwen2.5-7B-Instruct,25,0.058823529411764705
"Name a traditional clothing and provide: 1) Name of clothing, 2) Country of origin, 3) Continent of origin","1) Name of clothing: Kimono
2) Country of origin: Japan
3) Continent of origin: Asia",Qwen/Qwen2.5-7B-Instruct,30,0.058823529411764705
"Name a traditional clothing and provide: 1) Name of clothing, 2) Country of origin, 3) Continent of origin","1) Name of clothing: Kimono
2) Country of origin: Japan
3) Continent of origin: Asia",Qwen/Qwen2.5-7B-Instruct,10,0.058823529411764705
"Name a traditional clothing and provide: 1) Name of clothing, 2) Country of origin, 3) Continent of origin","1) Name of clothing: Kimono
2) Country of origin: Japan
3) Continent of origin: Asia",Qwen/Qwen2.5-7B-Instruct,15,0.058823529411764705
"Name a traditional clothing and provide: 1) Name of clothing, 2) Country of origin, 3) Continent of origin","1) Name of clothing: Kimono
2) Country of origin: Japan
3) Continent of origin: Asia",Qwen/Qwen2.5-7B-Instruct,12,0.058823529411764705
"Name a traditional clothing and provide: 1) Name of clothing, 2) Country of origin, 3) Continent of origin","1) Name of clothing: Kimono
2) Country of origin: Japan
3) Continent of origin: Asia",Qwen/Qwen2.5-7B-Instruct,14,0.058823529411764705
"Name a traditional clothing and provide: 1) Name of clothing, 2) Country of origin, 3) Continent of origin","1) Name of clothing: Kimono
2) Country of origin: Japan
3) Continent of origin: Asia",Qwen/Qwen2.5-7B-Instruct,8,0.058823529411764705
"Name a traditional clothing and provide: 1) Name of clothing, 2) Country of origin, 3) Continent of origin","1) Name of clothing: Kimono
2) Country of origin: Japan
3) Continent of origin: Asia",Qwen/Qwen2.5-7B-Instruct,11,0.058823529411764705
"Name a traditional clothing and provide: 1) Name of clothing, 2) Country of origin, 3) Continent of origin","1) Name of clothing: Kimono
2) Country of origin: Japan
3) Continent of origin: Asia",Qwen/Qwen2.5-7B-Instruct,58,0.058823529411764705
"Name a traditional clothing and provide: 1) Name of clothing, 2) Country of origin, 3) Continent of origin","1) Name of clothing: Kimono
2) Country of origin: Japan
3) Continent of origin: Asia",Qwen/Qwen2.5-7B-Instruct,60,0.058823529411764705
"Name a traditional clothing and provide: 1) Name of clothing, 2) Country of origin, 3) Continent of origin","1) Name of clothing: Kimono
2) Country of origin: Japan
3) Continent of origin: Asia",Qwen/Qwen2.5-7B-Instruct,56,0.058823529411764705
"Name a traditional clothing and provide: 1) Name of clothing, 2) Country of origin, 3) Continent of origin","1) Name of clothing: Kimono
2) Country of origin: Japan
3) Continent of origin: Asia",Qwen/Qwen2.5-7B-Instruct,63,0.058823529411764705
"Name a traditional clothing and provide: 1) Name of clothing, 2) Country of origin, 3) Continent of origin","1) Name of clothing: Kimono
2) Country of origin: Japan
3) Continent of origin: Asia",Qwen/Qwen2.5-7B-Instruct,59,0.058823529411764705
"Name a traditional clothing and provide: 1) Name of clothing, 2) Country of origin, 3) Continent of origin","1) Name of clothing: Kimono
2) Country of origin: Japan
3) Continent of origin: Asia",Qwen/Qwen2.5-7B-Instruct,57,0.058823529411764705
"Name a traditional clothing and provide: 1) Name of clothing, 2) Country of origin, 3) Continent of origin","1) Name of clothing: Kimono
2) Country of origin: Japan
3) Continent of origin: Asia",Qwen/Qwen2.5-7B-Instruct,3,0.058823529411764705
"Name a traditional clothing and provide: 1) Name of clothing, 2) Country of origin, 3) Continent of origin","1) Name of clothing: Kimono
2) Country of origin: Japan
3) Continent of origin: Asia",Qwen/Qwen2.5-7B-Instruct,1,0.058823529411764705
"Name a traditional clothing and provide: 1) Name of clothing, 2) Country of origin, 3) Continent of origin","1) Name of clothing: Kimono
2) Country of origin: Japan
3) Continent of origin: Asia",Qwen/Qwen2.5-7B-Instruct,7,0.058823529411764705
"Name a traditional clothing and provide: 1) Name of clothing, 2) Country of origin, 3) Continent of origin","1) Name of clothing: Kimono
2) Country of origin: Japan
3) Continent of origin: Asia",Qwen/Qwen2.5-7B-Instruct,5,0.058823529411764705
"Name a traditional clothing and provide: 1) Name of clothing, 2) Country of origin, 3) Continent of origin","1) Name of clothing: Kimono
2) Country of origin: Japan
3) Continent of origin: Asia",Qwen/Qwen2.5-7B-Instruct,2,0.058823529411764705
"Name a traditional clothing and provide: 1) Name of clothing, 2) Country of origin, 3) Continent of origin","1) Name of clothing: Kimono
2) Country of origin: Japan
3) Continent of origin: Asia",Qwen/Qwen2.5-7B-Instruct,52,0.058823529411764705
"Name a traditional clothing and provide: 1) Name of clothing, 2) Country of origin, 3) Continent of origin","1) Name of clothing: Kimono
2) Country of origin: Japan
3) Continent of origin: Asia",Qwen/Qwen2.5-7B-Instruct,55,0.058823529411764705
"Name a traditional clothing and provide: 1) Name of clothing, 2) Country of origin, 3) Continent of origin","1) Name of clothing: Kimono
2) Country of origin: Japan
3) Continent of origin: Asia",Qwen/Qwen2.5-7B-Instruct,48,0.058823529411764705
"Name a traditional clothing and provide: 1) Name of clothing, 2) Country of origin, 3) Continent of origin","1) Name of clothing: Kimono
2) Country of origin: Japan
3) Continent of origin: Asia",Qwen/Qwen2.5-7B-Instruct,51,0.058823529411764705
"Name a traditional clothing and provide: 1) Name of clothing, 2) Country of origin, 3) Continent of origin","1) Name of clothing: Kimono
2) Country of origin: Japan
3) Continent of origin: Asia",Qwen/Qwen2.5-7B-Instruct,49,0.058823529411764705
"Name a traditional clothing and provide: 1) Name of clothing, 2) Country of origin, 3) Continent of origin","1) Name of clothing: Kimono
2) Country of origin: Japan
3) Continent of origin: Asia",Qwen/Qwen2.5-7B-Instruct,44,0.058823529411764705
"Name a traditional clothing and provide: 1) Name of clothing, 2) Country of origin, 3) Continent of origin","1) Name of clothing: Kimono
2) Country of origin: Japan
3) Continent of origin: Asia",Qwen/Qwen2.5-7B-Instruct,40,0.058823529411764705
"Name a traditional clothing and provide: 1) Name of clothing, 2) Country of origin, 3) Continent of origin","1) Name of clothing: Kimono
2) Country of origin: Japan
3) Continent of origin: Asia",Qwen/Qwen2.5-7B-Instruct,47,0.058823529411764705
"Name a traditional clothing and provide: 1) Name of clothing, 2) Country of origin, 3) Continent of origin","1) Name of clothing: Kimono
2) Country of origin: Japan
3) Continent of origin: Asia",Qwen/Qwen2.5-7B-Instruct,45,0.058823529411764705
"Name a traditional clothing and provide: 1) Name of clothing, 2) Country of origin, 3) Continent of origin","1) Name of clothing: Kimono
2) Country of origin: Japan
3) Continent of origin: Asia",Qwen/Qwen2.5-7B-Instruct,42,0.058823529411764705
"Name a traditional clothing and provide: 1) Name of clothing, 2) Country of origin, 3) Continent of origin","1) Name of clothing: Kimono
2) Country of origin: Japan
3) Continent of origin: Asia",Qwen/Qwen2.5-7B-Instruct,41,0.058823529411764705
"Name a traditional clothing and provide: 1) Name of clothing, 2) Country of origin, 3) Continent of origin","1) Name of clothing: Kimono
2) Country of origin: Japan
3) Continent of origin: Asia",Qwen/Qwen2.5-7B-Instruct,43,0.058823529411764705
"Name a traditional clothing and provide: 1) Name of clothing, 2) Country of origin, 3) Continent of origin","1) Name of clothing: Kimono
2) Country of origin: Japan
3) Continent of origin: Asia",Qwen/Qwen2.5-7B-Instruct,74,0.058823529411764705
"Name a traditional clothing and provide: 1) Name of clothing, 2) Country of origin, 3) Continent of origin","1) Name of clothing: Kimono
2) Country of origin: Japan
3) Continent of origin: Asia",Qwen/Qwen2.5-7B-Instruct,75,0.058823529411764705
"Name a traditional clothing and provide: 1) Name of clothing, 2) Country of origin, 3) Continent of origin","1) Name of clothing: Kimono
2) Country of origin: Japan
3) Continent of origin: Asia",Qwen/Qwen2.5-7B-Instruct,73,0.058823529411764705
"Name a traditional clothing and provide: 1) Name of clothing, 2) Country of origin, 3) Continent of origin","1) Name of clothing: Kimono
2) Country of origin: Japan
3) Continent of origin: Asia",Qwen/Qwen2.5-7B-Instruct,78,0.058823529411764705
"Name a traditional clothing and provide: 1) Name of clothing, 2) Country of origin, 3) Continent of origin","1) Name of clothing: Kimono
2) Country of origin: Japan
3) Continent of origin: Asia",Qwen/Qwen2.5-7B-Instruct,39,0.058823529411764705
"Name a traditional clothing and provide: 1) Name of clothing, 2) Country of origin, 3) Continent of origin","1) Name of clothing: Kimono
2) Country of origin: Japan
3) Continent of origin: Asia",Qwen/Qwen2.5-7B-Instruct,35,0.058823529411764705
"Name a traditional clothing and provide: 1) Name of clothing, 2) Country of origin, 3) Continent of origin","1) Name of clothing: Kimono
2) Country of origin: Japan
3) Continent of origin: Asia",Qwen/Qwen2.5-7B-Instruct,32,0.058823529411764705
"Name a traditional clothing and provide: 1) Name of clothing, 2) Country of origin, 3) Continent of origin","1) Name of clothing: Kimono
2) Country of origin: Japan
3) Continent of origin: Asia",Qwen/Qwen2.5-7B-Instruct,37,0.058823529411764705
"Name a traditional clothing and provide: 1) Name of clothing, 2) Country of origin, 3) Continent of origin","1) Name of clothing: Kimono
2) Country of origin: Japan
3) Continent of origin: Asia",Qwen/Qwen2.5-7B-Instruct,38,0.058823529411764705
"Name a traditional clothing and provide: 1) Name of clothing, 2) Country of origin, 3) Continent of origin","1) Name of clothing: Kimono
2) Country of origin: Japan
3) Continent of origin: Asia",Qwen/Qwen2.5-7B-Instruct,36,0.058823529411764705
"Name a traditional clothing and provide: 1) Name of clothing, 2) Country of origin, 3) Continent of origin","1) Name of clothing: Kimono
2) Country of origin: Japan
3) Continent of origin: Asia",Qwen/Qwen2.5-7B-Instruct,23,0.058823529411764705
"Name a traditional clothing and provide: 1) Name of clothing, 2) Country of origin, 3) Continent of origin","1) Name of clothing: Kimono
2) Country of origin: Japan
3) Continent of origin: Asia",Qwen/Qwen2.5-7B-Instruct,20,0.058823529411764705
"Name a traditional clothing and provide: 1) Name of clothing, 2) Country of origin, 3) Continent of origin","1) Name of clothing: Kimono
2) Country of origin: Japan
3) Continent of origin: Asia",Qwen/Qwen2.5-7B-Instruct,18,0.058823529411764705
"Name a traditional clothing and provide: 1) Name of clothing, 2) Country of origin, 3) Continent of origin","1) Name of clothing: Kimono
2) Country of origin: Japan
3) Continent of origin: Asia",Qwen/Qwen2.5-7B-Instruct,21,0.058823529411764705
"Name a traditional clothing and provide: 1) Name of clothing, 2) Country of origin, 3) Continent of origin","1) Name of clothing: Kimono
2) Country of origin: Japan
3) Continent of origin: Asia",Qwen/Qwen2.5-7B-Instruct,17,0.058823529411764705
"Name a traditional clothing and provide: 1) Name of clothing, 2) Country of origin, 3) Continent of origin","1) Name of clothing: Kimono
2) Country of origin: Japan
3) Continent of origin: Asia",Qwen/Qwen2.5-7B-Instruct,19,0.058823529411764705
"Name a traditional clothing and provide: 1) Name of clothing, 2) Country of origin, 3) Continent of origin","Certainly! Here are the details for the traditional clothing named ""Kimono"":

1) Name of clothing: Kimono
2) Country of origin: Japan
3) Continent of origin: Asia",Qwen/Qwen2.5-7B-Instruct,54,0.051470588235294115
"Name a traditional clothing and provide: 1) Name of clothing, 2) Country of origin, 3) Continent of origin","Sure, here are the details for a traditional clothing item:

1) Name of clothing: Kimono
2) Country of origin: Japan
3) Continent of origin: Asia",Qwen/Qwen2.5-7B-Instruct,22,0.04411764705882353
"Name a traditional clothing and provide: 1) Name of clothing, 2) Country of origin, 3) Continent of origin","Sure, here are the details for the traditional clothing known as "" kimono"":

1) Name of clothing: Kimono
2) Country of origin: Japan
3) Continent of origin: Asia",Qwen/Qwen2.5-7B-Instruct,16,0.04411764705882353
"Name a traditional clothing and provide: 1) Name of clothing, 2) Country of origin, 3) Continent of origin","Certainly! Here are the details for a traditional clothing item:

1) Name of clothing: Kimono
2) Country of origin: Japan
3) Continent of origin: Asia",Qwen/Qwen2.5-7B-Instruct,69,0.022058823529411766
"Name a traditional clothing and provide: 1) Name of clothing, 2) Country of origin, 3) Continent of origin","Certainly! Here are the details for a traditional clothing item:

1) Name of clothing: Kimono
2) Country of origin: Japan
3) Continent of origin: Asia",Qwen/Qwen2.5-7B-Instruct,31,0.022058823529411766
"Name a traditional clothing and provide: 1) Name of clothing, 2) Country of origin, 3) Continent of origin","Certainly! Here are the details for a traditional clothing item:

1) Name of clothing: Kimono
2) Country of origin: Japan
3) Continent of origin: Asia",Qwen/Qwen2.5-7B-Instruct,13,0.022058823529411766
"Name a traditional clothing and provide: 1) Name of clothing, 2) Country of origin, 3) Continent of origin","Certainly! Here are the details for a traditional clothing:

1) Name of clothing: Kimono
2) Country of origin: Japan
3) Continent of origin: Asia",Qwen/Qwen2.5-7B-Instruct,53,0.022058823529411766
"Name a traditional clothing and provide: 1) Name of clothing, 2) Country of origin, 3) Continent of origin","Certainly! Here's the information for traditional clothing:

1) Name of clothing: Kimono
2) Country of origin: Japan
3) Continent of origin: Asia",Qwen/Qwen2.5-7B-Instruct,66,0.014705882352941176
"Name a traditional clothing and provide: 1) Name of clothing, 2) Country of origin, 3) Continent of origin","Sure, here is an example:

1) Name of clothing: Kimono
2) Country of origin: Japan
3) Continent of origin: Asia",Qwen/Qwen2.5-7B-Instruct,9,0.014705882352941176
"Name a traditional clothing and provide: 1) Name of clothing, 2) Country of origin, 3) Continent of origin","1) Kimono
2) Japan
3) Asia",Qwen/Qwen2.5-7B-Instruct,24,0.0
"Name a traditional clothing and provide: 1) Name of clothing, 2) Country of origin, 3) Continent of origin","1) Kimono
2) Japan
3) Asia",Qwen/Qwen2.5-7B-Instruct,62,0.0
"Name a traditional clothing and provide: 1) Name of clothing, 2) Country of origin, 3) Continent of origin","1) Kimono
2) Japan
3) Asia",Qwen/Qwen2.5-7B-Instruct,76,0.0
"Name a traditional clothing and provide: 1) Name of clothing, 2) Country of origin, 3) Continent of origin","1) Kimono
2) Japan
3) Asia",Qwen/Qwen2.5-7B-Instruct,33,0.0
"Name a traditional clothing and provide: 1) Name of clothing, 2) Country of origin, 3) Continent of origin","1) Kimono
2) Japan
3) Asia",Qwen/Qwen2.5-7B-Instruct,34,0.0
"Name a traditional garment and provide: 1) Name of garment, 2) Country of origin, 3) Continent of origin","Sure, here are the details for the traditional garment ""Kimono"":

1) Name of garment: Kimono
2) Country of origin: Japan
3) Continent of origin: Asia",Qwen/Qwen2.5-7B-Instruct,22,0.13333333333333333
"Name a traditional garment and provide: 1) Name of garment, 2) Country of origin, 3) Continent of origin","Certainly! Here's the information for the garment known as the ""Kimono"":

1) Name of garment: Kimono
2) Country of origin: Japan
3) Continent of origin: Asia",Qwen/Qwen2.5-7B-Instruct,6,0.12380952380952381
"Name a traditional garment and provide: 1) Name of garment, 2) Country of origin, 3) Continent of origin","Certainly! Here are the details for the traditional garment known as the ""Kimono"":

1) Name of garment: Kimono
2) Country of origin: Japan
3) Continent of origin: Asia",Qwen/Qwen2.5-7B-Instruct,13,0.11428571428571428
"Name a traditional garment and provide: 1) Name of garment, 2) Country of origin, 3) Continent of origin","Certainly! Here are the details for the traditional garment known as the ""Kimono"":

1) Name of garment: Kimono
2) Country of origin: Japan
3) Continent of origin: Asia",Qwen/Qwen2.5-7B-Instruct,4,0.11428571428571428
"Name a traditional garment and provide: 1) Name of garment, 2) Country of origin, 3) Continent of origin","Certainly! Here are the details for the traditional garment known as the ""Kimono"":

1) Name of garment: Kimono
2) Country of origin: Japan
3) Continent of origin: Asia",Qwen/Qwen2.5-7B-Instruct,54,0.11428571428571428
"Name a traditional garment and provide: 1) Name of garment, 2) Country of origin, 3) Continent of origin","Certainly! Here are the details for the traditional garment known as the ""Kimono"":

1) Name of garment: Kimono
2) Country of origin: Japan
3) Continent of origin: Asia",Qwen/Qwen2.5-7B-Instruct,77,0.11428571428571428
"Name a traditional garment and provide: 1) Name of garment, 2) Country of origin, 3) Continent of origin","Sure, here are the details for the traditional garment known as the **Kimono**:

1. Name of garment: Kimono
2. Country of origin: Japan
3. Continent of origin: Asia",Qwen/Qwen2.5-7B-Instruct,29,0.10476190476190476
"Name a traditional garment and provide: 1) Name of garment, 2) Country of origin, 3) Continent of origin","Certainly! Here are the details for the traditional garment known as the **kimono**:

1) Name of garment: Kimono
2) Country of origin: Japan
3) Continent of origin: Asia",Qwen/Qwen2.5-7B-Instruct,66,0.09523809523809523
"Name a traditional garment and provide: 1) Name of garment, 2) Country of origin, 3) Continent of origin","Sure! Here are the details for the traditional garment known as the **Kimono**:

1) Name of garment: Kimono
2) Country of origin: Japan
3) Continent of origin: Asia",Qwen/Qwen2.5-7B-Instruct,72,0.08571428571428572
"Name a traditional garment and provide: 1) Name of garment, 2) Country of origin, 3) Continent of origin","Sure, here are the details for the Kimono:

1) Name of garment: Kimono
2) Country of origin: Japan
3) Continent of origin: Asia",Qwen/Qwen2.5-7B-Instruct,26,0.0761904761904762
"Name a traditional garment and provide: 1) Name of garment, 2) Country of origin, 3) Continent of origin","Sure, here are the details for the Kimono:

1) Name of garment: Kimono
2) Country of origin: Japan
3) Continent of origin: Asia",Qwen/Qwen2.5-7B-Instruct,61,0.0761904761904762
"Name a traditional garment and provide: 1) Name of garment, 2) Country of origin, 3) Continent of origin","1) Name of garment: Kimono
2) Country of origin: Japan
3) Continent of origin: Asia",Qwen/Qwen2.5-7B-Instruct,65,0.06666666666666667
"Name a traditional garment and provide: 1) Name of garment, 2) Country of origin, 3) Continent of origin","1) Name of garment: Kimono
2) Country of origin: Japan
3) Continent of origin: Asia",Qwen/Qwen2.5-7B-Instruct,71,0.06666666666666667
"Name a traditional garment and provide: 1) Name of garment, 2) Country of origin, 3) Continent of origin","1) Name of garment: Kimono
2) Country of origin: Japan
3) Continent of origin: Asia",Qwen/Qwen2.5-7B-Instruct,70,0.06666666666666667
"Name a traditional garment and provide: 1) Name of garment, 2) Country of origin, 3) Continent of origin","1) Name of garment: Kimono
2) Country of origin: Japan
3) Continent of origin: Asia",Qwen/Qwen2.5-7B-Instruct,67,0.06666666666666667
"Name a traditional garment and provide: 1) Name of garment, 2) Country of origin, 3) Continent of origin","1) Name of garment: Kimono
2) Country of origin: Japan
3) Continent of origin: Asia",Qwen/Qwen2.5-7B-Instruct,64,0.06666666666666667
"Name a traditional garment and provide: 1) Name of garment, 2) Country of origin, 3) Continent of origin","1) Name of garment: Kimono
2) Country of origin: Japan
3) Continent of origin: Asia",Qwen/Qwen2.5-7B-Instruct,69,0.06666666666666667
"Name a traditional garment and provide: 1) Name of garment, 2) Country of origin, 3) Continent of origin","1) Name of garment: Kimono
2) Country of origin: Japan
3) Continent of origin: Asia",Qwen/Qwen2.5-7B-Instruct,68,0.06666666666666667
"Name a traditional garment and provide: 1) Name of garment, 2) Country of origin, 3) Continent of origin","1) Name of garment: Kimono
2) Country of origin: Japan
3) Continent of origin: Asia",Qwen/Qwen2.5-7B-Instruct,24,0.06666666666666667
"Name a traditional garment and provide: 1) Name of garment, 2) Country of origin, 3) Continent of origin","1) Name of garment: Kimono
2) Country of origin: Japan
3) Continent of origin: Asia",Qwen/Qwen2.5-7B-Instruct,27,0.06666666666666667
"Name a traditional garment and provide: 1) Name of garment, 2) Country of origin, 3) Continent of origin","1) Name of garment: Kimono
2) Country of origin: Japan
3) Continent of origin: Asia",Qwen/Qwen2.5-7B-Instruct,28,0.06666666666666667
"Name a traditional garment and provide: 1) Name of garment, 2) Country of origin, 3) Continent of origin","1) Name of garment: Kimono
2) Country of origin: Japan
3) Continent of origin: Asia",Qwen/Qwen2.5-7B-Instruct,25,0.06666666666666667
"Name a traditional garment and provide: 1) Name of garment, 2) Country of origin, 3) Continent of origin","1) Name of garment: Kimono
2) Country of origin: Japan
3) Continent of origin: Asia",Qwen/Qwen2.5-7B-Instruct,30,0.06666666666666667
"Name a traditional garment and provide: 1) Name of garment, 2) Country of origin, 3) Continent of origin","1) Name of garment: Kimono
2) Country of origin: Japan
3) Continent of origin: Asia",Qwen/Qwen2.5-7B-Instruct,10,0.06666666666666667
"Name a traditional garment and provide: 1) Name of garment, 2) Country of origin, 3) Continent of origin","1) Name of garment: Kimono
2) Country of origin: Japan
3) Continent of origin: Asia",Qwen/Qwen2.5-7B-Instruct,15,0.06666666666666667
"Name a traditional garment and provide: 1) Name of garment, 2) Country of origin, 3) Continent of origin","1) Name of garment: Kimono
2) Country of origin: Japan
3) Continent of origin: Asia",Qwen/Qwen2.5-7B-Instruct,12,0.06666666666666667
"Name a traditional garment and provide: 1) Name of garment, 2) Country of origin, 3) Continent of origin","1) Name of garment: Kimono
2) Country of origin: Japan
3) Continent of origin: Asia",Qwen/Qwen2.5-7B-Instruct,14,0.06666666666666667
"Name a traditional garment and provide: 1) Name of garment, 2) Country of origin, 3) Continent of origin","1) Name of garment: Kimono
2) Country of origin: Japan
3) Continent of origin: Asia",Qwen/Qwen2.5-7B-Instruct,8,0.06666666666666667
"Name a traditional garment and provide: 1) Name of garment, 2) Country of origin, 3) Continent of origin","1) Name of garment: Kimono
2) Country of origin: Japan
3) Continent of origin: Asia",Qwen/Qwen2.5-7B-Instruct,11,0.06666666666666667
"Name a traditional garment and provide: 1) Name of garment, 2) Country of origin, 3) Continent of origin","1) Name of garment: Kimono
2) Country of origin: Japan
3) Continent of origin: Asia",Qwen/Qwen2.5-7B-Instruct,58,0.06666666666666667
"Name a traditional garment and provide: 1) Name of garment, 2) Country of origin, 3) Continent of origin","1) Name of garment: Kimono
2) Country of origin: Japan
3) Continent of origin: Asia",Qwen/Qwen2.5-7B-Instruct,60,0.06666666666666667
"Name a traditional garment and provide: 1) Name of garment, 2) Country of origin, 3) Continent of origin","1) Name of garment: Kimono
2) Country of origin: Japan
3) Continent of origin: Asia",Qwen/Qwen2.5-7B-Instruct,56,0.06666666666666667
"Name a traditional garment and provide: 1) Name of garment, 2) Country of origin, 3) Continent of origin","1) Name of garment: Kimono
2) Country of origin: Japan
3) Continent of origin: Asia",Qwen/Qwen2.5-7B-Instruct,63,0.06666666666666667
"Name a traditional garment and provide: 1) Name of garment, 2) Country of origin, 3) Continent of origin","1) Name of garment: Kimono
2) Country of origin: Japan
3) Continent of origin: Asia",Qwen/Qwen2.5-7B-Instruct,62,0.06666666666666667
"Name a traditional garment and provide: 1) Name of garment, 2) Country of origin, 3) Continent of origin","1) Name of garment: Kimono
2) Country of origin: Japan
3) Continent of origin: Asia",Qwen/Qwen2.5-7B-Instruct,59,0.06666666666666667
"Name a traditional garment and provide: 1) Name of garment, 2) Country of origin, 3) Continent of origin","1) Name of garment: Kimono
2) Country of origin: Japan
3) Continent of origin: Asia",Qwen/Qwen2.5-7B-Instruct,57,0.06666666666666667
"Name a traditional garment and provide: 1) Name of garment, 2) Country of origin, 3) Continent of origin","1) Name of garment: Kimono
2) Country of origin: Japan
3) Continent of origin: Asia",Qwen/Qwen2.5-7B-Instruct,3,0.06666666666666667
"Name a traditional garment and provide: 1) Name of garment, 2) Country of origin, 3) Continent of origin","1) Name of garment: Kimono
2) Country of origin: Japan
3) Continent of origin: Asia",Qwen/Qwen2.5-7B-Instruct,1,0.06666666666666667
"Name a traditional garment and provide: 1) Name of garment, 2) Country of origin, 3) Continent of origin","1) Name of garment: Kimono
2) Country of origin: Japan
3) Continent of origin: Asia",Qwen/Qwen2.5-7B-Instruct,0,0.06666666666666667
"Name a traditional garment and provide: 1) Name of garment, 2) Country of origin, 3) Continent of origin","1) Name of garment: Kimono
2) Country of origin: Japan
3) Continent of origin: Asia",Qwen/Qwen2.5-7B-Instruct,7,0.06666666666666667
"Name a traditional garment and provide: 1) Name of garment, 2) Country of origin, 3) Continent of origin","1) Name of garment: Kimono
2) Country of origin: Japan
3) Continent of origin: Asia",Qwen/Qwen2.5-7B-Instruct,5,0.06666666666666667
"Name a traditional garment and provide: 1) Name of garment, 2) Country of origin, 3) Continent of origin","1) Name of garment: Kimono
2) Country of origin: Japan
3) Continent of origin: Asia",Qwen/Qwen2.5-7B-Instruct,2,0.06666666666666667
"Name a traditional garment and provide: 1) Name of garment, 2) Country of origin, 3) Continent of origin","1) Name of garment: Kimono
2) Country of origin: Japan
3) Continent of origin: Asia",Qwen/Qwen2.5-7B-Instruct,52,0.06666666666666667
"Name a traditional garment and provide: 1) Name of garment, 2) Country of origin, 3) Continent of origin","1) Name of garment: Kimono
2) Country of origin: Japan
3) Continent of origin: Asia",Qwen/Qwen2.5-7B-Instruct,55,0.06666666666666667
"Name a traditional garment and provide: 1) Name of garment, 2) Country of origin, 3) Continent of origin","1) Name of garment: Kimono
2) Country of origin: Japan
3) Continent of origin: Asia",Qwen/Qwen2.5-7B-Instruct,48,0.06666666666666667
"Name a traditional garment and provide: 1) Name of garment, 2) Country of origin, 3) Continent of origin","1) Name of garment: Kimono
2) Country of origin: Japan
3) Continent of origin: Asia",Qwen/Qwen2.5-7B-Instruct,51,0.06666666666666667
"Name a traditional garment and provide: 1) Name of garment, 2) Country of origin, 3) Continent of origin","1) Name of garment: Kimono
2) Country of origin: Japan
3) Continent of origin: Asia",Qwen/Qwen2.5-7B-Instruct,49,0.06666666666666667
"Name a traditional garment and provide: 1) Name of garment, 2) Country of origin, 3) Continent of origin","1) Name of garment: Kimono
2) Country of origin: Japan
3) Continent of origin: Asia",Qwen/Qwen2.5-7B-Instruct,44,0.06666666666666667
"Name a traditional garment and provide: 1) Name of garment, 2) Country of origin, 3) Continent of origin","1) Name of garment: Kimono
2) Country of origin: Japan
3) Continent of origin: Asia",Qwen/Qwen2.5-7B-Instruct,40,0.06666666666666667
"Name a traditional garment and provide: 1) Name of garment, 2) Country of origin, 3) Continent of origin","1) Name of garment: Kimono
2) Country of origin: Japan
3) Continent of origin: Asia",Qwen/Qwen2.5-7B-Instruct,47,0.06666666666666667
"Name a traditional garment and provide: 1) Name of garment, 2) Country of origin, 3) Continent of origin","1) Name of garment: Kimono
2) Country of origin: Japan
3) Continent of origin: Asia",Qwen/Qwen2.5-7B-Instruct,45,0.06666666666666667
"Name a traditional garment and provide: 1) Name of garment, 2) Country of origin, 3) Continent of origin","1) Name of garment: Kimono
2) Country of origin: Japan
3) Continent of origin: Asia",Qwen/Qwen2.5-7B-Instruct,42,0.06666666666666667
"Name a traditional garment and provide: 1) Name of garment, 2) Country of origin, 3) Continent of origin","1) Name of garment: Kimono
2) Country of origin: Japan
3) Continent of origin: Asia",Qwen/Qwen2.5-7B-Instruct,41,0.06666666666666667
"Name a traditional garment and provide: 1) Name of garment, 2) Country of origin, 3) Continent of origin","1) Name of garment: Kimono
2) Country of origin: Japan
3) Continent of origin: Asia",Qwen/Qwen2.5-7B-Instruct,43,0.06666666666666667
"Name a traditional garment and provide: 1) Name of garment, 2) Country of origin, 3) Continent of origin","1) Name of garment: Kimono
2) Country of origin: Japan
3) Continent of origin: Asia",Qwen/Qwen2.5-7B-Instruct,74,0.06666666666666667
"Name a traditional garment and provide: 1) Name of garment, 2) Country of origin, 3) Continent of origin","1) Name of garment: Kimono
2) Country of origin: Japan
3) Continent of origin: Asia",Qwen/Qwen2.5-7B-Instruct,75,0.06666666666666667
"Name a traditional garment and provide: 1) Name of garment, 2) Country of origin, 3) Continent of origin","1) Name of garment: Kimono
2) Country of origin: Japan
3) Continent of origin: Asia",Qwen/Qwen2.5-7B-Instruct,73,0.06666666666666667
"Name a traditional garment and provide: 1) Name of garment, 2) Country of origin, 3) Continent of origin","1) Name of garment: Kimono
2) Country of origin: Japan
3) Continent of origin: Asia",Qwen/Qwen2.5-7B-Instruct,76,0.06666666666666667
"Name a traditional garment and provide: 1) Name of garment, 2) Country of origin, 3) Continent of origin","1) Name of garment: Kimono
2) Country of origin: Japan
3) Continent of origin: Asia",Qwen/Qwen2.5-7B-Instruct,78,0.06666666666666667
"Name a traditional garment and provide: 1) Name of garment, 2) Country of origin, 3) Continent of origin","1) Name of garment: Kimono
2) Country of origin: Japan
3) Continent of origin: Asia",Qwen/Qwen2.5-7B-Instruct,39,0.06666666666666667
"Name a traditional garment and provide: 1) Name of garment, 2) Country of origin, 3) Continent of origin","1) Name of garment: Kimono
2) Country of origin: Japan
3) Continent of origin: Asia",Qwen/Qwen2.5-7B-Instruct,35,0.06666666666666667
"Name a traditional garment and provide: 1) Name of garment, 2) Country of origin, 3) Continent of origin","1) Name of garment: Kimono
2) Country of origin: Japan
3) Continent of origin: Asia",Qwen/Qwen2.5-7B-Instruct,32,0.06666666666666667
"Name a traditional garment and provide: 1) Name of garment, 2) Country of origin, 3) Continent of origin","1) Name of garment: Kimono
2) Country of origin: Japan
3) Continent of origin: Asia",Qwen/Qwen2.5-7B-Instruct,33,0.06666666666666667
"Name a traditional garment and provide: 1) Name of garment, 2) Country of origin, 3) Continent of origin","1) Name of garment: Kimono
2) Country of origin: Japan
3) Continent of origin: Asia",Qwen/Qwen2.5-7B-Instruct,37,0.06666666666666667
"Name a traditional garment and provide: 1) Name of garment, 2) Country of origin, 3) Continent of origin","1) Name of garment: Kimono
2) Country of origin: Japan
3) Continent of origin: Asia",Qwen/Qwen2.5-7B-Instruct,38,0.06666666666666667
"Name a traditional garment and provide: 1) Name of garment, 2) Country of origin, 3) Continent of origin","1) Name of garment: Kimono
2) Country of origin: Japan
3) Continent of origin: Asia",Qwen/Qwen2.5-7B-Instruct,36,0.06666666666666667
"Name a traditional garment and provide: 1) Name of garment, 2) Country of origin, 3) Continent of origin","1) Name of garment: Kimono
2) Country of origin: Japan
3) Continent of origin: Asia",Qwen/Qwen2.5-7B-Instruct,34,0.06666666666666667
"Name a traditional garment and provide: 1) Name of garment, 2) Country of origin, 3) Continent of origin","1) Name of garment: Kimono
2) Country of origin: Japan
3) Continent of origin: Asia",Qwen/Qwen2.5-7B-Instruct,23,0.06666666666666667
"Name a traditional garment and provide: 1) Name of garment, 2) Country of origin, 3) Continent of origin","1) Name of garment: Kimono
2) Country of origin: Japan
3) Continent of origin: Asia",Qwen/Qwen2.5-7B-Instruct,20,0.06666666666666667
"Name a traditional garment and provide: 1) Name of garment, 2) Country of origin, 3) Continent of origin","1) Name of garment: Kimono
2) Country of origin: Japan
3) Continent of origin: Asia",Qwen/Qwen2.5-7B-Instruct,18,0.06666666666666667
"Name a traditional garment and provide: 1) Name of garment, 2) Country of origin, 3) Continent of origin","1) Name of garment: Kimono
2) Country of origin: Japan
3) Continent of origin: Asia",Qwen/Qwen2.5-7B-Instruct,21,0.06666666666666667
"Name a traditional garment and provide: 1) Name of garment, 2) Country of origin, 3) Continent of origin","1) Name of garment: Kimono
2) Country of origin: Japan
3) Continent of origin: Asia",Qwen/Qwen2.5-7B-Instruct,17,0.06666666666666667
"Name a traditional garment and provide: 1) Name of garment, 2) Country of origin, 3) Continent of origin","Sure, here is an example:

1) Name of garment: Kimono
2) Country of origin: Japan
3) Continent of origin: Asia",Qwen/Qwen2.5-7B-Instruct,9,0.047619047619047616
"Name a traditional garment and provide: 1) Name of garment, 2) Country of origin, 3) Continent of origin","Sure, here's an example:

1) Name of garment: Kimono
2) Country of origin: Japan
3) Continent of origin: Asia",Qwen/Qwen2.5-7B-Instruct,50,0.0380952380952381
"Name a traditional garment and provide: 1) Name of garment, 2) Country of origin, 3) Continent of origin","Sure, here's an example:

1) Name of garment: Kimono
2) Country of origin: Japan
3) Continent of origin: Asia",Qwen/Qwen2.5-7B-Instruct,46,0.0380952380952381
"Name a traditional garment and provide: 1) Name of garment, 2) Country of origin, 3) Continent of origin","Certainly! Here's the information for a traditional garment:

1) Name of garment: Kimono
2) Country of origin: Japan
3) Continent of origin: Asia",Qwen/Qwen2.5-7B-Instruct,79,0.0380952380952381
"Name a traditional garment and provide: 1) Name of garment, 2) Country of origin, 3) Continent of origin","Sure, here's a traditional garment:

1) Name of garment: Kimono
2) Country of origin: Japan
3) Continent of origin: Asia",Qwen/Qwen2.5-7B-Instruct,16,0.0380952380952381
"Name a traditional garment and provide: 1) Name of garment, 2) Country of origin, 3) Continent of origin","Certainly! Here are the details for a traditional garment:

1) Name of garment: Kimono
2) Country of origin: Japan
3) Continent of origin: Asia",Qwen/Qwen2.5-7B-Instruct,53,0.02857142857142857
"Name a traditional garment and provide: 1) Name of garment, 2) Country of origin, 3) Continent of origin","Certainly! Here's an example:

1) Name of garment: Kimono
2) Country of origin: Japan
3) Continent of origin: Asia",Qwen/Qwen2.5-7B-Instruct,31,0.009523809523809525
"Name a traditional garment and provide: 1) Name of garment, 2) Country of origin, 3) Continent of origin","1) Name of garment: Cheongsam
2) Country of origin: China
3) Continent of origin: Asia",Qwen/Qwen2.5-7B-Instruct,19,0.0
"State name of a traditional outfit and provide: 1) Name of outfit, 2) Country of origin, 3) Continent of origin","Sure, let's take the **kimono** as an example:

1) Name of outfit: Kimono
2) Country of origin: Japan
3) Continent of origin: Asia",Qwen/Qwen2.5-7B-Instruct,46,0.16666666666666666
"State name of a traditional outfit and provide: 1) Name of outfit, 2) Country of origin, 3) Continent of origin","1) Name of outfit: Kimono
2) Country of origin: Japan
3) Continent of origin: Asia",Qwen/Qwen2.5-7B-Instruct,65,0.15151515151515152
"State name of a traditional outfit and provide: 1) Name of outfit, 2) Country of origin, 3) Continent of origin","1) Name of outfit: Kimono
2) Country of origin: Japan
3) Continent of origin: Asia",Qwen/Qwen2.5-7B-Instruct,71,0.15151515151515152
"State name of a traditional outfit and provide: 1) Name of outfit, 2) Country of origin, 3) Continent of origin","1) Name of outfit: Kimono
2) Country of origin: Japan
3) Continent of origin: Asia",Qwen/Qwen2.5-7B-Instruct,70,0.15151515151515152
"State name of a traditional outfit and provide: 1) Name of outfit, 2) Country of origin, 3) Continent of origin","1) Name of outfit: Kimono
2) Country of origin: Japan
3) Continent of origin: Asia",Qwen/Qwen2.5-7B-Instruct,67,0.15151515151515152
"State name of a traditional outfit and provide: 1) Name of outfit, 2) Country of origin, 3) Continent of origin","1) Name of outfit: Kimono
2) Country of origin: Japan
3) Continent of origin: Asia",Qwen/Qwen2.5-7B-Instruct,64,0.15151515151515152
"State name of a traditional outfit and provide: 1) Name of outfit, 2) Country of origin, 3) Continent of origin","1) Name of outfit: Kimono
2) Country of origin: Japan
3) Continent of origin: Asia",Qwen/Qwen2.5-7B-Instruct,66,0.15151515151515152
"State name of a traditional outfit and provide: 1) Name of outfit, 2) Country of origin, 3) Continent of origin","1) Name of outfit: Kimono
2) Country of origin: Japan
3) Continent of origin: Asia",Qwen/Qwen2.5-7B-Instruct,69,0.15151515151515152
"State name of a traditional outfit and provide: 1) Name of outfit, 2) Country of origin, 3) Continent of origin","1) Name of outfit: Kimono
2) Country of origin: Japan
3) Continent of origin: Asia",Qwen/Qwen2.5-7B-Instruct,68,0.15151515151515152
"State name of a traditional outfit and provide: 1) Name of outfit, 2) Country of origin, 3) Continent of origin","1) Name of outfit: Kimono
2) Country of origin: Japan
3) Continent of origin: Asia",Qwen/Qwen2.5-7B-Instruct,24,0.15151515151515152
"State name of a traditional outfit and provide: 1) Name of outfit, 2) Country of origin, 3) Continent of origin","1) Name of outfit: Kimono
2) Country of origin: Japan
3) Continent of origin: Asia",Qwen/Qwen2.5-7B-Instruct,31,0.15151515151515152
"State name of a traditional outfit and provide: 1) Name of outfit, 2) Country of origin, 3) Continent of origin","1) Name of outfit: Kimono
2) Country of origin: Japan
3) Continent of origin: Asia",Qwen/Qwen2.5-7B-Instruct,27,0.15151515151515152
"State name of a traditional outfit and provide: 1) Name of outfit, 2) Country of origin, 3) Continent of origin","1) Name of outfit: Kimono
2) Country of origin: Japan
3) Continent of origin: Asia",Qwen/Qwen2.5-7B-Instruct,28,0.15151515151515152
"State name of a traditional outfit and provide: 1) Name of outfit, 2) Country of origin, 3) Continent of origin","1) Name of outfit: Kimono
2) Country of origin: Japan
3) Continent of origin: Asia",Qwen/Qwen2.5-7B-Instruct,25,0.15151515151515152
"State name of a traditional outfit and provide: 1) Name of outfit, 2) Country of origin, 3) Continent of origin","1) Name of outfit: Kimono
2) Country of origin: Japan
3) Continent of origin: Asia",Qwen/Qwen2.5-7B-Instruct,30,0.15151515151515152
"State name of a traditional outfit and provide: 1) Name of outfit, 2) Country of origin, 3) Continent of origin","1) Name of outfit: Kimono
2) Country of origin: Japan
3) Continent of origin: Asia",Qwen/Qwen2.5-7B-Instruct,10,0.15151515151515152
"State name of a traditional outfit and provide: 1) Name of outfit, 2) Country of origin, 3) Continent of origin","1) Name of outfit: Kimono
2) Country of origin: Japan
3) Continent of origin: Asia",Qwen/Qwen2.5-7B-Instruct,15,0.15151515151515152
"State name of a traditional outfit and provide: 1) Name of outfit, 2) Country of origin, 3) Continent of origin","1) Name of outfit: Kimono
2) Country of origin: Japan
3) Continent of origin: Asia",Qwen/Qwen2.5-7B-Instruct,12,0.15151515151515152
"State name of a traditional outfit and provide: 1) Name of outfit, 2) Country of origin, 3) Continent of origin","1) Name of outfit: Kimono
2) Country of origin: Japan
3) Continent of origin: Asia",Qwen/Qwen2.5-7B-Instruct,14,0.15151515151515152
"State name of a traditional outfit and provide: 1) Name of outfit, 2) Country of origin, 3) Continent of origin","1) Name of outfit: Kimono
2) Country of origin: Japan
3) Continent of origin: Asia",Qwen/Qwen2.5-7B-Instruct,13,0.15151515151515152
"State name of a traditional outfit and provide: 1) Name of outfit, 2) Country of origin, 3) Continent of origin","1) Name of outfit: Kimono
2) Country of origin: Japan
3) Continent of origin: Asia",Qwen/Qwen2.5-7B-Instruct,8,0.15151515151515152
"State name of a traditional outfit and provide: 1) Name of outfit, 2) Country of origin, 3) Continent of origin","1) Name of outfit: Kimono
2) Country of origin: Japan
3) Continent of origin: Asia",Qwen/Qwen2.5-7B-Instruct,11,0.15151515151515152
"State name of a traditional outfit and provide: 1) Name of outfit, 2) Country of origin, 3) Continent of origin","1) Name of outfit: Kimono
2) Country of origin: Japan
3) Continent of origin: Asia",Qwen/Qwen2.5-7B-Instruct,58,0.15151515151515152
"State name of a traditional outfit and provide: 1) Name of outfit, 2) Country of origin, 3) Continent of origin","1) Name of outfit: Kimono
2) Country of origin: Japan
3) Continent of origin: Asia",Qwen/Qwen2.5-7B-Instruct,60,0.15151515151515152
"State name of a traditional outfit and provide: 1) Name of outfit, 2) Country of origin, 3) Continent of origin","1) Name of outfit: Kimono
2) Country of origin: Japan
3) Continent of origin: Asia",Qwen/Qwen2.5-7B-Instruct,56,0.15151515151515152
"State name of a traditional outfit and provide: 1) Name of outfit, 2) Country of origin, 3) Continent of origin","1) Name of outfit: Kimono
2) Country of origin: Japan
3) Continent of origin: Asia",Qwen/Qwen2.5-7B-Instruct,63,0.15151515151515152
"State name of a traditional outfit and provide: 1) Name of outfit, 2) Country of origin, 3) Continent of origin","1) Name of outfit: Kimono
2) Country of origin: Japan
3) Continent of origin: Asia",Qwen/Qwen2.5-7B-Instruct,62,0.15151515151515152
"State name of a traditional outfit and provide: 1) Name of outfit, 2) Country of origin, 3) Continent of origin","1) Name of outfit: Kimono
2) Country of origin: Japan
3) Continent of origin: Asia",Qwen/Qwen2.5-7B-Instruct,59,0.15151515151515152
"State name of a traditional outfit and provide: 1) Name of outfit, 2) Country of origin, 3) Continent of origin","1) Name of outfit: Kimono
2) Country of origin: Japan
3) Continent of origin: Asia",Qwen/Qwen2.5-7B-Instruct,57,0.15151515151515152
"State name of a traditional outfit and provide: 1) Name of outfit, 2) Country of origin, 3) Continent of origin","1) Name of outfit: Kimono
2) Country of origin: Japan
3) Continent of origin: Asia",Qwen/Qwen2.5-7B-Instruct,3,0.15151515151515152
"State name of a traditional outfit and provide: 1) Name of outfit, 2) Country of origin, 3) Continent of origin","1) Name of outfit: Kimono
2) Country of origin: Japan
3) Continent of origin: Asia",Qwen/Qwen2.5-7B-Instruct,1,0.15151515151515152
"State name of a traditional outfit and provide: 1) Name of outfit, 2) Country of origin, 3) Continent of origin","1) Name of outfit: Kimono
2) Country of origin: Japan
3) Continent of origin: Asia",Qwen/Qwen2.5-7B-Instruct,0,0.15151515151515152
"State name of a traditional outfit and provide: 1) Name of outfit, 2) Country of origin, 3) Continent of origin","1) Name of outfit: Kimono
2) Country of origin: Japan
3) Continent of origin: Asia",Qwen/Qwen2.5-7B-Instruct,7,0.15151515151515152
"State name of a traditional outfit and provide: 1) Name of outfit, 2) Country of origin, 3) Continent of origin","1) Name of outfit: Kimono
2) Country of origin: Japan
3) Continent of origin: Asia",Qwen/Qwen2.5-7B-Instruct,4,0.15151515151515152
"State name of a traditional outfit and provide: 1) Name of outfit, 2) Country of origin, 3) Continent of origin","1) Name of outfit: Kimono
2) Country of origin: Japan
3) Continent of origin: Asia",Qwen/Qwen2.5-7B-Instruct,2,0.15151515151515152
"State name of a traditional outfit and provide: 1) Name of outfit, 2) Country of origin, 3) Continent of origin","1) Name of outfit: Kimono
2) Country of origin: Japan
3) Continent of origin: Asia",Qwen/Qwen2.5-7B-Instruct,52,0.15151515151515152
"State name of a traditional outfit and provide: 1) Name of outfit, 2) Country of origin, 3) Continent of origin","1) Name of outfit: Kimono
2) Country of origin: Japan
3) Continent of origin: Asia",Qwen/Qwen2.5-7B-Instruct,55,0.15151515151515152
"State name of a traditional outfit and provide: 1) Name of outfit, 2) Country of origin, 3) Continent of origin","1) Name of outfit: Kimono
2) Country of origin: Japan
3) Continent of origin: Asia",Qwen/Qwen2.5-7B-Instruct,48,0.15151515151515152
"State name of a traditional outfit and provide: 1) Name of outfit, 2) Country of origin, 3) Continent of origin","1) Name of outfit: Kimono
2) Country of origin: Japan
3) Continent of origin: Asia",Qwen/Qwen2.5-7B-Instruct,51,0.15151515151515152
"State name of a traditional outfit and provide: 1) Name of outfit, 2) Country of origin, 3) Continent of origin","1) Name of outfit: Kimono
2) Country of origin: Japan
3) Continent of origin: Asia",Qwen/Qwen2.5-7B-Instruct,49,0.15151515151515152
"State name of a traditional outfit and provide: 1) Name of outfit, 2) Country of origin, 3) Continent of origin","1) Name of outfit: Kimono
2) Country of origin: Japan
3) Continent of origin: Asia",Qwen/Qwen2.5-7B-Instruct,44,0.15151515151515152
"State name of a traditional outfit and provide: 1) Name of outfit, 2) Country of origin, 3) Continent of origin","1) Name of outfit: Kimono
2) Country of origin: Japan
3) Continent of origin: Asia",Qwen/Qwen2.5-7B-Instruct,40,0.15151515151515152
"State name of a traditional outfit and provide: 1) Name of outfit, 2) Country of origin, 3) Continent of origin","1) Name of outfit: Kimono
2) Country of origin: Japan
3) Continent of origin: Asia",Qwen/Qwen2.5-7B-Instruct,47,0.15151515151515152
"State name of a traditional outfit and provide: 1) Name of outfit, 2) Country of origin, 3) Continent of origin","1) Name of outfit: Kimono
2) Country of origin: Japan
3) Continent of origin: Asia",Qwen/Qwen2.5-7B-Instruct,45,0.15151515151515152
"State name of a traditional outfit and provide: 1) Name of outfit, 2) Country of origin, 3) Continent of origin","1) Name of outfit: Kimono
2) Country of origin: Japan
3) Continent of origin: Asia",Qwen/Qwen2.5-7B-Instruct,42,0.15151515151515152
"State name of a traditional outfit and provide: 1) Name of outfit, 2) Country of origin, 3) Continent of origin","1) Name of outfit: Kimono
2) Country of origin: Japan
3) Continent of origin: Asia",Qwen/Qwen2.5-7B-Instruct,41,0.15151515151515152
"State name of a traditional outfit and provide: 1) Name of outfit, 2) Country of origin, 3) Continent of origin","1) Name of outfit: Kimono
2) Country of origin: Japan
3) Continent of origin: Asia",Qwen/Qwen2.5-7B-Instruct,43,0.15151515151515152
"State name of a traditional outfit and provide: 1) Name of outfit, 2) Country of origin, 3) Continent of origin","1) Name of outfit: Kimono
2) Country of origin: Japan
3) Continent of origin: Asia",Qwen/Qwen2.5-7B-Instruct,74,0.15151515151515152
"State name of a traditional outfit and provide: 1) Name of outfit, 2) Country of origin, 3) Continent of origin","1) Name of outfit: Kimono
2) Country of origin: Japan
3) Continent of origin: Asia",Qwen/Qwen2.5-7B-Instruct,75,0.15151515151515152
"State name of a traditional outfit and provide: 1) Name of outfit, 2) Country of origin, 3) Continent of origin","1) Name of outfit: Kimono
2) Country of origin: Japan
3) Continent of origin: Asia",Qwen/Qwen2.5-7B-Instruct,77,0.15151515151515152
"State name of a traditional outfit and provide: 1) Name of outfit, 2) Country of origin, 3) Continent of origin","1) Name of outfit: Kimono
2) Country of origin: Japan
3) Continent of origin: Asia",Qwen/Qwen2.5-7B-Instruct,73,0.15151515151515152
"State name of a traditional outfit and provide: 1) Name of outfit, 2) Country of origin, 3) Continent of origin","1) Name of outfit: Kimono
2) Country of origin: Japan
3) Continent of origin: Asia",Qwen/Qwen2.5-7B-Instruct,76,0.15151515151515152
"State name of a traditional outfit and provide: 1) Name of outfit, 2) Country of origin, 3) Continent of origin","1) Name of outfit: Kimono
2) Country of origin: Japan
3) Continent of origin: Asia",Qwen/Qwen2.5-7B-Instruct,78,0.15151515151515152
"State name of a traditional outfit and provide: 1) Name of outfit, 2) Country of origin, 3) Continent of origin","1) Name of outfit: Kimono
2) Country of origin: Japan
3) Continent of origin: Asia",Qwen/Qwen2.5-7B-Instruct,39,0.15151515151515152
"State name of a traditional outfit and provide: 1) Name of outfit, 2) Country of origin, 3) Continent of origin","1) Name of outfit: Kimono
2) Country of origin: Japan
3) Continent of origin: Asia",Qwen/Qwen2.5-7B-Instruct,35,0.15151515151515152
"State name of a traditional outfit and provide: 1) Name of outfit, 2) Country of origin, 3) Continent of origin","1) Name of outfit: Kimono
2) Country of origin: Japan
3) Continent of origin: Asia",Qwen/Qwen2.5-7B-Instruct,32,0.15151515151515152
"State name of a traditional outfit and provide: 1) Name of outfit, 2) Country of origin, 3) Continent of origin","1) Name of outfit: Kimono
2) Country of origin: Japan
3) Continent of origin: Asia",Qwen/Qwen2.5-7B-Instruct,33,0.15151515151515152
"State name of a traditional outfit and provide: 1) Name of outfit, 2) Country of origin, 3) Continent of origin","1) Name of outfit: Kimono
2) Country of origin: Japan
3) Continent of origin: Asia",Qwen/Qwen2.5-7B-Instruct,37,0.15151515151515152
"State name of a traditional outfit and provide: 1) Name of outfit, 2) Country of origin, 3) Continent of origin","1) Name of outfit: Kimono
2) Country of origin: Japan
3) Continent of origin: Asia",Qwen/Qwen2.5-7B-Instruct,38,0.15151515151515152
"State name of a traditional outfit and provide: 1) Name of outfit, 2) Country of origin, 3) Continent of origin","1) Name of outfit: Kimono
2) Country of origin: Japan
3) Continent of origin: Asia",Qwen/Qwen2.5-7B-Instruct,36,0.15151515151515152
"State name of a traditional outfit and provide: 1) Name of outfit, 2) Country of origin, 3) Continent of origin","1) Name of outfit: Kimono
2) Country of origin: Japan
3) Continent of origin: Asia",Qwen/Qwen2.5-7B-Instruct,34,0.15151515151515152
"State name of a traditional outfit and provide: 1) Name of outfit, 2) Country of origin, 3) Continent of origin","1) Name of outfit: Kimono
2) Country of origin: Japan
3) Continent of origin: Asia",Qwen/Qwen2.5-7B-Instruct,23,0.15151515151515152
"State name of a traditional outfit and provide: 1) Name of outfit, 2) Country of origin, 3) Continent of origin","1) Name of outfit: Kimono
2) Country of origin: Japan
3) Continent of origin: Asia",Qwen/Qwen2.5-7B-Instruct,20,0.15151515151515152
"State name of a traditional outfit and provide: 1) Name of outfit, 2) Country of origin, 3) Continent of origin","1) Name of outfit: Kimono
2) Country of origin: Japan
3) Continent of origin: Asia",Qwen/Qwen2.5-7B-Instruct,18,0.15151515151515152
"State name of a traditional outfit and provide: 1) Name of outfit, 2) Country of origin, 3) Continent of origin","1) Name of outfit: Kimono
2) Country of origin: Japan
3) Continent of origin: Asia",Qwen/Qwen2.5-7B-Instruct,21,0.15151515151515152
"State name of a traditional outfit and provide: 1) Name of outfit, 2) Country of origin, 3) Continent of origin","1) Name of outfit: Kimono
2) Country of origin: Japan
3) Continent of origin: Asia",Qwen/Qwen2.5-7B-Instruct,17,0.15151515151515152
"State name of a traditional outfit and provide: 1) Name of outfit, 2) Country of origin, 3) Continent of origin","Sure, let's take the traditional outfit of the kimono:

1) Name of outfit: Kimono
2) Country of origin: Japan
3) Continent of origin: Asia",Qwen/Qwen2.5-7B-Instruct,22,0.13636363636363635
"State name of a traditional outfit and provide: 1) Name of outfit, 2) Country of origin, 3) Continent of origin","Sure, here are the details for a traditional outfit:

1) Name of outfit: Kimono
2) Country of origin: Japan
3) Continent of origin: Asia",Qwen/Qwen2.5-7B-Instruct,26,0.12121212121212122
"State name of a traditional outfit and provide: 1) Name of outfit, 2) Country of origin, 3) Continent of origin","Sure, here are the details for a traditional outfit:

1) Name of outfit: Kimono
2) Country of origin: Japan
3) Continent of origin: Asia",Qwen/Qwen2.5-7B-Instruct,61,0.12121212121212122
"State name of a traditional outfit and provide: 1) Name of outfit, 2) Country of origin, 3) Continent of origin","1) Name of Outfit: Kimono
2) Country of Origin: Japan
3) Continent of Origin: Asia",Qwen/Qwen2.5-7B-Instruct,5,0.09090909090909091
"State name of a traditional outfit and provide: 1) Name of outfit, 2) Country of origin, 3) Continent of origin","Sure! Here's the information for a traditional outfit:

1) Name of outfit: Kimono
2) Country of origin: Japan
3) Continent of origin: Asia",Qwen/Qwen2.5-7B-Instruct,72,0.09090909090909091
"State name of a traditional outfit and provide: 1) Name of outfit, 2) Country of origin, 3) Continent of origin","Sure! Here's the information for a traditional outfit:

1) Name of outfit: Kimono
2) Country of origin: Japan
3) Continent of origin: Asia",Qwen/Qwen2.5-7B-Instruct,16,0.09090909090909091
"State name of a traditional outfit and provide: 1) Name of outfit, 2) Country of origin, 3) Continent of origin","Certainly! Here's the information for a traditional outfit:

1) Name of outfit: Kimono
2) Country of origin: Japan
3) Continent of origin: Asia",Qwen/Qwen2.5-7B-Instruct,54,0.07575757575757576
"State name of a traditional outfit and provide: 1) Name of outfit, 2) Country of origin, 3) Continent of origin","Sure, here is an example:

1) Name of outfit: Kimono
2) Country of origin: Japan
3) Continent of origin: Asia",Qwen/Qwen2.5-7B-Instruct,9,0.06060606060606061
"State name of a traditional outfit and provide: 1) Name of outfit, 2) Country of origin, 3) Continent of origin","Certainly! Here are the details for a traditional outfit:

1) Name of outfit: Kimono
2) Country of origin: Japan
3) Continent of origin: Asia",Qwen/Qwen2.5-7B-Instruct,6,0.06060606060606061
"State name of a traditional outfit and provide: 1) Name of outfit, 2) Country of origin, 3) Continent of origin","Certainly! Here are the details for a traditional outfit:

1) Name of outfit: Kimono
2) Country of origin: Japan
3) Continent of origin: Asia",Qwen/Qwen2.5-7B-Instruct,53,0.06060606060606061
"State name of a traditional outfit and provide: 1) Name of outfit, 2) Country of origin, 3) Continent of origin","Sure, here's an example:

1) Name of outfit: Kimono
2) Country of origin: Japan
3) Continent of origin: Asia",Qwen/Qwen2.5-7B-Instruct,50,0.030303030303030304
"State name of a traditional outfit and provide: 1) Name of outfit, 2) Country of origin, 3) Continent of origin","Sure, here's an example:

1) Name of outfit: Kimono
2) Country of origin: Japan
3) Continent of origin: Asia",Qwen/Qwen2.5-7B-Instruct,79,0.030303030303030304
"State name of a traditional outfit and provide: 1) Name of outfit, 2) Country of origin, 3) Continent of origin","Sure, let's discuss the **Cheongsam**:

1) **Name of outfit**: Cheongsam
2) **Country of origin**: China
3) **Continent of origin**: Asia",Qwen/Qwen2.5-7B-Instruct,29,0.015151515151515152
"State name of a traditional outfit and provide: 1) Name of outfit, 2) Country of origin, 3) Continent of origin","1) Name of outfit: Cheongsam
2) Country of origin: China
3) Continent of origin: Asia",Qwen/Qwen2.5-7B-Instruct,19,0.0
