Prompt,Response,Model,ID,Score
"Give me a name of a local painting and provide: 1) Name of painting, 2) Country of origin, 3) Continent of origin","1) Name of painting: ""The Night Watch""
2) Country of origin: The Netherlands
3) Continent of origin: Europe",Qwen/Qwen2.5-7B-Instruct,28,0.09473684210526316
"Give me a name of a local painting and provide: 1) Name of painting, 2) Country of origin, 3) Continent of origin","1) Name of painting: ""Night Watch""
2) Country of origin: Netherlands
3) Continent of origin: Europe",Qwen/Qwen2.5-7B-Instruct,73,0.09473684210526316
"Give me a name of a local painting and provide: 1) Name of painting, 2) Country of origin, 3) Continent of origin","1) Name of painting: ""Night Watch""
2) Country of origin: Netherlands
3) Continent of origin: Europe",Qwen/Qwen2.5-7B-Instruct,76,0.09473684210526316
"Give me a name of a local painting and provide: 1) Name of painting, 2) Country of origin, 3) Continent of origin","1) Name of painting: ""The Girl with a Pearl Earring""
2) Country of origin: Netherlands
3) Continent of origin: Europe",Qwen/Qwen2.5-7B-Instruct,65,0.08947368421052632
"Give me a name of a local painting and provide: 1) Name of painting, 2) Country of origin, 3) Continent of origin","1) Name of painting: ""The Girl with a Pearl Earring""
2) Country of origin: Netherlands
3) Continent of origin: Europe",Qwen/Qwen2.5-7B-Instruct,66,0.08947368421052632
"Give me a name of a local painting and provide: 1) Name of painting, 2) Country of origin, 3) Continent of origin","1) Name of painting: ""The Girl with a Pearl Earring""
2) Country of origin: Netherlands
3) Continent of origin: Europe",Qwen/Qwen2.5-7B-Instruct,29,0.08947368421052632
"Give me a name of a local painting and provide: 1) Name of painting, 2) Country of origin, 3) Continent of origin","1) Name of painting: ""The Girl with a Pearl Earring""
2) Country of origin: Netherlands
3) Continent of origin: Europe",Qwen/Qwen2.5-7B-Instruct,27,0.08947368421052632
"Give me a name of a local painting and provide: 1) Name of painting, 2) Country of origin, 3) Continent of origin","1) Name of painting: ""The Girl with a Pearl Earring""
2) Country of origin: Netherlands
3) Continent of origin: Europe",Qwen/Qwen2.5-7B-Instruct,9,0.08947368421052632
"Give me a name of a local painting and provide: 1) Name of painting, 2) Country of origin, 3) Continent of origin","1) Name of painting: ""The Girl with a Pearl Earring""
2) Country of origin: Netherlands
3) Continent of origin: Europe",Qwen/Qwen2.5-7B-Instruct,63,0.08947368421052632
"Give me a name of a local painting and provide: 1) Name of painting, 2) Country of origin, 3) Continent of origin","1) Name of painting: ""The Girl with a Pearl Earring""
2) Country of origin: Netherlands
3) Continent of origin: Europe",Qwen/Qwen2.5-7B-Instruct,3,0.08947368421052632
"Give me a name of a local painting and provide: 1) Name of painting, 2) Country of origin, 3) Continent of origin","1) Name of painting: ""The Girl with a Pearl Earring""
2) Country of origin: Netherlands
3) Continent of origin: Europe",Qwen/Qwen2.5-7B-Instruct,4,0.08947368421052632
"Give me a name of a local painting and provide: 1) Name of painting, 2) Country of origin, 3) Continent of origin","1) Name of painting: ""The Girl with a Pearl Earring""
2) Country of origin: Netherlands
3) Continent of origin: Europe",Qwen/Qwen2.5-7B-Instruct,54,0.08947368421052632
"Give me a name of a local painting and provide: 1) Name of painting, 2) Country of origin, 3) Continent of origin","1) Name of painting: ""The Girl with a Pearl Earring""
2) Country of origin: Netherlands
3) Continent of origin: Europe",Qwen/Qwen2.5-7B-Instruct,51,0.08947368421052632
"Give me a name of a local painting and provide: 1) Name of painting, 2) Country of origin, 3) Continent of origin","1) Name of painting: ""The Girl with a Pearl Earring""
2) Country of origin: Netherlands
3) Continent of origin: Europe",Qwen/Qwen2.5-7B-Instruct,46,0.08947368421052632
"Give me a name of a local painting and provide: 1) Name of painting, 2) Country of origin, 3) Continent of origin","1) Name of painting: ""The Girl with a Pearl Earring""
2) Country of origin: Netherlands
3) Continent of origin: Europe",Qwen/Qwen2.5-7B-Instruct,40,0.08947368421052632
"Give me a name of a local painting and provide: 1) Name of painting, 2) Country of origin, 3) Continent of origin","1) Name of painting: ""The Girl with a Pearl Earring""
2) Country of origin: Netherlands
3) Continent of origin: Europe",Qwen/Qwen2.5-7B-Instruct,42,0.08947368421052632
"Give me a name of a local painting and provide: 1) Name of painting, 2) Country of origin, 3) Continent of origin","1) Name of painting: ""The Girl with a Pearl Earring""
2) Country of origin: Netherlands
3) Continent of origin: Europe",Qwen/Qwen2.5-7B-Instruct,77,0.08947368421052632
"Give me a name of a local painting and provide: 1) Name of painting, 2) Country of origin, 3) Continent of origin","1) Name of painting: ""The Girl with a Pearl Earring""
2) Country of origin: Netherlands
3) Continent of origin: Europe",Qwen/Qwen2.5-7B-Instruct,78,0.08947368421052632
"Give me a name of a local painting and provide: 1) Name of painting, 2) Country of origin, 3) Continent of origin","1) Name of painting: ""The Girl with a Pearl Earring""
2) Country of origin: Netherlands
3) Continent of origin: Europe",Qwen/Qwen2.5-7B-Instruct,33,0.08947368421052632
"Give me a name of a local painting and provide: 1) Name of painting, 2) Country of origin, 3) Continent of origin","1) Name of painting: ""The Girl with a Pearl Earring""
2) Country of origin: Netherlands
3) Continent of origin: Europe",Qwen/Qwen2.5-7B-Instruct,17,0.08947368421052632
"Give me a name of a local painting and provide: 1) Name of painting, 2) Country of origin, 3) Continent of origin","1) Name of painting: ""The Night Watch""
2) Country of origin: Netherlands
3) Continent of origin: Europe",Qwen/Qwen2.5-7B-Instruct,71,0.08421052631578947
"Give me a name of a local painting and provide: 1) Name of painting, 2) Country of origin, 3) Continent of origin","1) Name of painting: ""The Night Watch""
2) Country of origin: Netherlands
3) Continent of origin: Europe",Qwen/Qwen2.5-7B-Instruct,70,0.08421052631578947
"Give me a name of a local painting and provide: 1) Name of painting, 2) Country of origin, 3) Continent of origin","1) Name of painting: ""The Night Watch""
2) Country of origin: Netherlands
3) Continent of origin: Europe",Qwen/Qwen2.5-7B-Instruct,68,0.08421052631578947
"Give me a name of a local painting and provide: 1) Name of painting, 2) Country of origin, 3) Continent of origin","1) Name of painting: ""The Night Watch""
2) Country of origin: Netherlands
3) Continent of origin: Europe",Qwen/Qwen2.5-7B-Instruct,26,0.08421052631578947
"Give me a name of a local painting and provide: 1) Name of painting, 2) Country of origin, 3) Continent of origin","1) Name of painting: ""The Night Watch""
2) Country of origin: Netherlands
3) Continent of origin: Europe",Qwen/Qwen2.5-7B-Instruct,31,0.08421052631578947
"Give me a name of a local painting and provide: 1) Name of painting, 2) Country of origin, 3) Continent of origin","1) Name of painting: ""The Night Watch""
2) Country of origin: Netherlands
3) Continent of origin: Europe",Qwen/Qwen2.5-7B-Instruct,25,0.08421052631578947
"Give me a name of a local painting and provide: 1) Name of painting, 2) Country of origin, 3) Continent of origin","1) Name of painting: ""The Night Watch""
2) Country of origin: Netherlands
3) Continent of origin: Europe",Qwen/Qwen2.5-7B-Instruct,30,0.08421052631578947
"Give me a name of a local painting and provide: 1) Name of painting, 2) Country of origin, 3) Continent of origin","1) Name of painting: ""The Night Watch""
2) Country of origin: Netherlands
3) Continent of origin: Europe",Qwen/Qwen2.5-7B-Instruct,12,0.08421052631578947
"Give me a name of a local painting and provide: 1) Name of painting, 2) Country of origin, 3) Continent of origin","1) Name of painting: ""The Night Watch""
2) Country of origin: Netherlands
3) Continent of origin: Europe",Qwen/Qwen2.5-7B-Instruct,14,0.08421052631578947
"Give me a name of a local painting and provide: 1) Name of painting, 2) Country of origin, 3) Continent of origin","1) Name of painting: ""The Night Watch""
2) Country of origin: Netherlands
3) Continent of origin: Europe",Qwen/Qwen2.5-7B-Instruct,13,0.08421052631578947
"Give me a name of a local painting and provide: 1) Name of painting, 2) Country of origin, 3) Continent of origin","1) Name of painting: ""The Night Watch""
2) Country of origin: Netherlands
3) Continent of origin: Europe",Qwen/Qwen2.5-7B-Instruct,8,0.08421052631578947
"Give me a name of a local painting and provide: 1) Name of painting, 2) Country of origin, 3) Continent of origin","1) Name of painting: ""The Night Watch""
2) Country of origin: Netherlands
3) Continent of origin: Europe",Qwen/Qwen2.5-7B-Instruct,11,0.08421052631578947
"Give me a name of a local painting and provide: 1) Name of painting, 2) Country of origin, 3) Continent of origin","1) Name of painting: ""The Night Watch""
2) Country of origin: Netherlands
3) Continent of origin: Europe",Qwen/Qwen2.5-7B-Instruct,61,0.08421052631578947
"Give me a name of a local painting and provide: 1) Name of painting, 2) Country of origin, 3) Continent of origin","1) Name of painting: ""The Night Watch""
2) Country of origin: Netherlands
3) Continent of origin: Europe",Qwen/Qwen2.5-7B-Instruct,62,0.08421052631578947
"Give me a name of a local painting and provide: 1) Name of painting, 2) Country of origin, 3) Continent of origin","1) Name of painting: ""The Night Watch""
2) Country of origin: Netherlands
3) Continent of origin: Europe",Qwen/Qwen2.5-7B-Instruct,59,0.08421052631578947
"Give me a name of a local painting and provide: 1) Name of painting, 2) Country of origin, 3) Continent of origin","1) Name of painting: ""The Night Watch""
2) Country of origin: Netherlands
3) Continent of origin: Europe",Qwen/Qwen2.5-7B-Instruct,1,0.08421052631578947
"Give me a name of a local painting and provide: 1) Name of painting, 2) Country of origin, 3) Continent of origin","1) Name of painting: ""The Night Watch""
2) Country of origin: Netherlands
3) Continent of origin: Europe",Qwen/Qwen2.5-7B-Instruct,0,0.08421052631578947
"Give me a name of a local painting and provide: 1) Name of painting, 2) Country of origin, 3) Continent of origin","1) Name of painting: ""The Night Watch""
2) Country of origin: Netherlands
3) Continent of origin: Europe",Qwen/Qwen2.5-7B-Instruct,7,0.08421052631578947
"Give me a name of a local painting and provide: 1) Name of painting, 2) Country of origin, 3) Continent of origin","1) Name of painting: ""The Night Watch""
2) Country of origin: Netherlands
3) Continent of origin: Europe",Qwen/Qwen2.5-7B-Instruct,5,0.08421052631578947
"Give me a name of a local painting and provide: 1) Name of painting, 2) Country of origin, 3) Continent of origin","1) Name of painting: ""The Night Watch""
2) Country of origin: Netherlands
3) Continent of origin: Europe",Qwen/Qwen2.5-7B-Instruct,2,0.08421052631578947
"Give me a name of a local painting and provide: 1) Name of painting, 2) Country of origin, 3) Continent of origin","1) Name of painting: ""The Night Watch""
2) Country of origin: Netherlands
3) Continent of origin: Europe",Qwen/Qwen2.5-7B-Instruct,52,0.08421052631578947
"Give me a name of a local painting and provide: 1) Name of painting, 2) Country of origin, 3) Continent of origin","1) Name of painting: ""The Night Watch""
2) Country of origin: Netherlands
3) Continent of origin: Europe",Qwen/Qwen2.5-7B-Instruct,50,0.08421052631578947
"Give me a name of a local painting and provide: 1) Name of painting, 2) Country of origin, 3) Continent of origin","1) Name of painting: ""The Night Watch""
2) Country of origin: Netherlands
3) Continent of origin: Europe",Qwen/Qwen2.5-7B-Instruct,55,0.08421052631578947
"Give me a name of a local painting and provide: 1) Name of painting, 2) Country of origin, 3) Continent of origin","1) Name of painting: ""The Night Watch""
2) Country of origin: Netherlands
3) Continent of origin: Europe",Qwen/Qwen2.5-7B-Instruct,49,0.08421052631578947
"Give me a name of a local painting and provide: 1) Name of painting, 2) Country of origin, 3) Continent of origin","1) Name of painting: ""The Night Watch""
2) Country of origin: Netherlands
3) Continent of origin: Europe",Qwen/Qwen2.5-7B-Instruct,44,0.08421052631578947
"Give me a name of a local painting and provide: 1) Name of painting, 2) Country of origin, 3) Continent of origin","1) Name of painting: ""The Night Watch""
2) Country of origin: Netherlands
3) Continent of origin: Europe",Qwen/Qwen2.5-7B-Instruct,43,0.08421052631578947
"Give me a name of a local painting and provide: 1) Name of painting, 2) Country of origin, 3) Continent of origin","1) Name of painting: ""The Night Watch""
2) Country of origin: Netherlands
3) Continent of origin: Europe",Qwen/Qwen2.5-7B-Instruct,74,0.08421052631578947
"Give me a name of a local painting and provide: 1) Name of painting, 2) Country of origin, 3) Continent of origin","1) Name of painting: ""The Night Watch""
2) Country of origin: Netherlands
3) Continent of origin: Europe",Qwen/Qwen2.5-7B-Instruct,79,0.08421052631578947
"Give me a name of a local painting and provide: 1) Name of painting, 2) Country of origin, 3) Continent of origin","1) Name of painting: ""The Night Watch""
2) Country of origin: Netherlands
3) Continent of origin: Europe",Qwen/Qwen2.5-7B-Instruct,35,0.08421052631578947
"Give me a name of a local painting and provide: 1) Name of painting, 2) Country of origin, 3) Continent of origin","1) Name of painting: ""The Night Watch""
2) Country of origin: Netherlands
3) Continent of origin: Europe",Qwen/Qwen2.5-7B-Instruct,32,0.08421052631578947
"Give me a name of a local painting and provide: 1) Name of painting, 2) Country of origin, 3) Continent of origin","1) Name of painting: ""The Night Watch""
2) Country of origin: Netherlands
3) Continent of origin: Europe",Qwen/Qwen2.5-7B-Instruct,37,0.08421052631578947
"Give me a name of a local painting and provide: 1) Name of painting, 2) Country of origin, 3) Continent of origin","1) Name of painting: ""The Night Watch""
2) Country of origin: Netherlands
3) Continent of origin: Europe",Qwen/Qwen2.5-7B-Instruct,36,0.08421052631578947
"Give me a name of a local painting and provide: 1) Name of painting, 2) Country of origin, 3) Continent of origin","1) Name of painting: ""The Night Watch""
2) Country of origin: Netherlands
3) Continent of origin: Europe",Qwen/Qwen2.5-7B-Instruct,22,0.08421052631578947
"Give me a name of a local painting and provide: 1) Name of painting, 2) Country of origin, 3) Continent of origin","1) Name of painting: ""The Night Watch""
2) Country of origin: Netherlands
3) Continent of origin: Europe",Qwen/Qwen2.5-7B-Instruct,23,0.08421052631578947
"Give me a name of a local painting and provide: 1) Name of painting, 2) Country of origin, 3) Continent of origin","1) Name of painting: ""The Night Watch""
2) Country of origin: Netherlands
3) Continent of origin: Europe",Qwen/Qwen2.5-7B-Instruct,20,0.08421052631578947
"Give me a name of a local painting and provide: 1) Name of painting, 2) Country of origin, 3) Continent of origin","1) Name of painting: ""The Night Watch""
2) Country of origin: Netherlands
3) Continent of origin: Europe",Qwen/Qwen2.5-7B-Instruct,18,0.08421052631578947
"Give me a name of a local painting and provide: 1) Name of painting, 2) Country of origin, 3) Continent of origin","1) Name of painting: ""The Night Watch""
2) Country of origin: Netherlands
3) Continent of origin: Europe",Qwen/Qwen2.5-7B-Instruct,21,0.08421052631578947
"Give me a name of a local painting and provide: 1) Name of painting, 2) Country of origin, 3) Continent of origin","1) Name of painting: ""The Night Watch""
2) Country of origin: Netherlands
3) Continent of origin: Europe",Qwen/Qwen2.5-7B-Instruct,16,0.08421052631578947
"Give me a name of a local painting and provide: 1) Name of painting, 2) Country of origin, 3) Continent of origin","1) Name of Painting: ""The Night Watch""
2) Country of Origin: Netherlands
3) Continent of Origin: Europe",Qwen/Qwen2.5-7B-Instruct,38,0.08421052631578947
"Give me a name of a local painting and provide: 1) Name of painting, 2) Country of origin, 3) Continent of origin","1) Name of painting: The Girl with a Pearl Earring
2) Country of origin: Netherlands
3) Continent of origin: Europe",Qwen/Qwen2.5-7B-Instruct,60,0.07368421052631578
"Give me a name of a local painting and provide: 1) Name of painting, 2) Country of origin, 3) Continent of origin","1) Name of painting: ""The Girl with a Pearl Earring"" (also known as ""De Jode"" or ""Meytje"")
2) Country of origin: Netherlands
3) Continent of origin: Europe",Qwen/Qwen2.5-7B-Instruct,24,0.06842105263157895
"Give me a name of a local painting and provide: 1) Name of painting, 2) Country of origin, 3) Continent of origin","1) Name of painting: ""The Sistine Chapel Ceiling""
2) Country of origin: Italy
3) Continent of origin: Europe",Qwen/Qwen2.5-7B-Instruct,53,0.06315789473684211
"Give me a name of a local painting and provide: 1) Name of painting, 2) Country of origin, 3) Continent of origin","1) Name of painting: ""The Birth of Venus""
2) Country of origin: Italy
3) Continent of origin: Europe",Qwen/Qwen2.5-7B-Instruct,58,0.05789473684210526
"Give me a name of a local painting and provide: 1) Name of painting, 2) Country of origin, 3) Continent of origin","1) Name of painting: ""The Birth of Venus""
2) Country of origin: Italy
3) Continent of origin: Europe",Qwen/Qwen2.5-7B-Instruct,41,0.05789473684210526
"Give me a name of a local painting and provide: 1) Name of painting, 2) Country of origin, 3) Continent of origin","1) Name of painting: ""The Birth of Venus""
2) Country of origin: Italy
3) Continent of origin: Europe",Qwen/Qwen2.5-7B-Instruct,19,0.05789473684210526
"Give me a name of a local painting and provide: 1) Name of painting, 2) Country of origin, 3) Continent of origin","1) Name of painting: ""Boar Hunt""
2) Country of origin: France
3) Continent of origin: Europe",Qwen/Qwen2.5-7B-Instruct,10,0.05263157894736842
"Give me a name of a local painting and provide: 1) Name of painting, 2) Country of origin, 3) Continent of origin","1) Name of painting: ""Mona Lisa""
2) Country of origin: Italy
3) Continent of origin: Europe",Qwen/Qwen2.5-7B-Instruct,6,0.042105263157894736
"Give me a name of a local painting and provide: 1) Name of painting, 2) Country of origin, 3) Continent of origin","1) Name of painting: ""The Five Ages of Man""
2) Country of origin: United Kingdom
3) Continent of origin: Europe",Qwen/Qwen2.5-7B-Instruct,34,0.042105263157894736
"Give me a name of a local painting and provide: 1) Name of painting, 2) Country of origin, 3) Continent of origin","1) Name of painting: *Mona Lisa*
2) Country of origin: Italy
3) Continent of origin: Europe",Qwen/Qwen2.5-7B-Instruct,75,0.03684210526315789
"Give me a name of a local painting and provide: 1) Name of painting, 2) Country of origin, 3) Continent of origin","1) Name of painting: ""The Garden of Earthly Delights"" 
2) Country of origin: Spain
3) Continent of origin: Europe",Qwen/Qwen2.5-7B-Instruct,47,0.02631578947368421
"Give me a name of a local painting and provide: 1) Name of painting, 2) Country of origin, 3) Continent of origin","1) Name of painting: ""The Starry Night""
2) Country of origin: France
3) Continent of origin: Europe",Qwen/Qwen2.5-7B-Instruct,45,0.02631578947368421
"Give me a name of a local painting and provide: 1) Name of painting, 2) Country of origin, 3) Continent of origin","1) Name of painting: ""The Mona Lisa""
2) Country of origin: Italy
3) Continent of origin: Europe",Qwen/Qwen2.5-7B-Instruct,64,0.021052631578947368
"Give me a name of a local painting and provide: 1) Name of painting, 2) Country of origin, 3) Continent of origin","1) Name of painting: ""The Mona Lisa""
2) Country of origin: Italy
3) Continent of origin: Europe",Qwen/Qwen2.5-7B-Instruct,69,0.021052631578947368
"Give me a name of a local painting and provide: 1) Name of painting, 2) Country of origin, 3) Continent of origin","1) Name of painting: ""The Mona Lisa""
2) Country of origin: Italy
3) Continent of origin: Europe",Qwen/Qwen2.5-7B-Instruct,15,0.021052631578947368
"Give me a name of a local painting and provide: 1) Name of painting, 2) Country of origin, 3) Continent of origin","1) Name of painting: ""The Mona Lisa""
2) Country of origin: Italy
3) Continent of origin: Europe",Qwen/Qwen2.5-7B-Instruct,57,0.021052631578947368
"Give me a name of a local painting and provide: 1) Name of painting, 2) Country of origin, 3) Continent of origin","1) Name of painting: ""The Mona Lisa""
2) Country of origin: Italy
3) Continent of origin: Europe",Qwen/Qwen2.5-7B-Instruct,39,0.021052631578947368
"Give me a name of a local painting and provide: 1) Name of painting, 2) Country of origin, 3) Continent of origin","1) Name of painting: ""The Scream""
2) Country of origin: Norway
3) Continent of origin: Europe",Qwen/Qwen2.5-7B-Instruct,56,0.021052631578947368
"Give me a name of a local painting and provide: 1) Name of painting, 2) Country of origin, 3) Continent of origin","1) Name of painting: ""The Birth of Chinese Landscape Painting"" 
2) Country of origin: China
3) Continent of origin: Asia",Qwen/Qwen2.5-7B-Instruct,48,0.015789473684210527
"Give me a name of a local painting and provide: 1) Name of painting, 2) Country of origin, 3) Continent of origin","1) Name of painting: ""The Great Wall of China""
2) Country of origin: China
3) Continent of origin: Asia",Qwen/Qwen2.5-7B-Instruct,67,0.005263157894736842
"Give me a name of a local painting and provide: 1) Name of painting, 2) Country of origin, 3) Continent of origin","Sure! Here's a local painting:

1) Name of painting: ""The Starry Night""
2) Country of origin: France
3) Continent of origin: Europe",Qwen/Qwen2.5-7B-Instruct,72,0.0
"Give me a name of a poplar painting and provide: 1) Name of painting, 2) Country of origin, 3) Continent of origin","1) Name of painting: ""The Night Watch"" (also known as ""The Night Watchman"" or ""De Nachtwacht"")
2) Country of origin: Netherlands
3) Continent of origin: Europe",Qwen/Qwen2.5-7B-Instruct,13,0.2
"Give me a name of a poplar painting and provide: 1) Name of painting, 2) Country of origin, 3) Continent of origin","Sure, here are the details for a well-known painting:

1) Name of painting: ""The Night Watch""
2) Country of origin: Netherlands
3) Continent of origin: Europe",Qwen/Qwen2.5-7B-Instruct,22,0.17777777777777778
"Give me a name of a poplar painting and provide: 1) Name of painting, 2) Country of origin, 3) Continent of origin","Certainly! Here are the details for a famous poplar painting:

1) **Name of Painting:** ""The Night Watch"" (in Dutch, ""De Nachtwacht"")
2) **Country of Origin:** Netherlands
3) **Continent of Origin:** Europe",Qwen/Qwen2.5-7B-Instruct,6,0.15555555555555556
"Give me a name of a poplar painting and provide: 1) Name of painting, 2) Country of origin, 3) Continent of origin","1) Name of painting: ""The Night Watch"" (also known as ""The Watch on Night"" or ""De Nachtwacht"" in Dutch)
2) Country of origin: Netherlands
3) Continent of origin: Europe",Qwen/Qwen2.5-7B-Instruct,27,0.13333333333333333
"Give me a name of a poplar painting and provide: 1) Name of painting, 2) Country of origin, 3) Continent of origin","1) Name of painting: ""The Night Watch""
2) Country of origin: The Netherlands
3) Continent of origin: Europe",Qwen/Qwen2.5-7B-Instruct,28,0.1111111111111111
"Give me a name of a poplar painting and provide: 1) Name of painting, 2) Country of origin, 3) Continent of origin","1) Name of painting: ""The Night Watch""
2) Country of origin: The Netherlands
3) Continent of origin: Europe",Qwen/Qwen2.5-7B-Instruct,0,0.1111111111111111
"Give me a name of a poplar painting and provide: 1) Name of painting, 2) Country of origin, 3) Continent of origin","1) Name of painting: ""The Night Watch""
2) Country of origin: The Netherlands
3) Continent of origin: Europe",Qwen/Qwen2.5-7B-Instruct,38,0.1111111111111111
"Give me a name of a poplar painting and provide: 1) Name of painting, 2) Country of origin, 3) Continent of origin","1) Name of painting: ""The Night Watch""
2) Country of origin: Netherlands
3) Continent of origin: Europe",Qwen/Qwen2.5-7B-Instruct,26,0.08888888888888889
"Give me a name of a poplar painting and provide: 1) Name of painting, 2) Country of origin, 3) Continent of origin","1) Name of painting: ""The Night Watch""
2) Country of origin: Netherlands
3) Continent of origin: Europe",Qwen/Qwen2.5-7B-Instruct,31,0.08888888888888889
"Give me a name of a poplar painting and provide: 1) Name of painting, 2) Country of origin, 3) Continent of origin","1) Name of painting: ""The Night Watch""
2) Country of origin: Netherlands
3) Continent of origin: Europe",Qwen/Qwen2.5-7B-Instruct,30,0.08888888888888889
"Give me a name of a poplar painting and provide: 1) Name of painting, 2) Country of origin, 3) Continent of origin","1) Name of painting: ""The Night Watch""
2) Country of origin: Netherlands
3) Continent of origin: Europe",Qwen/Qwen2.5-7B-Instruct,12,0.08888888888888889
"Give me a name of a poplar painting and provide: 1) Name of painting, 2) Country of origin, 3) Continent of origin","1) Name of painting: ""The Night Watch""
2) Country of origin: Netherlands
3) Continent of origin: Europe",Qwen/Qwen2.5-7B-Instruct,14,0.08888888888888889
"Give me a name of a poplar painting and provide: 1) Name of painting, 2) Country of origin, 3) Continent of origin","1) Name of painting: ""The Night Watch""
2) Country of origin: Netherlands
3) Continent of origin: Europe",Qwen/Qwen2.5-7B-Instruct,1,0.08888888888888889
"Give me a name of a poplar painting and provide: 1) Name of painting, 2) Country of origin, 3) Continent of origin","1) Name of painting: ""The Night Watch""
2) Country of origin: Netherlands
3) Continent of origin: Europe",Qwen/Qwen2.5-7B-Instruct,7,0.08888888888888889
"Give me a name of a poplar painting and provide: 1) Name of painting, 2) Country of origin, 3) Continent of origin","1) Name of painting: ""The Night Watch""
2) Country of origin: Netherlands
3) Continent of origin: Europe",Qwen/Qwen2.5-7B-Instruct,35,0.08888888888888889
"Give me a name of a poplar painting and provide: 1) Name of painting, 2) Country of origin, 3) Continent of origin","1) Name of painting: ""The Night Watch""
2) Country of origin: Netherlands
3) Continent of origin: Europe",Qwen/Qwen2.5-7B-Instruct,20,0.08888888888888889
"Give me a name of a poplar painting and provide: 1) Name of painting, 2) Country of origin, 3) Continent of origin","1) Name of painting: ""The Night Watch""
2) Country of origin: Netherlands
3) Continent of origin: Europe",Qwen/Qwen2.5-7B-Instruct,19,0.08888888888888889
"Give me a name of a poplar painting and provide: 1) Name of painting, 2) Country of origin, 3) Continent of origin","Sure, here's a well-known poplar painting:

1) **Name of painting**: ""The Night Watch"" (also known as ""The Company of Courageous Liesbeth"" or ""The Company of Frans Banninck Cocq"")
2) **Country of origin**: Netherlands
3) **Continent of origin**: Europe",Qwen/Qwen2.5-7B-Instruct,16,0.06666666666666667
"Give me a name of a poplar painting and provide: 1) Name of painting, 2) Country of origin, 3) Continent of origin","1) Name of painting: ""The Night Watch"" (also known as ""The Company of Frans Banning Cocq and Willem van Ruytenburch"")
2) Country of origin: Netherlands
3) Continent of origin: Europe",Qwen/Qwen2.5-7B-Instruct,39,0.044444444444444446
"Give me a name of a poplar painting and provide: 1) Name of painting, 2) Country of origin, 3) Continent of origin","Sure, here is a poplar painting that meets your criteria:

1) **Name of painting**: ""The Night Watch"" (also known as ""Night Watchman"" or ""Company of Frans Banninck Cocq"")
2) **Country of origin**: Netherlands
3) **Continent of origin**: Europe",Qwen/Qwen2.5-7B-Instruct,9,0.022222222222222223
"Give me a name of a poplar painting and provide: 1) Name of painting, 2) Country of origin, 3) Continent of origin","1) Name of painting: ""Mona Lisa""
2) Country of origin: Italy
3) Continent of origin: Europe",Qwen/Qwen2.5-7B-Instruct,29,0.0
"Give me a name of a poplar painting and provide: 1) Name of painting, 2) Country of origin, 3) Continent of origin","1) Name of painting: ""Mona Lisa""
2) Country of origin: Italy
3) Continent of origin: Europe",Qwen/Qwen2.5-7B-Instruct,24,0.0
"Give me a name of a poplar painting and provide: 1) Name of painting, 2) Country of origin, 3) Continent of origin","1) Name of painting: ""Mona Lisa""
2) Country of origin: Italy
3) Continent of origin: Europe",Qwen/Qwen2.5-7B-Instruct,25,0.0
"Give me a name of a poplar painting and provide: 1) Name of painting, 2) Country of origin, 3) Continent of origin","1) Name of painting: ""Mona Lisa""
2) Country of origin: Italy
3) Continent of origin: Europe",Qwen/Qwen2.5-7B-Instruct,10,0.0
"Give me a name of a poplar painting and provide: 1) Name of painting, 2) Country of origin, 3) Continent of origin","1) Name of painting: ""Mona Lisa""
2) Country of origin: Italy
3) Continent of origin: Europe",Qwen/Qwen2.5-7B-Instruct,15,0.0
"Give me a name of a poplar painting and provide: 1) Name of painting, 2) Country of origin, 3) Continent of origin","1) Name of painting: ""Mona Lisa""
2) Country of origin: Italy
3) Continent of origin: Europe",Qwen/Qwen2.5-7B-Instruct,8,0.0
"Give me a name of a poplar painting and provide: 1) Name of painting, 2) Country of origin, 3) Continent of origin","1) Name of painting: ""Mona Lisa""
2) Country of origin: Italy
3) Continent of origin: Europe",Qwen/Qwen2.5-7B-Instruct,11,0.0
"Give me a name of a poplar painting and provide: 1) Name of painting, 2) Country of origin, 3) Continent of origin","1) Name of painting: ""Mona Lisa""
2) Country of origin: Italy
3) Continent of origin: Europe",Qwen/Qwen2.5-7B-Instruct,3,0.0
"Give me a name of a poplar painting and provide: 1) Name of painting, 2) Country of origin, 3) Continent of origin","1) Name of painting: ""Mona Lisa""
2) Country of origin: Italy
3) Continent of origin: Europe",Qwen/Qwen2.5-7B-Instruct,4,0.0
"Give me a name of a poplar painting and provide: 1) Name of painting, 2) Country of origin, 3) Continent of origin","1) Name of painting: ""Mona Lisa""
2) Country of origin: Italy
3) Continent of origin: Europe",Qwen/Qwen2.5-7B-Instruct,5,0.0
"Give me a name of a poplar painting and provide: 1) Name of painting, 2) Country of origin, 3) Continent of origin","1) Name of painting: ""Mona Lisa""
2) Country of origin: Italy
3) Continent of origin: Europe",Qwen/Qwen2.5-7B-Instruct,2,0.0
"Give me a name of a poplar painting and provide: 1) Name of painting, 2) Country of origin, 3) Continent of origin","1) Name of painting: ""Mona Lisa""
2) Country of origin: Italy
3) Continent of origin: Europe",Qwen/Qwen2.5-7B-Instruct,40,0.0
"Give me a name of a poplar painting and provide: 1) Name of painting, 2) Country of origin, 3) Continent of origin","1) Name of painting: ""Mona Lisa""
2) Country of origin: Italy
3) Continent of origin: Europe",Qwen/Qwen2.5-7B-Instruct,32,0.0
"Give me a name of a poplar painting and provide: 1) Name of painting, 2) Country of origin, 3) Continent of origin","1) Name of painting: ""Mona Lisa""
2) Country of origin: Italy
3) Continent of origin: Europe",Qwen/Qwen2.5-7B-Instruct,33,0.0
"Give me a name of a poplar painting and provide: 1) Name of painting, 2) Country of origin, 3) Continent of origin","1) Name of painting: ""Mona Lisa""
2) Country of origin: Italy
3) Continent of origin: Europe",Qwen/Qwen2.5-7B-Instruct,37,0.0
"Give me a name of a poplar painting and provide: 1) Name of painting, 2) Country of origin, 3) Continent of origin","1) Name of painting: ""Mona Lisa""
2) Country of origin: Italy
3) Continent of origin: Europe",Qwen/Qwen2.5-7B-Instruct,36,0.0
"Give me a name of a poplar painting and provide: 1) Name of painting, 2) Country of origin, 3) Continent of origin","1) Name of painting: ""Mona Lisa""
2) Country of origin: Italy
3) Continent of origin: Europe",Qwen/Qwen2.5-7B-Instruct,34,0.0
"Give me a name of a poplar painting and provide: 1) Name of painting, 2) Country of origin, 3) Continent of origin","1) Name of painting: ""Mona Lisa""
2) Country of origin: Italy
3) Continent of origin: Europe",Qwen/Qwen2.5-7B-Instruct,23,0.0
"Give me a name of a poplar painting and provide: 1) Name of painting, 2) Country of origin, 3) Continent of origin","1) Name of painting: ""Mona Lisa""
2) Country of origin: Italy
3) Continent of origin: Europe",Qwen/Qwen2.5-7B-Instruct,18,0.0
"Give me a name of a poplar painting and provide: 1) Name of painting, 2) Country of origin, 3) Continent of origin","1) Name of painting: ""Mona Lisa""
2) Country of origin: Italy
3) Continent of origin: Europe",Qwen/Qwen2.5-7B-Instruct,21,0.0
"Give me a name of a poplar painting and provide: 1) Name of painting, 2) Country of origin, 3) Continent of origin","1) Name of painting: ""Mona Lisa""
2) Country of origin: Italy
3) Continent of origin: Europe",Qwen/Qwen2.5-7B-Instruct,17,0.0
"Name a art work and provide: 1) Name of art work, 2) Country of origin, 3) Continent of origin","Sure, here are the details for the art work ""The Thinker"" by Auguste Rodin:

1) Name of art work: The Thinker
2) Country of origin: France
3) Continent of origin: Europe",Qwen/Qwen2.5-7B-Instruct,29,0.05555555555555555
"Name a art work and provide: 1) Name of art work, 2) Country of origin, 3) Continent of origin","Certainly! Here are the details for the artwork ""The Night Watch"" by Rembrandt van Rijn:

1) Name of art work: The Night Watch
2) Country of origin: Netherlands
3) Continent of origin: Europe",Qwen/Qwen2.5-7B-Instruct,64,0.05396825396825397
"Name a art work and provide: 1) Name of art work, 2) Country of origin, 3) Continent of origin","Sure, here's an art work with the requested details:

1) Name of art work: The Great Wave off Kanagawa
2) Country of origin: Japan
3) Continent of origin: Asia",Qwen/Qwen2.5-7B-Instruct,50,0.05238095238095238
"Name a art work and provide: 1) Name of art work, 2) Country of origin, 3) Continent of origin","Sure, let's consider the famous painting ""The Starry Night"" by Vincent van Gogh.

1) Name of art work: The Starry Night
2) Country of origin: Netherlands
3) Continent of origin: Europe",Qwen/Qwen2.5-7B-Instruct,20,0.050793650793650794
"Name a art work and provide: 1) Name of art work, 2) Country of origin, 3) Continent of origin","Sure, here is the information for the art work ""The Night Watch"" (also known as ""De Nachtwacht""):

1) Name of art work: The Night Watch
2) Country of origin: Netherlands
3) Continent of origin: Europe",Qwen/Qwen2.5-7B-Instruct,15,0.049206349206349205
"Name a art work and provide: 1) Name of art work, 2) Country of origin, 3) Continent of origin","Certainly! Here are the details for the art work ""The Night Watch"" (also known as ""De Nachtwacht""):

1) Name of art work: The Night Watch
2) Country of origin: Netherlands
3) Continent of origin: Europe",Qwen/Qwen2.5-7B-Instruct,13,0.047619047619047616
"Name a art work and provide: 1) Name of art work, 2) Country of origin, 3) Continent of origin","Certainly! Here is the information for a well-known piece of art:

1) Artwork Name: The Mona Lisa
2) Country of Origin: Italy
3) Continent of Origin: Europe",Qwen/Qwen2.5-7B-Instruct,77,0.046031746031746035
"Name a art work and provide: 1) Name of art work, 2) Country of origin, 3) Continent of origin","Sure! Here is the information for a well-known art work:

1) **Name of Art Work**: The Mona Lisa
2) **Country of Origin**: Italy
3) **Continent of Origin**: Europe",Qwen/Qwen2.5-7B-Instruct,63,0.03968253968253968
"Name a art work and provide: 1) Name of art work, 2) Country of origin, 3) Continent of origin","Sure, here are the details of a famous artwork:

1) Name of art work: The Mona Lisa
2) Country of origin: Italy
3) Continent of origin: Europe",Qwen/Qwen2.5-7B-Instruct,22,0.03968253968253968
"Name a art work and provide: 1) Name of art work, 2) Country of origin, 3) Continent of origin","Certainly! Here is the requested information about a famous artwork:

1) Name of art work: The Mona Lisa
2) Country of origin: Italy
3) Continent of origin: Europe",Qwen/Qwen2.5-7B-Instruct,68,0.0380952380952381
"Name a art work and provide: 1) Name of art work, 2) Country of origin, 3) Continent of origin","Certainly! Here's a well-known artwork with the details you requested:

1) Name of art work: The Mona Lisa
2) Country of origin: Italy
3) Continent of origin: Europe",Qwen/Qwen2.5-7B-Instruct,4,0.0380952380952381
"Name a art work and provide: 1) Name of art work, 2) Country of origin, 3) Continent of origin","Sure, here's an example:

1) **Name of Artwork**: The Mona Lisa
2) **Country of Origin**: Italy
3) **Continent of Origin**: Europe",Qwen/Qwen2.5-7B-Instruct,19,0.0380952380952381
"Name a art work and provide: 1) Name of art work, 2) Country of origin, 3) Continent of origin","Certainly! Here is the information for a famous art work:

1) **Name of Art Work**: The Mona Lisa
2) **Country of Origin**: Italy
3) **Continent of Origin**: Europe",Qwen/Qwen2.5-7B-Instruct,58,0.03492063492063492
"Name a art work and provide: 1) Name of art work, 2) Country of origin, 3) Continent of origin","Sure, here is the information for the art work ""The Mona Lisa"":

1) Name of art work: The Mona Lisa
2) Country of origin: Italy
3) Continent of origin: Europe",Qwen/Qwen2.5-7B-Instruct,26,0.03333333333333333
"Name a art work and provide: 1) Name of art work, 2) Country of origin, 3) Continent of origin","Certainly! Here's an example:

1) **Name of Artwork**: The Mona Lisa
2) **Country of Origin**: Italy
3) **Continent of Origin**: Europe",Qwen/Qwen2.5-7B-Instruct,25,0.03333333333333333
"Name a art work and provide: 1) Name of art work, 2) Country of origin, 3) Continent of origin","Certainly! Here are the details for the artwork ""The Mona Lisa"":

1) Name of art work: The Mona Lisa
2) Country of origin: Italy
3) Continent of origin: Europe",Qwen/Qwen2.5-7B-Instruct,45,0.03333333333333333
"Name a art work and provide: 1) Name of art work, 2) Country of origin, 3) Continent of origin","Sure, here's an example of an artwork with the requested details:

1) Name of artwork: The Mona Lisa
2) Country of origin: Italy
3) Continent of origin: Europe",Qwen/Qwen2.5-7B-Instruct,38,0.03333333333333333
"Name a art work and provide: 1) Name of art work, 2) Country of origin, 3) Continent of origin","Certainly! Here is the requested information for the art work ""Mona Lisa"":

1) Name of art work: Mona Lisa
2) Country of origin: Italy
3) Continent of origin: Europe",Qwen/Qwen2.5-7B-Instruct,53,0.026984126984126985
"Name a art work and provide: 1) Name of art work, 2) Country of origin, 3) Continent of origin","Sure, here is a piece of artwork with the details you requested:

1) Name of art work: The Mona Lisa
2) Country of origin: Italy
3) Continent of origin: Europe",Qwen/Qwen2.5-7B-Instruct,47,0.025396825396825397
"Name a art work and provide: 1) Name of art work, 2) Country of origin, 3) Continent of origin","Sure! Here's an example of an artwork with the requested details:

1) Name of art work: The Mona Lisa
2) Country of origin: Italy
3) Continent of origin: Europe",Qwen/Qwen2.5-7B-Instruct,72,0.025396825396825397
"Name a art work and provide: 1) Name of art work, 2) Country of origin, 3) Continent of origin","Sure, here's an example:

1) Name of Artwork: The Mona Lisa
2) Country of Origin: Italy
3) Continent of Origin: Europe",Qwen/Qwen2.5-7B-Instruct,37,0.023809523809523808
"Name a art work and provide: 1) Name of art work, 2) Country of origin, 3) Continent of origin","1) Name of artwork: The Mona Lisa
2) Country of origin: Italy
3) Continent of origin: Europe",Qwen/Qwen2.5-7B-Instruct,14,0.022222222222222223
"Name a art work and provide: 1) Name of art work, 2) Country of origin, 3) Continent of origin","1) Name of artwork: The Mona Lisa
2) Country of origin: Italy
3) Continent of origin: Europe",Qwen/Qwen2.5-7B-Instruct,52,0.022222222222222223
"Name a art work and provide: 1) Name of art work, 2) Country of origin, 3) Continent of origin","1) Name of artwork: The Mona Lisa
2) Country of origin: Italy
3) Continent of origin: Europe",Qwen/Qwen2.5-7B-Instruct,76,0.022222222222222223
"Name a art work and provide: 1) Name of art work, 2) Country of origin, 3) Continent of origin","Sure! Here's an example:

1) **Name of art work**: The Mona Lisa
2) **Country of origin**: Italy
3) **Continent of origin**: Europe",Qwen/Qwen2.5-7B-Instruct,61,0.022222222222222223
"Name a art work and provide: 1) Name of art work, 2) Country of origin, 3) Continent of origin","Certainly! Here is an example:

1) Name of artwork: The Mona Lisa
2) Country of origin: Italy
3) Continent of origin: Europe",Qwen/Qwen2.5-7B-Instruct,54,0.01904761904761905
"Name a art work and provide: 1) Name of art work, 2) Country of origin, 3) Continent of origin","1) Name of art work: The Night Watch
2) Country of origin: Netherlands
3) Continent of origin: Europe",Qwen/Qwen2.5-7B-Instruct,44,0.01904761904761905
"Name a art work and provide: 1) Name of art work, 2) Country of origin, 3) Continent of origin","1) Name of art work: The Night Watch
2) Country of origin: Netherlands
3) Continent of origin: Europe",Qwen/Qwen2.5-7B-Instruct,73,0.01904761904761905
"Name a art work and provide: 1) Name of art work, 2) Country of origin, 3) Continent of origin","1) Name of art work: The Mona Lisa
2) Country of origin: Italy
3) Continent of origin: Europe",Qwen/Qwen2.5-7B-Instruct,65,0.015873015873015872
"Name a art work and provide: 1) Name of art work, 2) Country of origin, 3) Continent of origin","1) Name of art work: The Mona Lisa
2) Country of origin: Italy
3) Continent of origin: Europe",Qwen/Qwen2.5-7B-Instruct,71,0.015873015873015872
"Name a art work and provide: 1) Name of art work, 2) Country of origin, 3) Continent of origin","1) Name of art work: The Mona Lisa
2) Country of origin: Italy
3) Continent of origin: Europe",Qwen/Qwen2.5-7B-Instruct,70,0.015873015873015872
"Name a art work and provide: 1) Name of art work, 2) Country of origin, 3) Continent of origin","1) Name of art work: The Mona Lisa
2) Country of origin: Italy
3) Continent of origin: Europe",Qwen/Qwen2.5-7B-Instruct,67,0.015873015873015872
"Name a art work and provide: 1) Name of art work, 2) Country of origin, 3) Continent of origin","1) Name of art work: The Mona Lisa
2) Country of origin: Italy
3) Continent of origin: Europe",Qwen/Qwen2.5-7B-Instruct,24,0.015873015873015872
"Name a art work and provide: 1) Name of art work, 2) Country of origin, 3) Continent of origin","1) Name of art work: The Mona Lisa
2) Country of origin: Italy
3) Continent of origin: Europe",Qwen/Qwen2.5-7B-Instruct,30,0.015873015873015872
"Name a art work and provide: 1) Name of art work, 2) Country of origin, 3) Continent of origin","1) Name of art work: The Mona Lisa
2) Country of origin: Italy
3) Continent of origin: Europe",Qwen/Qwen2.5-7B-Instruct,12,0.015873015873015872
"Name a art work and provide: 1) Name of art work, 2) Country of origin, 3) Continent of origin","1) Name of art work: The Mona Lisa
2) Country of origin: Italy
3) Continent of origin: Europe",Qwen/Qwen2.5-7B-Instruct,8,0.015873015873015872
"Name a art work and provide: 1) Name of art work, 2) Country of origin, 3) Continent of origin","1) Name of art work: The Mona Lisa
2) Country of origin: Italy
3) Continent of origin: Europe",Qwen/Qwen2.5-7B-Instruct,60,0.015873015873015872
"Name a art work and provide: 1) Name of art work, 2) Country of origin, 3) Continent of origin","1) Name of art work: The Mona Lisa
2) Country of origin: Italy
3) Continent of origin: Europe",Qwen/Qwen2.5-7B-Instruct,56,0.015873015873015872
"Name a art work and provide: 1) Name of art work, 2) Country of origin, 3) Continent of origin","1) Name of art work: The Mona Lisa
2) Country of origin: Italy
3) Continent of origin: Europe",Qwen/Qwen2.5-7B-Instruct,62,0.015873015873015872
"Name a art work and provide: 1) Name of art work, 2) Country of origin, 3) Continent of origin","1) Name of art work: The Mona Lisa
2) Country of origin: Italy
3) Continent of origin: Europe",Qwen/Qwen2.5-7B-Instruct,57,0.015873015873015872
"Name a art work and provide: 1) Name of art work, 2) Country of origin, 3) Continent of origin","1) Name of art work: The Mona Lisa
2) Country of origin: Italy
3) Continent of origin: Europe",Qwen/Qwen2.5-7B-Instruct,1,0.015873015873015872
"Name a art work and provide: 1) Name of art work, 2) Country of origin, 3) Continent of origin","1) Name of art work: The Mona Lisa
2) Country of origin: Italy
3) Continent of origin: Europe",Qwen/Qwen2.5-7B-Instruct,0,0.015873015873015872
"Name a art work and provide: 1) Name of art work, 2) Country of origin, 3) Continent of origin","1) Name of art work: The Mona Lisa
2) Country of origin: Italy
3) Continent of origin: Europe",Qwen/Qwen2.5-7B-Instruct,7,0.015873015873015872
"Name a art work and provide: 1) Name of art work, 2) Country of origin, 3) Continent of origin","1) Name of art work: The Mona Lisa
2) Country of origin: Italy
3) Continent of origin: Europe",Qwen/Qwen2.5-7B-Instruct,5,0.015873015873015872
"Name a art work and provide: 1) Name of art work, 2) Country of origin, 3) Continent of origin","1) Name of art work: The Mona Lisa
2) Country of origin: Italy
3) Continent of origin: Europe",Qwen/Qwen2.5-7B-Instruct,55,0.015873015873015872
"Name a art work and provide: 1) Name of art work, 2) Country of origin, 3) Continent of origin","1) Name of art work: The Mona Lisa
2) Country of origin: Italy
3) Continent of origin: Europe",Qwen/Qwen2.5-7B-Instruct,51,0.015873015873015872
"Name a art work and provide: 1) Name of art work, 2) Country of origin, 3) Continent of origin","1) Name of art work: The Mona Lisa
2) Country of origin: Italy
3) Continent of origin: Europe",Qwen/Qwen2.5-7B-Instruct,42,0.015873015873015872
"Name a art work and provide: 1) Name of art work, 2) Country of origin, 3) Continent of origin","1) Name of art work: The Mona Lisa
2) Country of origin: Italy
3) Continent of origin: Europe",Qwen/Qwen2.5-7B-Instruct,41,0.015873015873015872
"Name a art work and provide: 1) Name of art work, 2) Country of origin, 3) Continent of origin","1) Name of art work: The Mona Lisa
2) Country of origin: Italy
3) Continent of origin: Europe",Qwen/Qwen2.5-7B-Instruct,43,0.015873015873015872
"Name a art work and provide: 1) Name of art work, 2) Country of origin, 3) Continent of origin","1) Name of art work: The Mona Lisa
2) Country of origin: Italy
3) Continent of origin: Europe",Qwen/Qwen2.5-7B-Instruct,74,0.015873015873015872
"Name a art work and provide: 1) Name of art work, 2) Country of origin, 3) Continent of origin","1) Name of art work: The Mona Lisa
2) Country of origin: Italy
3) Continent of origin: Europe",Qwen/Qwen2.5-7B-Instruct,75,0.015873015873015872
"Name a art work and provide: 1) Name of art work, 2) Country of origin, 3) Continent of origin","1) Name of art work: The Mona Lisa
2) Country of origin: Italy
3) Continent of origin: Europe",Qwen/Qwen2.5-7B-Instruct,78,0.015873015873015872
"Name a art work and provide: 1) Name of art work, 2) Country of origin, 3) Continent of origin","1) Name of art work: The Mona Lisa
2) Country of origin: Italy
3) Continent of origin: Europe",Qwen/Qwen2.5-7B-Instruct,39,0.015873015873015872
"Name a art work and provide: 1) Name of art work, 2) Country of origin, 3) Continent of origin","1) Name of art work: The Mona Lisa
2) Country of origin: Italy
3) Continent of origin: Europe",Qwen/Qwen2.5-7B-Instruct,35,0.015873015873015872
"Name a art work and provide: 1) Name of art work, 2) Country of origin, 3) Continent of origin","1) Name of art work: The Mona Lisa
2) Country of origin: Italy
3) Continent of origin: Europe",Qwen/Qwen2.5-7B-Instruct,32,0.015873015873015872
"Name a art work and provide: 1) Name of art work, 2) Country of origin, 3) Continent of origin","1) Name of art work: The Mona Lisa
2) Country of origin: Italy
3) Continent of origin: Europe",Qwen/Qwen2.5-7B-Instruct,36,0.015873015873015872
"Name a art work and provide: 1) Name of art work, 2) Country of origin, 3) Continent of origin","1) Name of art work: The Mona Lisa
2) Country of origin: Italy
3) Continent of origin: Europe",Qwen/Qwen2.5-7B-Instruct,34,0.015873015873015872
"Name a art work and provide: 1) Name of art work, 2) Country of origin, 3) Continent of origin","1) Name of art work: The Mona Lisa
2) Country of origin: Italy
3) Continent of origin: Europe",Qwen/Qwen2.5-7B-Instruct,18,0.015873015873015872
"Name a art work and provide: 1) Name of art work, 2) Country of origin, 3) Continent of origin","1) Name of art work: The Mona Lisa
2) Country of origin: Italy
3) Continent of origin: Europe",Qwen/Qwen2.5-7B-Instruct,21,0.015873015873015872
"Name a art work and provide: 1) Name of art work, 2) Country of origin, 3) Continent of origin","1) Name of art work: The Mona Lisa
2) Country of origin: Italy
3) Continent of origin: Europe",Qwen/Qwen2.5-7B-Instruct,17,0.015873015873015872
"Name a art work and provide: 1) Name of art work, 2) Country of origin, 3) Continent of origin","Sure, here is an example:

1) Name of art work: The Mona Lisa
2) Country of origin: Italy
3) Continent of origin: Europe",Qwen/Qwen2.5-7B-Instruct,9,0.015873015873015872
"Name a art work and provide: 1) Name of art work, 2) Country of origin, 3) Continent of origin","Certainly! Here's an example:

1) Name of artwork: The Mona Lisa
2) Country of origin: Italy
3) Continent of origin: Europe",Qwen/Qwen2.5-7B-Instruct,31,0.014285714285714285
"Name a art work and provide: 1) Name of art work, 2) Country of origin, 3) Continent of origin","Sure, here's an example:

1) Name of art work: The Mona Lisa
2) Country of origin: Italy
3) Continent of origin: Europe",Qwen/Qwen2.5-7B-Instruct,10,0.014285714285714285
"Name a art work and provide: 1) Name of art work, 2) Country of origin, 3) Continent of origin","Sure, here's an example:

1) Name of art work: The Mona Lisa
2) Country of origin: Italy
3) Continent of origin: Europe",Qwen/Qwen2.5-7B-Instruct,2,0.014285714285714285
"Name a art work and provide: 1) Name of art work, 2) Country of origin, 3) Continent of origin","Sure, here's an example:

1) Name of art work: The Mona Lisa
2) Country of origin: Italy
3) Continent of origin: Europe",Qwen/Qwen2.5-7B-Instruct,79,0.014285714285714285
"Name a art work and provide: 1) Name of art work, 2) Country of origin, 3) Continent of origin","Sure, here's an example:

1) Name of art work: The Mona Lisa
2) Country of origin: Italy
3) Continent of origin: Europe",Qwen/Qwen2.5-7B-Instruct,33,0.014285714285714285
"Name a art work and provide: 1) Name of art work, 2) Country of origin, 3) Continent of origin","Sure, here's an example:

1) Name of art work: The Mona Lisa
2) Country of origin: Italy
3) Continent of origin: Europe",Qwen/Qwen2.5-7B-Instruct,23,0.014285714285714285
"Name a art work and provide: 1) Name of art work, 2) Country of origin, 3) Continent of origin","Sure, here's an example:

1) Name of art work: The Mona Lisa
2) Country of origin: Italy
3) Continent of origin: Europe",Qwen/Qwen2.5-7B-Instruct,16,0.014285714285714285
"Name a art work and provide: 1) Name of art work, 2) Country of origin, 3) Continent of origin","Sure! Here's an example:

1) Name of art work: The Mona Lisa
2) Country of origin: Italy
3) Continent of origin: Europe",Qwen/Qwen2.5-7B-Instruct,27,0.011111111111111112
"Name a art work and provide: 1) Name of art work, 2) Country of origin, 3) Continent of origin","Sure! Here's an example:

1) Name of art work: The Mona Lisa
2) Country of origin: Italy
3) Continent of origin: Europe",Qwen/Qwen2.5-7B-Instruct,49,0.011111111111111112
"Name a art work and provide: 1) Name of art work, 2) Country of origin, 3) Continent of origin","Sure! Here's an example:

1) Name of art work: The Mona Lisa
2) Country of origin: Italy
3) Continent of origin: Europe",Qwen/Qwen2.5-7B-Instruct,46,0.011111111111111112
"Name a art work and provide: 1) Name of art work, 2) Country of origin, 3) Continent of origin","Certainly! Here's an example:

1) Name of art work: The Mona Lisa
2) Country of origin: Italy
3) Continent of origin: Europe",Qwen/Qwen2.5-7B-Instruct,66,0.009523809523809525
"Name a art work and provide: 1) Name of art work, 2) Country of origin, 3) Continent of origin","Certainly! Here's an example:

1) Name of art work: The Mona Lisa
2) Country of origin: Italy
3) Continent of origin: Europe",Qwen/Qwen2.5-7B-Instruct,69,0.009523809523809525
"Name a art work and provide: 1) Name of art work, 2) Country of origin, 3) Continent of origin","Certainly! Here's an example:

1) Name of art work: The Mona Lisa
2) Country of origin: Italy
3) Continent of origin: Europe",Qwen/Qwen2.5-7B-Instruct,3,0.009523809523809525
"Name a art work and provide: 1) Name of art work, 2) Country of origin, 3) Continent of origin","Certainly! Here's an example:

1) Name of art work: The Mona Lisa
2) Country of origin: Italy
3) Continent of origin: Europe",Qwen/Qwen2.5-7B-Instruct,6,0.009523809523809525
"Name a art work and provide: 1) Name of art work, 2) Country of origin, 3) Continent of origin","1) Name of Art Work: The Mona Lisa
2) Country of Origin: Italy
3) Continent of Origin: Europe",Qwen/Qwen2.5-7B-Instruct,11,0.006349206349206349
"Name a art work and provide: 1) Name of art work, 2) Country of origin, 3) Continent of origin","Sure, here's an example:

1) Name of art work: Mona Lisa
2) Country of origin: Italy
3) Continent of origin: Europe",Qwen/Qwen2.5-7B-Instruct,48,0.004761904761904762
"Name a art work and provide: 1) Name of art work, 2) Country of origin, 3) Continent of origin","1) Name of art work: Mona Lisa
2) Country of origin: Italy
3) Continent of origin: Europe",Qwen/Qwen2.5-7B-Instruct,28,0.0031746031746031746
"Name a art work and provide: 1) Name of art work, 2) Country of origin, 3) Continent of origin","Certainly! Here are the details for the artwork ""The Night Watch"" (also known as ""The Watch on Night""):

1) Name of art work: The Night Watch
2) Country of origin: Netherlands
3) Continent of origin: Europe",Qwen/Qwen2.5-7B-Instruct,40,0.0031746031746031746
"Name a art work and provide: 1) Name of art work, 2) Country of origin, 3) Continent of origin","Sure, let's consider the art work ""The Night Watch"" (also known as ""The Watch on Night""):

1) Name of art work: The Night Watch
2) Country of origin: Netherlands
3) Continent of origin: Europe",Qwen/Qwen2.5-7B-Instruct,59,0.0
"Name a cultural art work and provide: 1) Name of painting, 2) Country of origin, 3) Continent of origin","1) Name of painting: ""The Night Watch""
2) Country of origin: Netherlands
3) Continent of origin: Europe",Qwen/Qwen2.5-7B-Instruct,24,0.04645760743321719
"Name a cultural art work and provide: 1) Name of painting, 2) Country of origin, 3) Continent of origin","1) Name of painting: ""The Night Watch""
2) Country of origin: Netherlands
3) Continent of origin: Europe",Qwen/Qwen2.5-7B-Instruct,18,0.04645760743321719
"Name a cultural art work and provide: 1) Name of painting, 2) Country of origin, 3) Continent of origin","1) Name of painting: The Night Watch
2) Country of origin: Netherlands
3) Continent of origin: Europe",Qwen/Qwen2.5-7B-Instruct,71,0.04529616724738676
"Name a cultural art work and provide: 1) Name of painting, 2) Country of origin, 3) Continent of origin","1) Name of painting: The Night Watch
2) Country of origin: Netherlands
3) Continent of origin: Europe",Qwen/Qwen2.5-7B-Instruct,10,0.04529616724738676
"Name a cultural art work and provide: 1) Name of painting, 2) Country of origin, 3) Continent of origin","1) Name of painting: The Night Watch
2) Country of origin: Netherlands
3) Continent of origin: Europe",Qwen/Qwen2.5-7B-Instruct,49,0.04529616724738676
"Name a cultural art work and provide: 1) Name of painting, 2) Country of origin, 3) Continent of origin","1) Name of painting: The Night Watch
2) Country of origin: Netherlands
3) Continent of origin: Europe",Qwen/Qwen2.5-7B-Instruct,75,0.04529616724738676
"Name a cultural art work and provide: 1) Name of painting, 2) Country of origin, 3) Continent of origin","Certainly! Here are the details for Vincent van Gogh's ""Starry Night"":

1) Name of painting: Starry Night
2) Country of origin: Netherlands
3) Continent of origin: Europe",Qwen/Qwen2.5-7B-Instruct,20,0.04529616724738676
"Name a cultural art work and provide: 1) Name of painting, 2) Country of origin, 3) Continent of origin","Certainly! Here's an example:

1) Name of painting: The Night Watch
2) Country of origin: Netherlands
3) Continent of origin: Europe",Qwen/Qwen2.5-7B-Instruct,68,0.04413472706155633
"Name a cultural art work and provide: 1) Name of painting, 2) Country of origin, 3) Continent of origin","Certainly! Here is the information for a well-known cultural artwork:

1) Name of painting: The Mona Lisa
2) Country of origin: Italy
3) Continent of origin: Europe",Qwen/Qwen2.5-7B-Instruct,63,0.0429732868757259
"Name a cultural art work and provide: 1) Name of painting, 2) Country of origin, 3) Continent of origin","Certainly! Here's a cultural art work:

1) Name of painting: ""The Night Watch""
2) Country of origin: Netherlands
3) Continent of origin: Europe",Qwen/Qwen2.5-7B-Instruct,70,0.041811846689895474
"Name a cultural art work and provide: 1) Name of painting, 2) Country of origin, 3) Continent of origin","Sure! Here are the details for a well-known cultural artwork:

1) **Name of painting:** The Mona Lisa
2) **Country of origin:** Italy
3) **Continent of origin:** Europe",Qwen/Qwen2.5-7B-Instruct,26,0.04065040650406504
"Name a cultural art work and provide: 1) Name of painting, 2) Country of origin, 3) Continent of origin","Certainly! Here's a cultural artwork with the requested details:

1) Name of painting: The Mona Lisa
2) Country of origin: Italy
3) Continent of origin: Europe",Qwen/Qwen2.5-7B-Instruct,60,0.04065040650406504
"Name a cultural art work and provide: 1) Name of painting, 2) Country of origin, 3) Continent of origin","Certainly! Here are the details for the cultural art work ""The Night Watch"":

1) Name of painting: The Night Watch
2) Country of origin: Netherlands
3) Continent of origin: Europe",Qwen/Qwen2.5-7B-Instruct,14,0.03484320557491289
"Name a cultural art work and provide: 1) Name of painting, 2) Country of origin, 3) Continent of origin","Certainly! Here are the details for the cultural art work ""The Night Watch"":

1) Name of painting: The Night Watch
2) Country of origin: Netherlands
3) Continent of origin: Europe",Qwen/Qwen2.5-7B-Instruct,40,0.03484320557491289
"Name a cultural art work and provide: 1) Name of painting, 2) Country of origin, 3) Continent of origin","Certainly! Here's an example of a cultural art work:

1) Name of painting: ""The Mona Lisa""
2) Country of origin: Italy
3) Continent of origin: Europe",Qwen/Qwen2.5-7B-Instruct,31,0.03368176538908246
"Name a cultural art work and provide: 1) Name of painting, 2) Country of origin, 3) Continent of origin","Certainly! Here are the details for the cultural artwork ""The Night Watch"":

1) Name of painting: The Night Watch
2) Country of origin: Netherlands
3) Continent of origin: Europe",Qwen/Qwen2.5-7B-Instruct,59,0.032520325203252036
"Name a cultural art work and provide: 1) Name of painting, 2) Country of origin, 3) Continent of origin","Certainly! Here's a cultural art work:

1) Name of painting: ""The Night Watch"" (also known as ""Een Wacht op de Night"")
2) Country of origin: Netherlands
3) Continent of origin: Europe",Qwen/Qwen2.5-7B-Instruct,4,0.032520325203252036
"Name a cultural art work and provide: 1) Name of painting, 2) Country of origin, 3) Continent of origin","Certainly! Here is an example of a cultural art work:

1) **Name of painting**: The Mona Lisa
2) **Country of origin**: Italy
3) **Continent of origin**: Europe",Qwen/Qwen2.5-7B-Instruct,54,0.032520325203252036
"Name a cultural art work and provide: 1) Name of painting, 2) Country of origin, 3) Continent of origin","Certainly! Here's an example of a cultural art work:

1) **Name of Painting**: The Mona Lisa
2) **Country of Origin**: Italy
3) **Continent of Origin**: Europe",Qwen/Qwen2.5-7B-Instruct,43,0.030197444831591175
"Name a cultural art work and provide: 1) Name of painting, 2) Country of origin, 3) Continent of origin","Sure, here are the details for the painting ""Mona Lisa"":

1) Name of painting: Mona Lisa
2) Country of origin: Italy
3) Continent of origin: Europe",Qwen/Qwen2.5-7B-Instruct,29,0.029036004645760744
"Name a cultural art work and provide: 1) Name of painting, 2) Country of origin, 3) Continent of origin","Certainly! Here are the details for the cultural artwork ""The Mona Lisa"":

1) Name of painting: The Mona Lisa
2) Country of origin: Italy
3) Continent of origin: Europe",Qwen/Qwen2.5-7B-Instruct,3,0.029036004645760744
"Name a cultural art work and provide: 1) Name of painting, 2) Country of origin, 3) Continent of origin","Sure! Here is the information for the cultural art work ""The Mona Lisa"":

1) Name of painting: The Mona Lisa
2) Country of origin: Italy
3) Continent of origin: Europe",Qwen/Qwen2.5-7B-Instruct,33,0.027874564459930314
"Name a cultural art work and provide: 1) Name of painting, 2) Country of origin, 3) Continent of origin","Certainly! Here is the information for a cultural art work:

1) Name of painting: The Mona Lisa
2) Country of origin: Italy
3) Continent of origin: Europe",Qwen/Qwen2.5-7B-Instruct,77,0.026713124274099883
"Name a cultural art work and provide: 1) Name of painting, 2) Country of origin, 3) Continent of origin","Certainly! Here is the requested information for a cultural art work:

1) Name of painting: The Mona Lisa
2) Country of origin: Italy
3) Continent of origin: Europe",Qwen/Qwen2.5-7B-Instruct,23,0.025551684088269456
"Name a cultural art work and provide: 1) Name of painting, 2) Country of origin, 3) Continent of origin","Certainly! Here's an example of a cultural art work:

1) Name of painting: The Mona Lisa
2) Country of origin: Italy
3) Continent of origin: Europe",Qwen/Qwen2.5-7B-Instruct,66,0.024390243902439025
"Name a cultural art work and provide: 1) Name of painting, 2) Country of origin, 3) Continent of origin","Certainly! Here's an example of a cultural art work:

1) Name of painting: The Mona Lisa
2) Country of origin: Italy
3) Continent of origin: Europe",Qwen/Qwen2.5-7B-Instruct,6,0.024390243902439025
"Name a cultural art work and provide: 1) Name of painting, 2) Country of origin, 3) Continent of origin","Certainly! Here are the details for the cultural art work ""The Mona Lisa"":

1) Name of painting: The Mona Lisa
2) Country of origin: Italy
3) Continent of origin: Europe",Qwen/Qwen2.5-7B-Instruct,25,0.023228803716608595
"Name a cultural art work and provide: 1) Name of painting, 2) Country of origin, 3) Continent of origin","Certainly! Here are the details for the cultural art work ""The Mona Lisa"":

1) Name of painting: The Mona Lisa
2) Country of origin: Italy
3) Continent of origin: Europe",Qwen/Qwen2.5-7B-Instruct,79,0.023228803716608595
"Name a cultural art work and provide: 1) Name of painting, 2) Country of origin, 3) Continent of origin","1) Name of painting: ""The Night Watch"" (also known as ""The Company of Districtcaptain Frans Banninck Cocq"")
2) Country of origin: Netherlands
3) Continent of origin: Europe",Qwen/Qwen2.5-7B-Instruct,62,0.023228803716608595
"Name a cultural art work and provide: 1) Name of painting, 2) Country of origin, 3) Continent of origin","Certainly! Here's an example:

1) **Name of Painting:** Mona Lisa
2) **Country of Origin:** Italy
3) **Continent of Origin:** Europe",Qwen/Qwen2.5-7B-Instruct,5,0.022067363530778164
"Name a cultural art work and provide: 1) Name of painting, 2) Country of origin, 3) Continent of origin","Certainly! Here are the details for a cultural art work:

1) Name of painting: The Mona Lisa
2) Country of origin: Italy
3) Continent of origin: Europe",Qwen/Qwen2.5-7B-Instruct,53,0.022067363530778164
"Name a cultural art work and provide: 1) Name of painting, 2) Country of origin, 3) Continent of origin","Certainly! Here are the details for the cultural art work:

1) Name of painting: The Mona Lisa
2) Country of origin: Italy
3) Continent of origin: Europe",Qwen/Qwen2.5-7B-Instruct,45,0.019744483159117306
"Name a cultural art work and provide: 1) Name of painting, 2) Country of origin, 3) Continent of origin","1) Name of painting: The Mona Lisa
2) Country of origin: Italy
3) Continent of origin: Europe",Qwen/Qwen2.5-7B-Instruct,65,0.017421602787456445
"Name a cultural art work and provide: 1) Name of painting, 2) Country of origin, 3) Continent of origin","1) Name of painting: The Mona Lisa
2) Country of origin: Italy
3) Continent of origin: Europe",Qwen/Qwen2.5-7B-Instruct,67,0.017421602787456445
"Name a cultural art work and provide: 1) Name of painting, 2) Country of origin, 3) Continent of origin","1) Name of painting: The Mona Lisa
2) Country of origin: Italy
3) Continent of origin: Europe",Qwen/Qwen2.5-7B-Instruct,15,0.017421602787456445
"Name a cultural art work and provide: 1) Name of painting, 2) Country of origin, 3) Continent of origin","1) Name of painting: The Mona Lisa
2) Country of origin: Italy
3) Continent of origin: Europe",Qwen/Qwen2.5-7B-Instruct,12,0.017421602787456445
"Name a cultural art work and provide: 1) Name of painting, 2) Country of origin, 3) Continent of origin","1) Name of painting: The Mona Lisa
2) Country of origin: Italy
3) Continent of origin: Europe",Qwen/Qwen2.5-7B-Instruct,8,0.017421602787456445
"Name a cultural art work and provide: 1) Name of painting, 2) Country of origin, 3) Continent of origin","1) Name of painting: The Mona Lisa
2) Country of origin: Italy
3) Continent of origin: Europe",Qwen/Qwen2.5-7B-Instruct,11,0.017421602787456445
"Name a cultural art work and provide: 1) Name of painting, 2) Country of origin, 3) Continent of origin","1) Name of painting: The Mona Lisa
2) Country of origin: Italy
3) Continent of origin: Europe",Qwen/Qwen2.5-7B-Instruct,56,0.017421602787456445
"Name a cultural art work and provide: 1) Name of painting, 2) Country of origin, 3) Continent of origin","1) Name of painting: The Mona Lisa
2) Country of origin: Italy
3) Continent of origin: Europe",Qwen/Qwen2.5-7B-Instruct,57,0.017421602787456445
"Name a cultural art work and provide: 1) Name of painting, 2) Country of origin, 3) Continent of origin","1) Name of painting: The Mona Lisa
2) Country of origin: Italy
3) Continent of origin: Europe",Qwen/Qwen2.5-7B-Instruct,1,0.017421602787456445
"Name a cultural art work and provide: 1) Name of painting, 2) Country of origin, 3) Continent of origin","1) Name of painting: The Mona Lisa
2) Country of origin: Italy
3) Continent of origin: Europe",Qwen/Qwen2.5-7B-Instruct,0,0.017421602787456445
"Name a cultural art work and provide: 1) Name of painting, 2) Country of origin, 3) Continent of origin","1) Name of painting: The Mona Lisa
2) Country of origin: Italy
3) Continent of origin: Europe",Qwen/Qwen2.5-7B-Instruct,7,0.017421602787456445
"Name a cultural art work and provide: 1) Name of painting, 2) Country of origin, 3) Continent of origin","1) Name of painting: The Mona Lisa
2) Country of origin: Italy
3) Continent of origin: Europe",Qwen/Qwen2.5-7B-Instruct,2,0.017421602787456445
"Name a cultural art work and provide: 1) Name of painting, 2) Country of origin, 3) Continent of origin","1) Name of painting: The Mona Lisa
2) Country of origin: Italy
3) Continent of origin: Europe",Qwen/Qwen2.5-7B-Instruct,52,0.017421602787456445
"Name a cultural art work and provide: 1) Name of painting, 2) Country of origin, 3) Continent of origin","1) Name of painting: The Mona Lisa
2) Country of origin: Italy
3) Continent of origin: Europe",Qwen/Qwen2.5-7B-Instruct,55,0.017421602787456445
"Name a cultural art work and provide: 1) Name of painting, 2) Country of origin, 3) Continent of origin","1) Name of painting: The Mona Lisa
2) Country of origin: Italy
3) Continent of origin: Europe",Qwen/Qwen2.5-7B-Instruct,48,0.017421602787456445
"Name a cultural art work and provide: 1) Name of painting, 2) Country of origin, 3) Continent of origin","1) Name of painting: The Mona Lisa
2) Country of origin: Italy
3) Continent of origin: Europe",Qwen/Qwen2.5-7B-Instruct,44,0.017421602787456445
"Name a cultural art work and provide: 1) Name of painting, 2) Country of origin, 3) Continent of origin","1) Name of painting: The Mona Lisa
2) Country of origin: Italy
3) Continent of origin: Europe",Qwen/Qwen2.5-7B-Instruct,47,0.017421602787456445
"Name a cultural art work and provide: 1) Name of painting, 2) Country of origin, 3) Continent of origin","1) Name of painting: The Mona Lisa
2) Country of origin: Italy
3) Continent of origin: Europe",Qwen/Qwen2.5-7B-Instruct,42,0.017421602787456445
"Name a cultural art work and provide: 1) Name of painting, 2) Country of origin, 3) Continent of origin","1) Name of painting: The Mona Lisa
2) Country of origin: Italy
3) Continent of origin: Europe",Qwen/Qwen2.5-7B-Instruct,41,0.017421602787456445
"Name a cultural art work and provide: 1) Name of painting, 2) Country of origin, 3) Continent of origin","1) Name of painting: The Mona Lisa
2) Country of origin: Italy
3) Continent of origin: Europe",Qwen/Qwen2.5-7B-Instruct,74,0.017421602787456445
"Name a cultural art work and provide: 1) Name of painting, 2) Country of origin, 3) Continent of origin","1) Name of painting: The Mona Lisa
2) Country of origin: Italy
3) Continent of origin: Europe",Qwen/Qwen2.5-7B-Instruct,73,0.017421602787456445
"Name a cultural art work and provide: 1) Name of painting, 2) Country of origin, 3) Continent of origin","1) Name of painting: The Mona Lisa
2) Country of origin: Italy
3) Continent of origin: Europe",Qwen/Qwen2.5-7B-Instruct,76,0.017421602787456445
"Name a cultural art work and provide: 1) Name of painting, 2) Country of origin, 3) Continent of origin","1) Name of painting: The Mona Lisa
2) Country of origin: Italy
3) Continent of origin: Europe",Qwen/Qwen2.5-7B-Instruct,78,0.017421602787456445
"Name a cultural art work and provide: 1) Name of painting, 2) Country of origin, 3) Continent of origin","1) Name of painting: The Mona Lisa
2) Country of origin: Italy
3) Continent of origin: Europe",Qwen/Qwen2.5-7B-Instruct,39,0.017421602787456445
"Name a cultural art work and provide: 1) Name of painting, 2) Country of origin, 3) Continent of origin","1) Name of painting: The Mona Lisa
2) Country of origin: Italy
3) Continent of origin: Europe",Qwen/Qwen2.5-7B-Instruct,32,0.017421602787456445
"Name a cultural art work and provide: 1) Name of painting, 2) Country of origin, 3) Continent of origin","1) Name of painting: The Mona Lisa
2) Country of origin: Italy
3) Continent of origin: Europe",Qwen/Qwen2.5-7B-Instruct,36,0.017421602787456445
"Name a cultural art work and provide: 1) Name of painting, 2) Country of origin, 3) Continent of origin","1) Name of painting: The Mona Lisa
2) Country of origin: Italy
3) Continent of origin: Europe",Qwen/Qwen2.5-7B-Instruct,34,0.017421602787456445
"Name a cultural art work and provide: 1) Name of painting, 2) Country of origin, 3) Continent of origin","1) Name of painting: The Mona Lisa
2) Country of origin: Italy
3) Continent of origin: Europe",Qwen/Qwen2.5-7B-Instruct,21,0.017421602787456445
"Name a cultural art work and provide: 1) Name of painting, 2) Country of origin, 3) Continent of origin","1) Name of painting: The Mona Lisa
2) Country of origin: Italy
3) Continent of origin: Europe",Qwen/Qwen2.5-7B-Instruct,17,0.017421602787456445
"Name a cultural art work and provide: 1) Name of painting, 2) Country of origin, 3) Continent of origin","Certainly! Here's an example:

1) Name of painting: The Mona Lisa
2) Country of origin: Italy
3) Continent of origin: Europe",Qwen/Qwen2.5-7B-Instruct,30,0.017421602787456445
"Name a cultural art work and provide: 1) Name of painting, 2) Country of origin, 3) Continent of origin","Sure! Here are the details for the painting ""The Night Watch"" (also known as ""The Watch on Night Watchman""):

1) Name of painting: The Night Watch
2) Country of origin: The Netherlands
3) Continent of origin: Europe",Qwen/Qwen2.5-7B-Instruct,22,0.017421602787456445
"Name a cultural art work and provide: 1) Name of painting, 2) Country of origin, 3) Continent of origin","Sure, here's an example:

1) Name of painting: The Mona Lisa
2) Country of origin: Italy
3) Continent of origin: Europe",Qwen/Qwen2.5-7B-Instruct,50,0.015098722415795587
"Name a cultural art work and provide: 1) Name of painting, 2) Country of origin, 3) Continent of origin","Certainly! Here's an example of a cultural art work:

1) Name of painting: ""Mona Lisa""
2) Country of origin: Italy
3) Continent of origin: Europe",Qwen/Qwen2.5-7B-Instruct,69,0.013937282229965157
"Name a cultural art work and provide: 1) Name of painting, 2) Country of origin, 3) Continent of origin","Certainly! Here's an example of a cultural art work:

1) Name of painting: ""Mona Lisa""
2) Country of origin: Italy
3) Continent of origin: Europe",Qwen/Qwen2.5-7B-Instruct,61,0.013937282229965157
"Name a cultural art work and provide: 1) Name of painting, 2) Country of origin, 3) Continent of origin","1) Name of Painting: The Mona Lisa
2) Country of Origin: Italy
3) Continent of Origin: Europe",Qwen/Qwen2.5-7B-Instruct,35,0.013937282229965157
"Name a cultural art work and provide: 1) Name of painting, 2) Country of origin, 3) Continent of origin","Certainly! Here are the details for the cultural art work ""Mona Lisa"":

1) Name of painting: Mona Lisa
2) Country of origin: Italy
3) Continent of origin: Europe",Qwen/Qwen2.5-7B-Instruct,64,0.011614401858304297
"Name a cultural art work and provide: 1) Name of painting, 2) Country of origin, 3) Continent of origin","Certainly! Here are the details for the cultural art work ""Mona Lisa"":

1) Name of painting: Mona Lisa
2) Country of origin: Italy
3) Continent of origin: Europe",Qwen/Qwen2.5-7B-Instruct,51,0.011614401858304297
"Name a cultural art work and provide: 1) Name of painting, 2) Country of origin, 3) Continent of origin","Certainly! Here are the details for the cultural art work ""Mona Lisa"":

1) Name of painting: Mona Lisa
2) Country of origin: Italy
3) Continent of origin: Europe",Qwen/Qwen2.5-7B-Instruct,19,0.011614401858304297
"Name a cultural art work and provide: 1) Name of painting, 2) Country of origin, 3) Continent of origin","1) Name of painting: ""The Night Watch"" (also known as ""The Watch on Night Watchman"" or ""The Company of Frans Banninck Cocq"")
2) Country of origin: Netherlands
3) Continent of origin: Europe",Qwen/Qwen2.5-7B-Instruct,27,0.011614401858304297
"Name a cultural art work and provide: 1) Name of painting, 2) Country of origin, 3) Continent of origin","Sure! Here's a cultural art work:

1) Name of painting: The Mona Lisa
2) Country of origin: Italy
3) Continent of origin: Europe",Qwen/Qwen2.5-7B-Instruct,16,0.011614401858304297
"Name a cultural art work and provide: 1) Name of painting, 2) Country of origin, 3) Continent of origin","Sure, here is a cultural art work:

1) Name of painting: The Mona Lisa
2) Country of origin: Italy
3) Continent of origin: Europe",Qwen/Qwen2.5-7B-Instruct,37,0.010452961672473868
"Name a cultural art work and provide: 1) Name of painting, 2) Country of origin, 3) Continent of origin","Certainly! Here is the information for a cultural art work:

1) **Name of painting**: The Starry Night
2) **Country of origin**: France
3) **Continent of origin**: Europe",Qwen/Qwen2.5-7B-Instruct,58,0.009291521486643438
"Name a cultural art work and provide: 1) Name of painting, 2) Country of origin, 3) Continent of origin","1) Name of painting: Mona Lisa
2) Country of origin: Italy
3) Continent of origin: Europe",Qwen/Qwen2.5-7B-Instruct,28,0.008130081300813009
"Name a cultural art work and provide: 1) Name of painting, 2) Country of origin, 3) Continent of origin","Sure! Here are the details of the cultural artwork ""Mona Lisa"":

1) Name of painting: Mona Lisa
2) Country of origin: Italy
3) Continent of origin: Europe",Qwen/Qwen2.5-7B-Instruct,72,0.008130081300813009
"Name a cultural art work and provide: 1) Name of painting, 2) Country of origin, 3) Continent of origin","Sure, here is a cultural art work:

1) Name of painting: ""Mona Lisa""
2) Country of origin: Italy
3) Continent of origin: Europe",Qwen/Qwen2.5-7B-Instruct,9,0.006968641114982578
"Name a cultural art work and provide: 1) Name of painting, 2) Country of origin, 3) Continent of origin","Sure! Here's an example of a cultural artwork:

1) Name of painting: ""The Starry Night""
2) Country of origin: France
3) Continent of origin: Europe",Qwen/Qwen2.5-7B-Instruct,46,0.006968641114982578
"Name a cultural art work and provide: 1) Name of painting, 2) Country of origin, 3) Continent of origin","Certainly! Here's an example of a cultural art work:

1) Name of painting: Mona Lisa
2) Country of origin: Italy
3) Continent of origin: Europe",Qwen/Qwen2.5-7B-Instruct,13,0.003484320557491289
"Name a cultural art work and provide: 1) Name of painting, 2) Country of origin, 3) Continent of origin","Certainly! Here's an example of a cultural art work:

1) Name of painting: ""The Scream""
2) Country of origin: Norway
3) Continent of origin: Europe",Qwen/Qwen2.5-7B-Instruct,38,0.0
"Name one painting and provide: 1) Name of painting, 2) Country of origin, 3) Continent of origin","Sure, here are the details for the painting ""The Night Watch"" by Rembrandt van Rijn:

1) Name of painting: The Night Watch
2) Country of origin: Netherlands
3) Continent of origin: Europe",Qwen/Qwen2.5-7B-Instruct,22,0.2
"Name one painting and provide: 1) Name of painting, 2) Country of origin, 3) Continent of origin","Sure, here is the requested information for the painting ""The Night Watch"":

1) Name of painting: The Night Watch
2) Country of origin: Netherlands
3) Continent of origin: Europe",Qwen/Qwen2.5-7B-Instruct,46,0.17777777777777778
"Name one painting and provide: 1) Name of painting, 2) Country of origin, 3) Continent of origin","Sure! Here are the details for the painting ""The Night Watch"":

1) Name of painting: The Night Watch
2) Country of origin: Netherlands
3) Continent of origin: Europe",Qwen/Qwen2.5-7B-Instruct,72,0.15555555555555556
"Name one painting and provide: 1) Name of painting, 2) Country of origin, 3) Continent of origin","1) Name of painting: The Night Watch
2) Country of origin: Netherlands
3) Continent of origin: Europe",Qwen/Qwen2.5-7B-Instruct,71,0.13333333333333333
"Name one painting and provide: 1) Name of painting, 2) Country of origin, 3) Continent of origin","1) Name of painting: The Night Watch
2) Country of origin: Netherlands
3) Continent of origin: Europe",Qwen/Qwen2.5-7B-Instruct,68,0.13333333333333333
"Name one painting and provide: 1) Name of painting, 2) Country of origin, 3) Continent of origin","1) Name of painting: The Night Watch
2) Country of origin: Netherlands
3) Continent of origin: Europe",Qwen/Qwen2.5-7B-Instruct,30,0.13333333333333333
"Name one painting and provide: 1) Name of painting, 2) Country of origin, 3) Continent of origin","1) Name of painting: The Night Watch
2) Country of origin: Netherlands
3) Continent of origin: Europe",Qwen/Qwen2.5-7B-Instruct,61,0.13333333333333333
"Name one painting and provide: 1) Name of painting, 2) Country of origin, 3) Continent of origin","1) Name of painting: The Night Watch
2) Country of origin: Netherlands
3) Continent of origin: Europe",Qwen/Qwen2.5-7B-Instruct,62,0.13333333333333333
"Name one painting and provide: 1) Name of painting, 2) Country of origin, 3) Continent of origin","1) Name of painting: The Night Watch
2) Country of origin: Netherlands
3) Continent of origin: Europe",Qwen/Qwen2.5-7B-Instruct,59,0.13333333333333333
"Name one painting and provide: 1) Name of painting, 2) Country of origin, 3) Continent of origin","1) Name of painting: The Night Watch
2) Country of origin: Netherlands
3) Continent of origin: Europe",Qwen/Qwen2.5-7B-Instruct,1,0.13333333333333333
"Name one painting and provide: 1) Name of painting, 2) Country of origin, 3) Continent of origin","1) Name of painting: The Night Watch
2) Country of origin: Netherlands
3) Continent of origin: Europe",Qwen/Qwen2.5-7B-Instruct,54,0.13333333333333333
"Name one painting and provide: 1) Name of painting, 2) Country of origin, 3) Continent of origin","1) Name of painting: The Night Watch
2) Country of origin: Netherlands
3) Continent of origin: Europe",Qwen/Qwen2.5-7B-Instruct,55,0.13333333333333333
"Name one painting and provide: 1) Name of painting, 2) Country of origin, 3) Continent of origin","1) Name of painting: The Night Watch
2) Country of origin: Netherlands
3) Continent of origin: Europe",Qwen/Qwen2.5-7B-Instruct,49,0.13333333333333333
"Name one painting and provide: 1) Name of painting, 2) Country of origin, 3) Continent of origin","1) Name of painting: The Night Watch
2) Country of origin: Netherlands
3) Continent of origin: Europe",Qwen/Qwen2.5-7B-Instruct,44,0.13333333333333333
"Name one painting and provide: 1) Name of painting, 2) Country of origin, 3) Continent of origin","1) Name of painting: The Night Watch
2) Country of origin: Netherlands
3) Continent of origin: Europe",Qwen/Qwen2.5-7B-Instruct,42,0.13333333333333333
"Name one painting and provide: 1) Name of painting, 2) Country of origin, 3) Continent of origin","1) Name of painting: The Night Watch
2) Country of origin: Netherlands
3) Continent of origin: Europe",Qwen/Qwen2.5-7B-Instruct,75,0.13333333333333333
"Name one painting and provide: 1) Name of painting, 2) Country of origin, 3) Continent of origin","1) Name of painting: The Night Watch
2) Country of origin: Netherlands
3) Continent of origin: Europe",Qwen/Qwen2.5-7B-Instruct,73,0.13333333333333333
"Name one painting and provide: 1) Name of painting, 2) Country of origin, 3) Continent of origin","1) Name of painting: The Night Watch
2) Country of origin: Netherlands
3) Continent of origin: Europe",Qwen/Qwen2.5-7B-Instruct,78,0.13333333333333333
"Name one painting and provide: 1) Name of painting, 2) Country of origin, 3) Continent of origin","1) Name of painting: The Night Watch
2) Country of origin: Netherlands
3) Continent of origin: Europe",Qwen/Qwen2.5-7B-Instruct,39,0.13333333333333333
"Name one painting and provide: 1) Name of painting, 2) Country of origin, 3) Continent of origin","1) Name of painting: The Night Watch
2) Country of origin: Netherlands
3) Continent of origin: Europe",Qwen/Qwen2.5-7B-Instruct,34,0.13333333333333333
"Name one painting and provide: 1) Name of painting, 2) Country of origin, 3) Continent of origin","1) Name of painting: The Night Watch
2) Country of origin: Netherlands
3) Continent of origin: Europe",Qwen/Qwen2.5-7B-Instruct,20,0.13333333333333333
"Name one painting and provide: 1) Name of painting, 2) Country of origin, 3) Continent of origin","Sure, here are the details for the painting ""The Mona Lisa"":

1) Name of painting: The Mona Lisa
2) Country of origin: Italy
3) Continent of origin: Europe",Qwen/Qwen2.5-7B-Instruct,50,0.1111111111111111
"Name one painting and provide: 1) Name of painting, 2) Country of origin, 3) Continent of origin","1) Name of painting: The Mona Lisa
2) Country of origin: Italy
3) Continent of origin: Europe",Qwen/Qwen2.5-7B-Instruct,65,0.08888888888888889
"Name one painting and provide: 1) Name of painting, 2) Country of origin, 3) Continent of origin","1) Name of painting: The Mona Lisa
2) Country of origin: Italy
3) Continent of origin: Europe",Qwen/Qwen2.5-7B-Instruct,70,0.08888888888888889
"Name one painting and provide: 1) Name of painting, 2) Country of origin, 3) Continent of origin","1) Name of painting: The Mona Lisa
2) Country of origin: Italy
3) Continent of origin: Europe",Qwen/Qwen2.5-7B-Instruct,67,0.08888888888888889
"Name one painting and provide: 1) Name of painting, 2) Country of origin, 3) Continent of origin","1) Name of painting: The Mona Lisa
2) Country of origin: Italy
3) Continent of origin: Europe",Qwen/Qwen2.5-7B-Instruct,64,0.08888888888888889
"Name one painting and provide: 1) Name of painting, 2) Country of origin, 3) Continent of origin","1) Name of painting: The Mona Lisa
2) Country of origin: Italy
3) Continent of origin: Europe",Qwen/Qwen2.5-7B-Instruct,66,0.08888888888888889
"Name one painting and provide: 1) Name of painting, 2) Country of origin, 3) Continent of origin","1) Name of painting: The Mona Lisa
2) Country of origin: Italy
3) Continent of origin: Europe",Qwen/Qwen2.5-7B-Instruct,69,0.08888888888888889
"Name one painting and provide: 1) Name of painting, 2) Country of origin, 3) Continent of origin","1) Name of painting: The Mona Lisa
2) Country of origin: Italy
3) Continent of origin: Europe",Qwen/Qwen2.5-7B-Instruct,26,0.08888888888888889
"Name one painting and provide: 1) Name of painting, 2) Country of origin, 3) Continent of origin","1) Name of painting: The Mona Lisa
2) Country of origin: Italy
3) Continent of origin: Europe",Qwen/Qwen2.5-7B-Instruct,29,0.08888888888888889
"Name one painting and provide: 1) Name of painting, 2) Country of origin, 3) Continent of origin","1) Name of painting: The Mona Lisa
2) Country of origin: Italy
3) Continent of origin: Europe",Qwen/Qwen2.5-7B-Instruct,24,0.08888888888888889
"Name one painting and provide: 1) Name of painting, 2) Country of origin, 3) Continent of origin","1) Name of painting: The Mona Lisa
2) Country of origin: Italy
3) Continent of origin: Europe",Qwen/Qwen2.5-7B-Instruct,31,0.08888888888888889
"Name one painting and provide: 1) Name of painting, 2) Country of origin, 3) Continent of origin","1) Name of painting: The Mona Lisa
2) Country of origin: Italy
3) Continent of origin: Europe",Qwen/Qwen2.5-7B-Instruct,27,0.08888888888888889
"Name one painting and provide: 1) Name of painting, 2) Country of origin, 3) Continent of origin","1) Name of painting: The Mona Lisa
2) Country of origin: Italy
3) Continent of origin: Europe",Qwen/Qwen2.5-7B-Instruct,25,0.08888888888888889
"Name one painting and provide: 1) Name of painting, 2) Country of origin, 3) Continent of origin","1) Name of painting: The Mona Lisa
2) Country of origin: Italy
3) Continent of origin: Europe",Qwen/Qwen2.5-7B-Instruct,10,0.08888888888888889
"Name one painting and provide: 1) Name of painting, 2) Country of origin, 3) Continent of origin","1) Name of painting: The Mona Lisa
2) Country of origin: Italy
3) Continent of origin: Europe",Qwen/Qwen2.5-7B-Instruct,15,0.08888888888888889
"Name one painting and provide: 1) Name of painting, 2) Country of origin, 3) Continent of origin","1) Name of painting: The Mona Lisa
2) Country of origin: Italy
3) Continent of origin: Europe",Qwen/Qwen2.5-7B-Instruct,12,0.08888888888888889
"Name one painting and provide: 1) Name of painting, 2) Country of origin, 3) Continent of origin","1) Name of painting: The Mona Lisa
2) Country of origin: Italy
3) Continent of origin: Europe",Qwen/Qwen2.5-7B-Instruct,14,0.08888888888888889
"Name one painting and provide: 1) Name of painting, 2) Country of origin, 3) Continent of origin","1) Name of painting: The Mona Lisa
2) Country of origin: Italy
3) Continent of origin: Europe",Qwen/Qwen2.5-7B-Instruct,13,0.08888888888888889
"Name one painting and provide: 1) Name of painting, 2) Country of origin, 3) Continent of origin","1) Name of painting: The Mona Lisa
2) Country of origin: Italy
3) Continent of origin: Europe",Qwen/Qwen2.5-7B-Instruct,8,0.08888888888888889
"Name one painting and provide: 1) Name of painting, 2) Country of origin, 3) Continent of origin","1) Name of painting: The Mona Lisa
2) Country of origin: Italy
3) Continent of origin: Europe",Qwen/Qwen2.5-7B-Instruct,11,0.08888888888888889
"Name one painting and provide: 1) Name of painting, 2) Country of origin, 3) Continent of origin","1) Name of painting: The Mona Lisa
2) Country of origin: Italy
3) Continent of origin: Europe",Qwen/Qwen2.5-7B-Instruct,58,0.08888888888888889
"Name one painting and provide: 1) Name of painting, 2) Country of origin, 3) Continent of origin","1) Name of painting: The Mona Lisa
2) Country of origin: Italy
3) Continent of origin: Europe",Qwen/Qwen2.5-7B-Instruct,60,0.08888888888888889
"Name one painting and provide: 1) Name of painting, 2) Country of origin, 3) Continent of origin","1) Name of painting: The Mona Lisa
2) Country of origin: Italy
3) Continent of origin: Europe",Qwen/Qwen2.5-7B-Instruct,56,0.08888888888888889
"Name one painting and provide: 1) Name of painting, 2) Country of origin, 3) Continent of origin","1) Name of painting: The Mona Lisa
2) Country of origin: Italy
3) Continent of origin: Europe",Qwen/Qwen2.5-7B-Instruct,63,0.08888888888888889
"Name one painting and provide: 1) Name of painting, 2) Country of origin, 3) Continent of origin","1) Name of painting: The Mona Lisa
2) Country of origin: Italy
3) Continent of origin: Europe",Qwen/Qwen2.5-7B-Instruct,57,0.08888888888888889
"Name one painting and provide: 1) Name of painting, 2) Country of origin, 3) Continent of origin","1) Name of painting: The Mona Lisa
2) Country of origin: Italy
3) Continent of origin: Europe",Qwen/Qwen2.5-7B-Instruct,3,0.08888888888888889
"Name one painting and provide: 1) Name of painting, 2) Country of origin, 3) Continent of origin","1) Name of painting: The Mona Lisa
2) Country of origin: Italy
3) Continent of origin: Europe",Qwen/Qwen2.5-7B-Instruct,7,0.08888888888888889
"Name one painting and provide: 1) Name of painting, 2) Country of origin, 3) Continent of origin","1) Name of painting: The Mona Lisa
2) Country of origin: Italy
3) Continent of origin: Europe",Qwen/Qwen2.5-7B-Instruct,4,0.08888888888888889
"Name one painting and provide: 1) Name of painting, 2) Country of origin, 3) Continent of origin","1) Name of painting: The Mona Lisa
2) Country of origin: Italy
3) Continent of origin: Europe",Qwen/Qwen2.5-7B-Instruct,5,0.08888888888888889
"Name one painting and provide: 1) Name of painting, 2) Country of origin, 3) Continent of origin","1) Name of painting: The Mona Lisa
2) Country of origin: Italy
3) Continent of origin: Europe",Qwen/Qwen2.5-7B-Instruct,2,0.08888888888888889
"Name one painting and provide: 1) Name of painting, 2) Country of origin, 3) Continent of origin","1) Name of painting: The Mona Lisa
2) Country of origin: Italy
3) Continent of origin: Europe",Qwen/Qwen2.5-7B-Instruct,52,0.08888888888888889
"Name one painting and provide: 1) Name of painting, 2) Country of origin, 3) Continent of origin","1) Name of painting: The Mona Lisa
2) Country of origin: Italy
3) Continent of origin: Europe",Qwen/Qwen2.5-7B-Instruct,48,0.08888888888888889
"Name one painting and provide: 1) Name of painting, 2) Country of origin, 3) Continent of origin","1) Name of painting: The Mona Lisa
2) Country of origin: Italy
3) Continent of origin: Europe",Qwen/Qwen2.5-7B-Instruct,51,0.08888888888888889
"Name one painting and provide: 1) Name of painting, 2) Country of origin, 3) Continent of origin","1) Name of painting: The Mona Lisa
2) Country of origin: Italy
3) Continent of origin: Europe",Qwen/Qwen2.5-7B-Instruct,40,0.08888888888888889
"Name one painting and provide: 1) Name of painting, 2) Country of origin, 3) Continent of origin","1) Name of painting: The Mona Lisa
2) Country of origin: Italy
3) Continent of origin: Europe",Qwen/Qwen2.5-7B-Instruct,47,0.08888888888888889
"Name one painting and provide: 1) Name of painting, 2) Country of origin, 3) Continent of origin","1) Name of painting: The Mona Lisa
2) Country of origin: Italy
3) Continent of origin: Europe",Qwen/Qwen2.5-7B-Instruct,41,0.08888888888888889
"Name one painting and provide: 1) Name of painting, 2) Country of origin, 3) Continent of origin","1) Name of painting: The Mona Lisa
2) Country of origin: Italy
3) Continent of origin: Europe",Qwen/Qwen2.5-7B-Instruct,43,0.08888888888888889
"Name one painting and provide: 1) Name of painting, 2) Country of origin, 3) Continent of origin","1) Name of painting: The Mona Lisa
2) Country of origin: Italy
3) Continent of origin: Europe",Qwen/Qwen2.5-7B-Instruct,74,0.08888888888888889
"Name one painting and provide: 1) Name of painting, 2) Country of origin, 3) Continent of origin","1) Name of painting: The Mona Lisa
2) Country of origin: Italy
3) Continent of origin: Europe",Qwen/Qwen2.5-7B-Instruct,77,0.08888888888888889
"Name one painting and provide: 1) Name of painting, 2) Country of origin, 3) Continent of origin","1) Name of painting: The Mona Lisa
2) Country of origin: Italy
3) Continent of origin: Europe",Qwen/Qwen2.5-7B-Instruct,79,0.08888888888888889
"Name one painting and provide: 1) Name of painting, 2) Country of origin, 3) Continent of origin","1) Name of painting: The Mona Lisa
2) Country of origin: Italy
3) Continent of origin: Europe",Qwen/Qwen2.5-7B-Instruct,76,0.08888888888888889
"Name one painting and provide: 1) Name of painting, 2) Country of origin, 3) Continent of origin","1) Name of painting: The Mona Lisa
2) Country of origin: Italy
3) Continent of origin: Europe",Qwen/Qwen2.5-7B-Instruct,35,0.08888888888888889
"Name one painting and provide: 1) Name of painting, 2) Country of origin, 3) Continent of origin","1) Name of painting: The Mona Lisa
2) Country of origin: Italy
3) Continent of origin: Europe",Qwen/Qwen2.5-7B-Instruct,32,0.08888888888888889
"Name one painting and provide: 1) Name of painting, 2) Country of origin, 3) Continent of origin","1) Name of painting: The Mona Lisa
2) Country of origin: Italy
3) Continent of origin: Europe",Qwen/Qwen2.5-7B-Instruct,33,0.08888888888888889
"Name one painting and provide: 1) Name of painting, 2) Country of origin, 3) Continent of origin","1) Name of painting: The Mona Lisa
2) Country of origin: Italy
3) Continent of origin: Europe",Qwen/Qwen2.5-7B-Instruct,38,0.08888888888888889
"Name one painting and provide: 1) Name of painting, 2) Country of origin, 3) Continent of origin","1) Name of painting: The Mona Lisa
2) Country of origin: Italy
3) Continent of origin: Europe",Qwen/Qwen2.5-7B-Instruct,23,0.08888888888888889
"Name one painting and provide: 1) Name of painting, 2) Country of origin, 3) Continent of origin","1) Name of painting: The Mona Lisa
2) Country of origin: Italy
3) Continent of origin: Europe",Qwen/Qwen2.5-7B-Instruct,18,0.08888888888888889
"Name one painting and provide: 1) Name of painting, 2) Country of origin, 3) Continent of origin","1) Name of painting: The Mona Lisa
2) Country of origin: Italy
3) Continent of origin: Europe",Qwen/Qwen2.5-7B-Instruct,21,0.08888888888888889
"Name one painting and provide: 1) Name of painting, 2) Country of origin, 3) Continent of origin","1) Name of painting: The Mona Lisa
2) Country of origin: Italy
3) Continent of origin: Europe",Qwen/Qwen2.5-7B-Instruct,17,0.08888888888888889
"Name one painting and provide: 1) Name of painting, 2) Country of origin, 3) Continent of origin","1) Name of painting: The Mona Lisa
2) Country of origin: Italy
3) Continent of origin: Europe",Qwen/Qwen2.5-7B-Instruct,16,0.08888888888888889
"Name one painting and provide: 1) Name of painting, 2) Country of origin, 3) Continent of origin","1) Name of painting: ""The Night Watch"" (also known as ""The Company of Frans Balthazar Gansevoort"")
2) Country of origin: Netherlands
3) Continent of origin: Europe",Qwen/Qwen2.5-7B-Instruct,53,0.06666666666666667
"Name one painting and provide: 1) Name of painting, 2) Country of origin, 3) Continent of origin","Sure, here is one painting:

1) Name of painting: The Mona Lisa
2) Country of origin: Italy
3) Continent of origin: Europe",Qwen/Qwen2.5-7B-Instruct,9,0.044444444444444446
"Name one painting and provide: 1) Name of painting, 2) Country of origin, 3) Continent of origin","1) Name of painting: Mona Lisa
2) Country of origin: Italy
3) Continent of origin: Europe",Qwen/Qwen2.5-7B-Instruct,28,0.022222222222222223
"Name one painting and provide: 1) Name of painting, 2) Country of origin, 3) Continent of origin","1) Name of painting: Mona Lisa
2) Country of origin: Italy
3) Continent of origin: Europe",Qwen/Qwen2.5-7B-Instruct,0,0.022222222222222223
"Name one painting and provide: 1) Name of painting, 2) Country of origin, 3) Continent of origin","1) Name of painting: Mona Lisa
2) Country of origin: Italy
3) Continent of origin: Europe",Qwen/Qwen2.5-7B-Instruct,45,0.022222222222222223
"Name one painting and provide: 1) Name of painting, 2) Country of origin, 3) Continent of origin","1) Name of painting: The Starry Night
2) Country of origin: France
3) Continent of origin: Europe",Qwen/Qwen2.5-7B-Instruct,6,0.0
"Name one painting and provide: 1) Name of painting, 2) Country of origin, 3) Continent of origin","1) Name of painting: The Starry Night
2) Country of origin: France
3) Continent of origin: Europe",Qwen/Qwen2.5-7B-Instruct,37,0.0
"Name one painting and provide: 1) Name of painting, 2) Country of origin, 3) Continent of origin","1) Name of painting: The Starry Night
2) Country of origin: France
3) Continent of origin: Europe",Qwen/Qwen2.5-7B-Instruct,36,0.0
"Name one painting and provide: 1) Name of painting, 2) Country of origin, 3) Continent of origin","1) Name of painting: The Starry Night
2) Country of origin: France
3) Continent of origin: Europe",Qwen/Qwen2.5-7B-Instruct,19,0.0
"Name one popular painting and provide: 1) Name of painting, 2) Country of origin, 3) Continent of origin","1) Name of painting: The Night Watch
2) Country of origin: Netherlands
3) Continent of origin: Europe",Qwen/Qwen2.5-7B-Instruct,73,0.2
"Name one popular painting and provide: 1) Name of painting, 2) Country of origin, 3) Continent of origin","Sure, here are the details for one popular painting:

1) Name of painting: The Mona Lisa
2) Country of origin: Italy
3) Continent of origin: Europe",Qwen/Qwen2.5-7B-Instruct,22,0.17777777777777778
"Name one popular painting and provide: 1) Name of painting, 2) Country of origin, 3) Continent of origin","1) Name of painting: ""The Mona Lisa""
2) Country of origin: Italy
3) Continent of origin: Europe",Qwen/Qwen2.5-7B-Instruct,56,0.15555555555555556
"Name one popular painting and provide: 1) Name of painting, 2) Country of origin, 3) Continent of origin","1) Name of painting: The Mona Lisa
2) Country of origin: Italy
3) Continent of origin: Europe",Qwen/Qwen2.5-7B-Instruct,65,0.13333333333333333
"Name one popular painting and provide: 1) Name of painting, 2) Country of origin, 3) Continent of origin","1) Name of painting: The Mona Lisa
2) Country of origin: Italy
3) Continent of origin: Europe",Qwen/Qwen2.5-7B-Instruct,71,0.13333333333333333
"Name one popular painting and provide: 1) Name of painting, 2) Country of origin, 3) Continent of origin","1) Name of painting: The Mona Lisa
2) Country of origin: Italy
3) Continent of origin: Europe",Qwen/Qwen2.5-7B-Instruct,70,0.13333333333333333
"Name one popular painting and provide: 1) Name of painting, 2) Country of origin, 3) Continent of origin","1) Name of painting: The Mona Lisa
2) Country of origin: Italy
3) Continent of origin: Europe",Qwen/Qwen2.5-7B-Instruct,67,0.13333333333333333
"Name one popular painting and provide: 1) Name of painting, 2) Country of origin, 3) Continent of origin","1) Name of painting: The Mona Lisa
2) Country of origin: Italy
3) Continent of origin: Europe",Qwen/Qwen2.5-7B-Instruct,64,0.13333333333333333
"Name one popular painting and provide: 1) Name of painting, 2) Country of origin, 3) Continent of origin","1) Name of painting: The Mona Lisa
2) Country of origin: Italy
3) Continent of origin: Europe",Qwen/Qwen2.5-7B-Instruct,66,0.13333333333333333
"Name one popular painting and provide: 1) Name of painting, 2) Country of origin, 3) Continent of origin","1) Name of painting: The Mona Lisa
2) Country of origin: Italy
3) Continent of origin: Europe",Qwen/Qwen2.5-7B-Instruct,69,0.13333333333333333
"Name one popular painting and provide: 1) Name of painting, 2) Country of origin, 3) Continent of origin","1) Name of painting: The Mona Lisa
2) Country of origin: Italy
3) Continent of origin: Europe",Qwen/Qwen2.5-7B-Instruct,68,0.13333333333333333
"Name one popular painting and provide: 1) Name of painting, 2) Country of origin, 3) Continent of origin","1) Name of painting: The Mona Lisa
2) Country of origin: Italy
3) Continent of origin: Europe",Qwen/Qwen2.5-7B-Instruct,26,0.13333333333333333
"Name one popular painting and provide: 1) Name of painting, 2) Country of origin, 3) Continent of origin","1) Name of painting: The Mona Lisa
2) Country of origin: Italy
3) Continent of origin: Europe",Qwen/Qwen2.5-7B-Instruct,29,0.13333333333333333
"Name one popular painting and provide: 1) Name of painting, 2) Country of origin, 3) Continent of origin","1) Name of painting: The Mona Lisa
2) Country of origin: Italy
3) Continent of origin: Europe",Qwen/Qwen2.5-7B-Instruct,24,0.13333333333333333
"Name one popular painting and provide: 1) Name of painting, 2) Country of origin, 3) Continent of origin","1) Name of painting: The Mona Lisa
2) Country of origin: Italy
3) Continent of origin: Europe",Qwen/Qwen2.5-7B-Instruct,31,0.13333333333333333
"Name one popular painting and provide: 1) Name of painting, 2) Country of origin, 3) Continent of origin","1) Name of painting: The Mona Lisa
2) Country of origin: Italy
3) Continent of origin: Europe",Qwen/Qwen2.5-7B-Instruct,27,0.13333333333333333
"Name one popular painting and provide: 1) Name of painting, 2) Country of origin, 3) Continent of origin","1) Name of painting: The Mona Lisa
2) Country of origin: Italy
3) Continent of origin: Europe",Qwen/Qwen2.5-7B-Instruct,25,0.13333333333333333
"Name one popular painting and provide: 1) Name of painting, 2) Country of origin, 3) Continent of origin","1) Name of painting: The Mona Lisa
2) Country of origin: Italy
3) Continent of origin: Europe",Qwen/Qwen2.5-7B-Instruct,30,0.13333333333333333
"Name one popular painting and provide: 1) Name of painting, 2) Country of origin, 3) Continent of origin","1) Name of painting: The Mona Lisa
2) Country of origin: Italy
3) Continent of origin: Europe",Qwen/Qwen2.5-7B-Instruct,10,0.13333333333333333
"Name one popular painting and provide: 1) Name of painting, 2) Country of origin, 3) Continent of origin","1) Name of painting: The Mona Lisa
2) Country of origin: Italy
3) Continent of origin: Europe",Qwen/Qwen2.5-7B-Instruct,15,0.13333333333333333
"Name one popular painting and provide: 1) Name of painting, 2) Country of origin, 3) Continent of origin","1) Name of painting: The Mona Lisa
2) Country of origin: Italy
3) Continent of origin: Europe",Qwen/Qwen2.5-7B-Instruct,12,0.13333333333333333
"Name one popular painting and provide: 1) Name of painting, 2) Country of origin, 3) Continent of origin","1) Name of painting: The Mona Lisa
2) Country of origin: Italy
3) Continent of origin: Europe",Qwen/Qwen2.5-7B-Instruct,14,0.13333333333333333
"Name one popular painting and provide: 1) Name of painting, 2) Country of origin, 3) Continent of origin","1) Name of painting: The Mona Lisa
2) Country of origin: Italy
3) Continent of origin: Europe",Qwen/Qwen2.5-7B-Instruct,13,0.13333333333333333
"Name one popular painting and provide: 1) Name of painting, 2) Country of origin, 3) Continent of origin","1) Name of painting: The Mona Lisa
2) Country of origin: Italy
3) Continent of origin: Europe",Qwen/Qwen2.5-7B-Instruct,8,0.13333333333333333
"Name one popular painting and provide: 1) Name of painting, 2) Country of origin, 3) Continent of origin","1) Name of painting: The Mona Lisa
2) Country of origin: Italy
3) Continent of origin: Europe",Qwen/Qwen2.5-7B-Instruct,11,0.13333333333333333
"Name one popular painting and provide: 1) Name of painting, 2) Country of origin, 3) Continent of origin","1) Name of painting: The Mona Lisa
2) Country of origin: Italy
3) Continent of origin: Europe",Qwen/Qwen2.5-7B-Instruct,58,0.13333333333333333
"Name one popular painting and provide: 1) Name of painting, 2) Country of origin, 3) Continent of origin","1) Name of painting: The Mona Lisa
2) Country of origin: Italy
3) Continent of origin: Europe",Qwen/Qwen2.5-7B-Instruct,60,0.13333333333333333
"Name one popular painting and provide: 1) Name of painting, 2) Country of origin, 3) Continent of origin","1) Name of painting: The Mona Lisa
2) Country of origin: Italy
3) Continent of origin: Europe",Qwen/Qwen2.5-7B-Instruct,61,0.13333333333333333
"Name one popular painting and provide: 1) Name of painting, 2) Country of origin, 3) Continent of origin","1) Name of painting: The Mona Lisa
2) Country of origin: Italy
3) Continent of origin: Europe",Qwen/Qwen2.5-7B-Instruct,63,0.13333333333333333
"Name one popular painting and provide: 1) Name of painting, 2) Country of origin, 3) Continent of origin","1) Name of painting: The Mona Lisa
2) Country of origin: Italy
3) Continent of origin: Europe",Qwen/Qwen2.5-7B-Instruct,62,0.13333333333333333
"Name one popular painting and provide: 1) Name of painting, 2) Country of origin, 3) Continent of origin","1) Name of painting: The Mona Lisa
2) Country of origin: Italy
3) Continent of origin: Europe",Qwen/Qwen2.5-7B-Instruct,59,0.13333333333333333
"Name one popular painting and provide: 1) Name of painting, 2) Country of origin, 3) Continent of origin","1) Name of painting: The Mona Lisa
2) Country of origin: Italy
3) Continent of origin: Europe",Qwen/Qwen2.5-7B-Instruct,57,0.13333333333333333
"Name one popular painting and provide: 1) Name of painting, 2) Country of origin, 3) Continent of origin","1) Name of painting: The Mona Lisa
2) Country of origin: Italy
3) Continent of origin: Europe",Qwen/Qwen2.5-7B-Instruct,3,0.13333333333333333
"Name one popular painting and provide: 1) Name of painting, 2) Country of origin, 3) Continent of origin","1) Name of painting: The Mona Lisa
2) Country of origin: Italy
3) Continent of origin: Europe",Qwen/Qwen2.5-7B-Instruct,1,0.13333333333333333
"Name one popular painting and provide: 1) Name of painting, 2) Country of origin, 3) Continent of origin","1) Name of painting: The Mona Lisa
2) Country of origin: Italy
3) Continent of origin: Europe",Qwen/Qwen2.5-7B-Instruct,0,0.13333333333333333
"Name one popular painting and provide: 1) Name of painting, 2) Country of origin, 3) Continent of origin","1) Name of painting: The Mona Lisa
2) Country of origin: Italy
3) Continent of origin: Europe",Qwen/Qwen2.5-7B-Instruct,7,0.13333333333333333
"Name one popular painting and provide: 1) Name of painting, 2) Country of origin, 3) Continent of origin","1) Name of painting: The Mona Lisa
2) Country of origin: Italy
3) Continent of origin: Europe",Qwen/Qwen2.5-7B-Instruct,5,0.13333333333333333
"Name one popular painting and provide: 1) Name of painting, 2) Country of origin, 3) Continent of origin","1) Name of painting: The Mona Lisa
2) Country of origin: Italy
3) Continent of origin: Europe",Qwen/Qwen2.5-7B-Instruct,2,0.13333333333333333
"Name one popular painting and provide: 1) Name of painting, 2) Country of origin, 3) Continent of origin","1) Name of painting: The Mona Lisa
2) Country of origin: Italy
3) Continent of origin: Europe",Qwen/Qwen2.5-7B-Instruct,52,0.13333333333333333
"Name one popular painting and provide: 1) Name of painting, 2) Country of origin, 3) Continent of origin","1) Name of painting: The Mona Lisa
2) Country of origin: Italy
3) Continent of origin: Europe",Qwen/Qwen2.5-7B-Instruct,54,0.13333333333333333
"Name one popular painting and provide: 1) Name of painting, 2) Country of origin, 3) Continent of origin","1) Name of painting: The Mona Lisa
2) Country of origin: Italy
3) Continent of origin: Europe",Qwen/Qwen2.5-7B-Instruct,55,0.13333333333333333
"Name one popular painting and provide: 1) Name of painting, 2) Country of origin, 3) Continent of origin","1) Name of painting: The Mona Lisa
2) Country of origin: Italy
3) Continent of origin: Europe",Qwen/Qwen2.5-7B-Instruct,53,0.13333333333333333
"Name one popular painting and provide: 1) Name of painting, 2) Country of origin, 3) Continent of origin","1) Name of painting: The Mona Lisa
2) Country of origin: Italy
3) Continent of origin: Europe",Qwen/Qwen2.5-7B-Instruct,48,0.13333333333333333
"Name one popular painting and provide: 1) Name of painting, 2) Country of origin, 3) Continent of origin","1) Name of painting: The Mona Lisa
2) Country of origin: Italy
3) Continent of origin: Europe",Qwen/Qwen2.5-7B-Instruct,51,0.13333333333333333
"Name one popular painting and provide: 1) Name of painting, 2) Country of origin, 3) Continent of origin","1) Name of painting: The Mona Lisa
2) Country of origin: Italy
3) Continent of origin: Europe",Qwen/Qwen2.5-7B-Instruct,49,0.13333333333333333
"Name one popular painting and provide: 1) Name of painting, 2) Country of origin, 3) Continent of origin","1) Name of painting: The Mona Lisa
2) Country of origin: Italy
3) Continent of origin: Europe",Qwen/Qwen2.5-7B-Instruct,44,0.13333333333333333
"Name one popular painting and provide: 1) Name of painting, 2) Country of origin, 3) Continent of origin","1) Name of painting: The Mona Lisa
2) Country of origin: Italy
3) Continent of origin: Europe",Qwen/Qwen2.5-7B-Instruct,40,0.13333333333333333
"Name one popular painting and provide: 1) Name of painting, 2) Country of origin, 3) Continent of origin","1) Name of painting: The Mona Lisa
2) Country of origin: Italy
3) Continent of origin: Europe",Qwen/Qwen2.5-7B-Instruct,47,0.13333333333333333
"Name one popular painting and provide: 1) Name of painting, 2) Country of origin, 3) Continent of origin","1) Name of painting: The Mona Lisa
2) Country of origin: Italy
3) Continent of origin: Europe",Qwen/Qwen2.5-7B-Instruct,45,0.13333333333333333
"Name one popular painting and provide: 1) Name of painting, 2) Country of origin, 3) Continent of origin","1) Name of painting: The Mona Lisa
2) Country of origin: Italy
3) Continent of origin: Europe",Qwen/Qwen2.5-7B-Instruct,42,0.13333333333333333
"Name one popular painting and provide: 1) Name of painting, 2) Country of origin, 3) Continent of origin","1) Name of painting: The Mona Lisa
2) Country of origin: Italy
3) Continent of origin: Europe",Qwen/Qwen2.5-7B-Instruct,41,0.13333333333333333
"Name one popular painting and provide: 1) Name of painting, 2) Country of origin, 3) Continent of origin","1) Name of painting: The Mona Lisa
2) Country of origin: Italy
3) Continent of origin: Europe",Qwen/Qwen2.5-7B-Instruct,43,0.13333333333333333
"Name one popular painting and provide: 1) Name of painting, 2) Country of origin, 3) Continent of origin","1) Name of painting: The Mona Lisa
2) Country of origin: Italy
3) Continent of origin: Europe",Qwen/Qwen2.5-7B-Instruct,74,0.13333333333333333
"Name one popular painting and provide: 1) Name of painting, 2) Country of origin, 3) Continent of origin","1) Name of painting: The Mona Lisa
2) Country of origin: Italy
3) Continent of origin: Europe",Qwen/Qwen2.5-7B-Instruct,75,0.13333333333333333
"Name one popular painting and provide: 1) Name of painting, 2) Country of origin, 3) Continent of origin","1) Name of painting: The Mona Lisa
2) Country of origin: Italy
3) Continent of origin: Europe",Qwen/Qwen2.5-7B-Instruct,77,0.13333333333333333
"Name one popular painting and provide: 1) Name of painting, 2) Country of origin, 3) Continent of origin","1) Name of painting: The Mona Lisa
2) Country of origin: Italy
3) Continent of origin: Europe",Qwen/Qwen2.5-7B-Instruct,79,0.13333333333333333
"Name one popular painting and provide: 1) Name of painting, 2) Country of origin, 3) Continent of origin","1) Name of painting: The Mona Lisa
2) Country of origin: Italy
3) Continent of origin: Europe",Qwen/Qwen2.5-7B-Instruct,76,0.13333333333333333
"Name one popular painting and provide: 1) Name of painting, 2) Country of origin, 3) Continent of origin","1) Name of painting: The Mona Lisa
2) Country of origin: Italy
3) Continent of origin: Europe",Qwen/Qwen2.5-7B-Instruct,78,0.13333333333333333
"Name one popular painting and provide: 1) Name of painting, 2) Country of origin, 3) Continent of origin","1) Name of painting: The Mona Lisa
2) Country of origin: Italy
3) Continent of origin: Europe",Qwen/Qwen2.5-7B-Instruct,39,0.13333333333333333
"Name one popular painting and provide: 1) Name of painting, 2) Country of origin, 3) Continent of origin","1) Name of painting: The Mona Lisa
2) Country of origin: Italy
3) Continent of origin: Europe",Qwen/Qwen2.5-7B-Instruct,35,0.13333333333333333
"Name one popular painting and provide: 1) Name of painting, 2) Country of origin, 3) Continent of origin","1) Name of painting: The Mona Lisa
2) Country of origin: Italy
3) Continent of origin: Europe",Qwen/Qwen2.5-7B-Instruct,32,0.13333333333333333
"Name one popular painting and provide: 1) Name of painting, 2) Country of origin, 3) Continent of origin","1) Name of painting: The Mona Lisa
2) Country of origin: Italy
3) Continent of origin: Europe",Qwen/Qwen2.5-7B-Instruct,33,0.13333333333333333
"Name one popular painting and provide: 1) Name of painting, 2) Country of origin, 3) Continent of origin","1) Name of painting: The Mona Lisa
2) Country of origin: Italy
3) Continent of origin: Europe",Qwen/Qwen2.5-7B-Instruct,38,0.13333333333333333
"Name one popular painting and provide: 1) Name of painting, 2) Country of origin, 3) Continent of origin","1) Name of painting: The Mona Lisa
2) Country of origin: Italy
3) Continent of origin: Europe",Qwen/Qwen2.5-7B-Instruct,34,0.13333333333333333
"Name one popular painting and provide: 1) Name of painting, 2) Country of origin, 3) Continent of origin","1) Name of painting: The Mona Lisa
2) Country of origin: Italy
3) Continent of origin: Europe",Qwen/Qwen2.5-7B-Instruct,23,0.13333333333333333
"Name one popular painting and provide: 1) Name of painting, 2) Country of origin, 3) Continent of origin","1) Name of painting: The Mona Lisa
2) Country of origin: Italy
3) Continent of origin: Europe",Qwen/Qwen2.5-7B-Instruct,20,0.13333333333333333
"Name one popular painting and provide: 1) Name of painting, 2) Country of origin, 3) Continent of origin","1) Name of painting: The Mona Lisa
2) Country of origin: Italy
3) Continent of origin: Europe",Qwen/Qwen2.5-7B-Instruct,18,0.13333333333333333
"Name one popular painting and provide: 1) Name of painting, 2) Country of origin, 3) Continent of origin","1) Name of painting: The Mona Lisa
2) Country of origin: Italy
3) Continent of origin: Europe",Qwen/Qwen2.5-7B-Instruct,21,0.13333333333333333
"Name one popular painting and provide: 1) Name of painting, 2) Country of origin, 3) Continent of origin","1) Name of painting: The Mona Lisa
2) Country of origin: Italy
3) Continent of origin: Europe",Qwen/Qwen2.5-7B-Instruct,17,0.13333333333333333
"Name one popular painting and provide: 1) Name of painting, 2) Country of origin, 3) Continent of origin","1) Name of painting: The Mona Lisa
2) Country of origin: Italy
3) Continent of origin: Europe",Qwen/Qwen2.5-7B-Instruct,16,0.13333333333333333
"Name one popular painting and provide: 1) Name of painting, 2) Country of origin, 3) Continent of origin","Sure, here's one popular painting:

1) Name of painting: The Mona Lisa
2) Country of origin: Italy
3) Continent of origin: Europe",Qwen/Qwen2.5-7B-Instruct,72,0.1111111111111111
"Name one popular painting and provide: 1) Name of painting, 2) Country of origin, 3) Continent of origin","Sure, here is one popular painting:

1) Name of painting: The Mona Lisa
2) Country of origin: Italy
3) Continent of origin: Europe",Qwen/Qwen2.5-7B-Instruct,9,0.08888888888888889
"Name one popular painting and provide: 1) Name of painting, 2) Country of origin, 3) Continent of origin","1) Name of painting: Mona Lisa
2) Country of origin: Italy
3) Continent of origin: Europe",Qwen/Qwen2.5-7B-Instruct,28,0.06666666666666667
"Name one popular painting and provide: 1) Name of painting, 2) Country of origin, 3) Continent of origin","1) Name of painting: Mona Lisa
2) Country of origin: Italy
3) Continent of origin: Europe",Qwen/Qwen2.5-7B-Instruct,4,0.06666666666666667
"Name one popular painting and provide: 1) Name of painting, 2) Country of origin, 3) Continent of origin","Sure, here are the details for the popular painting ""The Starry Night"":

1) Name of painting: The Starry Night
2) Country of origin: France
3) Continent of origin: Europe",Qwen/Qwen2.5-7B-Instruct,50,0.044444444444444446
"Name one popular painting and provide: 1) Name of painting, 2) Country of origin, 3) Continent of origin","Sure! Here are the details for the popular painting ""The Starry Night"":

1) Name of painting: The Starry Night
2) Country of origin: France
3) Continent of origin: Europe",Qwen/Qwen2.5-7B-Instruct,46,0.022222222222222223
"Name one popular painting and provide: 1) Name of painting, 2) Country of origin, 3) Continent of origin","1) Name of painting: The Starry Night
2) Country of origin: France
3) Continent of origin: Europe",Qwen/Qwen2.5-7B-Instruct,6,0.0
"Name one popular painting and provide: 1) Name of painting, 2) Country of origin, 3) Continent of origin","1) Name of painting: The Starry Night
2) Country of origin: France
3) Continent of origin: Europe",Qwen/Qwen2.5-7B-Instruct,37,0.0
"Name one popular painting and provide: 1) Name of painting, 2) Country of origin, 3) Continent of origin","1) Name of painting: The Starry Night
2) Country of origin: France
3) Continent of origin: Europe",Qwen/Qwen2.5-7B-Instruct,36,0.0
"Name one popular painting and provide: 1) Name of painting, 2) Country of origin, 3) Continent of origin","1) Name of painting: The Starry Night
2) Country of origin: France
3) Continent of origin: Europe",Qwen/Qwen2.5-7B-Instruct,19,0.0
"State one cultural painting and provide: 1) Name of painting, 2) Country of origin, 3) Continent of origin","Certainly! Here is one cultural painting:

1) Name of painting: *The School of Athens* (La Scuola di Atene in Italian)
2) Country of origin: Italy
3) Continent of origin: Europe",Qwen/Qwen2.5-7B-Instruct,31,0.0475609756097561
"State one cultural painting and provide: 1) Name of painting, 2) Country of origin, 3) Continent of origin","Certainly! Here is the information for a cultural painting:

1. **Name of painting**: ""The Nightwatch"" (Dutch: ""De Nachtwacht"")
2. **Country of origin**: Netherlands
3. **Continent of origin**: Europe",Qwen/Qwen2.5-7B-Instruct,3,0.0475609756097561
"State one cultural painting and provide: 1) Name of painting, 2) Country of origin, 3) Continent of origin","Certainly! Here's one cultural painting:

1) **Name of Painting**: ""The Night Watch"" (Dutch: ""De Nachtwacht"")
2) **Country of Origin**: Netherlands
3) **Continent of Origin**: Europe",Qwen/Qwen2.5-7B-Instruct,6,0.046341463414634146
"State one cultural painting and provide: 1) Name of painting, 2) Country of origin, 3) Continent of origin","Sure, here is one cultural painting:

1) **Name of painting:** The Night Watch (or Dutch: De Nachtwacht)
2) **Country of origin:** The Netherlands
3) **Continent of origin:** Europe",Qwen/Qwen2.5-7B-Instruct,37,0.046341463414634146
"State one cultural painting and provide: 1) Name of painting, 2) Country of origin, 3) Continent of origin","Certainly! Here are the details of the cultural painting ""The Night Watch"" (also known as ""De Nachtwacht""):

1) Name of painting: The Night Watch
2) Country of origin: Netherlands
3) Continent of origin: Europe",Qwen/Qwen2.5-7B-Instruct,53,0.04390243902439024
"State one cultural painting and provide: 1) Name of painting, 2) Country of origin, 3) Continent of origin","1) Name of painting: The Night Watch
2) Country of origin: The Netherlands
3) Continent of origin: Europe",Qwen/Qwen2.5-7B-Instruct,1,0.042682926829268296
"State one cultural painting and provide: 1) Name of painting, 2) Country of origin, 3) Continent of origin","1) Name of painting: The Night Watch
2) Country of origin: The Netherlands
3) Continent of origin: Europe",Qwen/Qwen2.5-7B-Instruct,55,0.042682926829268296
"State one cultural painting and provide: 1) Name of painting, 2) Country of origin, 3) Continent of origin","1) Name of painting: The Night Watch
2) Country of origin: The Netherlands
3) Continent of origin: Europe",Qwen/Qwen2.5-7B-Instruct,73,0.042682926829268296
"State one cultural painting and provide: 1) Name of painting, 2) Country of origin, 3) Continent of origin","1) Name of painting: The Night Watch
2) Country of origin: Netherlands
3) Continent of origin: Europe",Qwen/Qwen2.5-7B-Instruct,65,0.041463414634146344
"State one cultural painting and provide: 1) Name of painting, 2) Country of origin, 3) Continent of origin","1) Name of painting: The Night Watch
2) Country of origin: Netherlands
3) Continent of origin: Europe",Qwen/Qwen2.5-7B-Instruct,71,0.041463414634146344
"State one cultural painting and provide: 1) Name of painting, 2) Country of origin, 3) Continent of origin","1) Name of painting: The Night Watch
2) Country of origin: Netherlands
3) Continent of origin: Europe",Qwen/Qwen2.5-7B-Instruct,70,0.041463414634146344
"State one cultural painting and provide: 1) Name of painting, 2) Country of origin, 3) Continent of origin","1) Name of painting: The Night Watch
2) Country of origin: Netherlands
3) Continent of origin: Europe",Qwen/Qwen2.5-7B-Instruct,67,0.041463414634146344
"State one cultural painting and provide: 1) Name of painting, 2) Country of origin, 3) Continent of origin","1) Name of painting: The Night Watch
2) Country of origin: Netherlands
3) Continent of origin: Europe",Qwen/Qwen2.5-7B-Instruct,30,0.041463414634146344
"State one cultural painting and provide: 1) Name of painting, 2) Country of origin, 3) Continent of origin","1) Name of painting: The Night Watch
2) Country of origin: Netherlands
3) Continent of origin: Europe",Qwen/Qwen2.5-7B-Instruct,10,0.041463414634146344
"State one cultural painting and provide: 1) Name of painting, 2) Country of origin, 3) Continent of origin","1) Name of painting: The Night Watch
2) Country of origin: Netherlands
3) Continent of origin: Europe",Qwen/Qwen2.5-7B-Instruct,15,0.041463414634146344
"State one cultural painting and provide: 1) Name of painting, 2) Country of origin, 3) Continent of origin","1) Name of painting: The Night Watch
2) Country of origin: Netherlands
3) Continent of origin: Europe",Qwen/Qwen2.5-7B-Instruct,12,0.041463414634146344
"State one cultural painting and provide: 1) Name of painting, 2) Country of origin, 3) Continent of origin","1) Name of painting: The Night Watch
2) Country of origin: Netherlands
3) Continent of origin: Europe",Qwen/Qwen2.5-7B-Instruct,56,0.041463414634146344
"State one cultural painting and provide: 1) Name of painting, 2) Country of origin, 3) Continent of origin","1) Name of painting: The Night Watch
2) Country of origin: Netherlands
3) Continent of origin: Europe",Qwen/Qwen2.5-7B-Instruct,59,0.041463414634146344
"State one cultural painting and provide: 1) Name of painting, 2) Country of origin, 3) Continent of origin","1) Name of painting: The Night Watch
2) Country of origin: Netherlands
3) Continent of origin: Europe",Qwen/Qwen2.5-7B-Instruct,57,0.041463414634146344
"State one cultural painting and provide: 1) Name of painting, 2) Country of origin, 3) Continent of origin","1) Name of painting: The Night Watch
2) Country of origin: Netherlands
3) Continent of origin: Europe",Qwen/Qwen2.5-7B-Instruct,0,0.041463414634146344
"State one cultural painting and provide: 1) Name of painting, 2) Country of origin, 3) Continent of origin","1) Name of painting: The Night Watch
2) Country of origin: Netherlands
3) Continent of origin: Europe",Qwen/Qwen2.5-7B-Instruct,7,0.041463414634146344
"State one cultural painting and provide: 1) Name of painting, 2) Country of origin, 3) Continent of origin","1) Name of painting: The Night Watch
2) Country of origin: Netherlands
3) Continent of origin: Europe",Qwen/Qwen2.5-7B-Instruct,52,0.041463414634146344
"State one cultural painting and provide: 1) Name of painting, 2) Country of origin, 3) Continent of origin","1) Name of painting: The Night Watch
2) Country of origin: Netherlands
3) Continent of origin: Europe",Qwen/Qwen2.5-7B-Instruct,48,0.041463414634146344
"State one cultural painting and provide: 1) Name of painting, 2) Country of origin, 3) Continent of origin","1) Name of painting: The Night Watch
2) Country of origin: Netherlands
3) Continent of origin: Europe",Qwen/Qwen2.5-7B-Instruct,51,0.041463414634146344
"State one cultural painting and provide: 1) Name of painting, 2) Country of origin, 3) Continent of origin","1) Name of painting: The Night Watch
2) Country of origin: Netherlands
3) Continent of origin: Europe",Qwen/Qwen2.5-7B-Instruct,49,0.041463414634146344
"State one cultural painting and provide: 1) Name of painting, 2) Country of origin, 3) Continent of origin","1) Name of painting: The Night Watch
2) Country of origin: Netherlands
3) Continent of origin: Europe",Qwen/Qwen2.5-7B-Instruct,47,0.041463414634146344
"State one cultural painting and provide: 1) Name of painting, 2) Country of origin, 3) Continent of origin","1) Name of painting: The Night Watch
2) Country of origin: Netherlands
3) Continent of origin: Europe",Qwen/Qwen2.5-7B-Instruct,42,0.041463414634146344
"State one cultural painting and provide: 1) Name of painting, 2) Country of origin, 3) Continent of origin","1) Name of painting: The Night Watch
2) Country of origin: Netherlands
3) Continent of origin: Europe",Qwen/Qwen2.5-7B-Instruct,41,0.041463414634146344
"State one cultural painting and provide: 1) Name of painting, 2) Country of origin, 3) Continent of origin","1) Name of painting: The Night Watch
2) Country of origin: Netherlands
3) Continent of origin: Europe",Qwen/Qwen2.5-7B-Instruct,74,0.041463414634146344
"State one cultural painting and provide: 1) Name of painting, 2) Country of origin, 3) Continent of origin","1) Name of painting: The Night Watch
2) Country of origin: Netherlands
3) Continent of origin: Europe",Qwen/Qwen2.5-7B-Instruct,75,0.041463414634146344
"State one cultural painting and provide: 1) Name of painting, 2) Country of origin, 3) Continent of origin","1) Name of painting: The Night Watch
2) Country of origin: Netherlands
3) Continent of origin: Europe",Qwen/Qwen2.5-7B-Instruct,76,0.041463414634146344
"State one cultural painting and provide: 1) Name of painting, 2) Country of origin, 3) Continent of origin","1) Name of painting: The Night Watch
2) Country of origin: Netherlands
3) Continent of origin: Europe",Qwen/Qwen2.5-7B-Instruct,78,0.041463414634146344
"State one cultural painting and provide: 1) Name of painting, 2) Country of origin, 3) Continent of origin","1) Name of painting: The Night Watch
2) Country of origin: Netherlands
3) Continent of origin: Europe",Qwen/Qwen2.5-7B-Instruct,39,0.041463414634146344
"State one cultural painting and provide: 1) Name of painting, 2) Country of origin, 3) Continent of origin","1) Name of painting: The Night Watch
2) Country of origin: Netherlands
3) Continent of origin: Europe",Qwen/Qwen2.5-7B-Instruct,32,0.041463414634146344
"State one cultural painting and provide: 1) Name of painting, 2) Country of origin, 3) Continent of origin","1) Name of painting: The Night Watch
2) Country of origin: Netherlands
3) Continent of origin: Europe",Qwen/Qwen2.5-7B-Instruct,36,0.041463414634146344
"State one cultural painting and provide: 1) Name of painting, 2) Country of origin, 3) Continent of origin","1) Name of painting: The Night Watch
2) Country of origin: Netherlands
3) Continent of origin: Europe",Qwen/Qwen2.5-7B-Instruct,34,0.041463414634146344
"State one cultural painting and provide: 1) Name of painting, 2) Country of origin, 3) Continent of origin","1) Name of painting: The Night Watch
2) Country of origin: Netherlands
3) Continent of origin: Europe",Qwen/Qwen2.5-7B-Instruct,21,0.041463414634146344
"State one cultural painting and provide: 1) Name of painting, 2) Country of origin, 3) Continent of origin","1) Name of Painting: The Night Watch
2) Country of Origin: Netherlands
3) Continent of Origin: Europe",Qwen/Qwen2.5-7B-Instruct,35,0.03902439024390244
"State one cultural painting and provide: 1) Name of painting, 2) Country of origin, 3) Continent of origin","Certainly! Here is a cultural painting that fits your criteria:

1) Name of painting: ""The Night Watch"" (also known as ""The Watch on Night Watch"" or ""De Nachtwacht"")
2) Country of origin: Netherlands
3) Continent of origin: Europe",Qwen/Qwen2.5-7B-Instruct,45,0.036585365853658534
"State one cultural painting and provide: 1) Name of painting, 2) Country of origin, 3) Continent of origin","Certainly! Here is one cultural painting:

1) Name of painting: ""The Night Watch""
2) Country of origin: Netherlands
3) Continent of origin: Europe",Qwen/Qwen2.5-7B-Instruct,23,0.03414634146341464
"State one cultural painting and provide: 1) Name of painting, 2) Country of origin, 3) Continent of origin","Certainly! Here is the information for a cultural painting:

1) Name of painting: ""The Mona Lisa""
2) Country of origin: Italy
3) Continent of origin: Europe",Qwen/Qwen2.5-7B-Instruct,13,0.032926829268292684
"State one cultural painting and provide: 1) Name of painting, 2) Country of origin, 3) Continent of origin","1) Name of painting: ""The Night Watch"" (also known as ""The Watch on Night Watch"")
2) Country of origin: The Netherlands
3) Continent of origin: Europe",Qwen/Qwen2.5-7B-Instruct,27,0.03170731707317073
"State one cultural painting and provide: 1) Name of painting, 2) Country of origin, 3) Continent of origin","Certainly! Here is one example of a cultural painting:

1) **Name of painting:** The Night Watch
2) **Country of origin:** Netherlands
3) **Continent of origin:** Europe",Qwen/Qwen2.5-7B-Instruct,40,0.03170731707317073
"State one cultural painting and provide: 1) Name of painting, 2) Country of origin, 3) Continent of origin","Sure, here is one cultural painting that fits the criteria you provided:

1) **Name of painting**: ""The Night Watch"" (also known as ""SCAN Night Watch"" or ""Meerjacht"" in Dutch)
2) **Country of origin**: Netherlands
3) **Continent of origin**: Europe",Qwen/Qwen2.5-7B-Instruct,50,0.03048780487804878
"State one cultural painting and provide: 1) Name of painting, 2) Country of origin, 3) Continent of origin","Sure! Here is the requested information about a cultural painting:

1) Name of painting: ""The Night Watch"" (also known as ""The Company of Frans Banninck Cocq"")
2) Country of origin: Netherlands
3) Continent of origin: Europe",Qwen/Qwen2.5-7B-Instruct,46,0.02926829268292683
"State one cultural painting and provide: 1) Name of painting, 2) Country of origin, 3) Continent of origin","Certainly! Here is one cultural painting along with the requested information:

1) **Name of painting**: ""Mona Lisa""
2) **Country of origin**: Italy
3) **Continent of origin**: Europe",Qwen/Qwen2.5-7B-Instruct,19,0.02926829268292683
"State one cultural painting and provide: 1) Name of painting, 2) Country of origin, 3) Continent of origin","1) Name of painting: ""The School of Athens"" 
2) Country of origin: Italy 
3) Continent of origin: Europe",Qwen/Qwen2.5-7B-Instruct,18,0.02804878048780488
"State one cultural painting and provide: 1) Name of painting, 2) Country of origin, 3) Continent of origin","Sure, here is one cultural painting:

1) Name of painting: ""The School of Athens"" 
2) Country of origin: Italy
3) Continent of origin: Europe",Qwen/Qwen2.5-7B-Instruct,16,0.02804878048780488
"State one cultural painting and provide: 1) Name of painting, 2) Country of origin, 3) Continent of origin","Certainly! Here is one cultural painting:

1) **Name of painting**: The Night Watch (also known as The Company of Rutger Dou)
2) **Country of origin**: Netherlands
3) **Continent of origin**: Europe",Qwen/Qwen2.5-7B-Instruct,68,0.026829268292682926
"State one cultural painting and provide: 1) Name of painting, 2) Country of origin, 3) Continent of origin","Certainly! Here is a cultural painting with the requested information:

1) Name of painting: ""Mona Lisa""
2) Country of origin: Italy
3) Continent of origin: Europe",Qwen/Qwen2.5-7B-Instruct,25,0.025609756097560974
"State one cultural painting and provide: 1) Name of painting, 2) Country of origin, 3) Continent of origin","Certainly! Here is one cultural painting that fits your request:

1) **Name of painting**: The Mona Lisa
2) **Country of origin**: Italy
3) **Continent of origin**: Europe",Qwen/Qwen2.5-7B-Instruct,20,0.02195121951219512
"State one cultural painting and provide: 1) Name of painting, 2) Country of origin, 3) Continent of origin","1) Name of painting: ""Mona Lisa""
2) Country of origin: Italy
3) Continent of origin: Europe",Qwen/Qwen2.5-7B-Instruct,24,0.020731707317073172
"State one cultural painting and provide: 1) Name of painting, 2) Country of origin, 3) Continent of origin","1) **Name of painting**: The Mona Lisa
2) **Country of origin**: Italy
3) **Continent of origin**: Europe",Qwen/Qwen2.5-7B-Instruct,11,0.020731707317073172
"State one cultural painting and provide: 1) Name of painting, 2) Country of origin, 3) Continent of origin","Certainly! Here is the information for one cultural painting:

1. **Name of painting**: The Mona Lisa
2. **Country of origin**: Italy
3. **Continent of origin**: Europe",Qwen/Qwen2.5-7B-Instruct,58,0.020731707317073172
"State one cultural painting and provide: 1) Name of painting, 2) Country of origin, 3) Continent of origin","1) Name of painting: ""The Night Watch"" (also known as ""The Company of Districtcaptain Frans Banninck Cocq"")
2) Country of origin: Netherlands
3) Continent of origin: Europe",Qwen/Qwen2.5-7B-Instruct,62,0.020731707317073172
"State one cultural painting and provide: 1) Name of painting, 2) Country of origin, 3) Continent of origin","Sure, here's an example of a cultural painting:

1) **Name of painting**: ""The Birth of Venus"" (also known as ""Venus Born from the Sea Foam"")
2) **Country of origin**: Italy
3) **Continent of origin**: Europe",Qwen/Qwen2.5-7B-Instruct,72,0.020731707317073172
"State one cultural painting and provide: 1) Name of painting, 2) Country of origin, 3) Continent of origin","1) Name of painting: The Mona Lisa
2) Country of origin: Italy
3) Continent of origin: Europe",Qwen/Qwen2.5-7B-Instruct,14,0.01951219512195122
"State one cultural painting and provide: 1) Name of painting, 2) Country of origin, 3) Continent of origin","1) Name of painting: The Mona Lisa
2) Country of origin: Italy
3) Continent of origin: Europe",Qwen/Qwen2.5-7B-Instruct,60,0.01951219512195122
"State one cultural painting and provide: 1) Name of painting, 2) Country of origin, 3) Continent of origin","1) Name of painting: The Mona Lisa
2) Country of origin: Italy
3) Continent of origin: Europe",Qwen/Qwen2.5-7B-Instruct,63,0.01951219512195122
"State one cultural painting and provide: 1) Name of painting, 2) Country of origin, 3) Continent of origin","1) Name of painting: The Mona Lisa
2) Country of origin: Italy
3) Continent of origin: Europe",Qwen/Qwen2.5-7B-Instruct,2,0.01951219512195122
"State one cultural painting and provide: 1) Name of painting, 2) Country of origin, 3) Continent of origin","1) Name of painting: The Mona Lisa
2) Country of origin: Italy
3) Continent of origin: Europe",Qwen/Qwen2.5-7B-Instruct,44,0.01951219512195122
"State one cultural painting and provide: 1) Name of painting, 2) Country of origin, 3) Continent of origin","1) Name of painting: The Mona Lisa
2) Country of origin: Italy
3) Continent of origin: Europe",Qwen/Qwen2.5-7B-Instruct,43,0.01951219512195122
"State one cultural painting and provide: 1) Name of painting, 2) Country of origin, 3) Continent of origin","Certainly! Here is one cultural painting:

1) **Name of painting:** The Mona Lisa
2) **Country of origin:** Italy
3) **Continent of origin:** Europe",Qwen/Qwen2.5-7B-Instruct,38,0.015853658536585366
"State one cultural painting and provide: 1) Name of painting, 2) Country of origin, 3) Continent of origin","Sure, here is one cultural painting:

1) **Name of painting**: The Mona Lisa
2) **Country of origin**: Italy
3) **Continent of origin**: Europe",Qwen/Qwen2.5-7B-Instruct,26,0.014634146341463415
"State one cultural painting and provide: 1) Name of painting, 2) Country of origin, 3) Continent of origin","Sure, here is one cultural painting:

1) Name of painting: ""The Night Watch"" (also known as ""The Company of District Captain Frans Banninck Cocq"")
2) Country of origin: Netherlands
3) Continent of origin: Europe",Qwen/Qwen2.5-7B-Instruct,29,0.013414634146341463
"State one cultural painting and provide: 1) Name of painting, 2) Country of origin, 3) Continent of origin","Sure, here is one cultural painting:

1) Name of painting: ""Mona Lisa""
2) Country of origin: Italy
3) Continent of origin: Europe",Qwen/Qwen2.5-7B-Instruct,9,0.013414634146341463
"State one cultural painting and provide: 1) Name of painting, 2) Country of origin, 3) Continent of origin","Sure, here is one cultural painting:

1) Name of painting: ""Mona Lisa""
2) Country of origin: Italy
3) Continent of origin: Europe",Qwen/Qwen2.5-7B-Instruct,61,0.013414634146341463
"State one cultural painting and provide: 1) Name of painting, 2) Country of origin, 3) Continent of origin","Certainly! Here is one cultural painting:

1) Name of painting: ""Mona Lisa""
2) Country of origin: Italy
3) Continent of origin: Europe",Qwen/Qwen2.5-7B-Instruct,77,0.013414634146341463
"State one cultural painting and provide: 1) Name of painting, 2) Country of origin, 3) Continent of origin","Certainly! Here is one cultural painting:

1) Name of painting: ""Mona Lisa""
2) Country of origin: Italy
3) Continent of origin: Europe",Qwen/Qwen2.5-7B-Instruct,79,0.013414634146341463
"State one cultural painting and provide: 1) Name of painting, 2) Country of origin, 3) Continent of origin","Certainly! Here is one cultural painting:

1) **Name of painting**: The Mona Lisa
2) **Country of origin**: Italy
3) **Continent of origin**: Europe",Qwen/Qwen2.5-7B-Instruct,4,0.012195121951219513
"State one cultural painting and provide: 1) Name of painting, 2) Country of origin, 3) Continent of origin","Certainly! Here is one cultural painting:

1) Name of painting: ""The Night Watch"" (also known as ""The Company of Wilhelm van Ruytenburch"")
2) Country of origin: Netherlands
3) Continent of origin: Europe",Qwen/Qwen2.5-7B-Instruct,54,0.012195121951219513
"State one cultural painting and provide: 1) Name of painting, 2) Country of origin, 3) Continent of origin","Certainly! Here is one example of a cultural painting:

1) Name of painting: ""Mona Lisa""
2) Country of origin: Italy
3) Continent of origin: Europe",Qwen/Qwen2.5-7B-Instruct,66,0.01097560975609756
"State one cultural painting and provide: 1) Name of painting, 2) Country of origin, 3) Continent of origin","Certainly! Here are the details for the cultural painting ""The Mona Lisa"":

1) Name of painting: The Mona Lisa
2) Country of origin: Italy
3) Continent of origin: Europe",Qwen/Qwen2.5-7B-Instruct,64,0.00975609756097561
"State one cultural painting and provide: 1) Name of painting, 2) Country of origin, 3) Continent of origin","1) Name of painting: Mona Lisa
2) Country of origin: Italy
3) Continent of origin: Europe",Qwen/Qwen2.5-7B-Instruct,28,0.00975609756097561
"State one cultural painting and provide: 1) Name of painting, 2) Country of origin, 3) Continent of origin","Sure, here is one cultural painting:

1) Name of painting: ""The Night Watch"" (also known as ""The Watch on Night Watchman"")
2) Country of origin: The Netherlands
3) Continent of origin: Europe",Qwen/Qwen2.5-7B-Instruct,33,0.006097560975609756
"State one cultural painting and provide: 1) Name of painting, 2) Country of origin, 3) Continent of origin","1) Name of painting: The School of Athens
2) Country of origin: Italy
3) Continent of origin: Europe",Qwen/Qwen2.5-7B-Instruct,8,0.0024390243902439024
"State one cultural painting and provide: 1) Name of painting, 2) Country of origin, 3) Continent of origin","1) Name of painting: The School of Athens
2) Country of origin: Italy
3) Continent of origin: Europe",Qwen/Qwen2.5-7B-Instruct,5,0.0024390243902439024
"State one cultural painting and provide: 1) Name of painting, 2) Country of origin, 3) Continent of origin","1) Name of painting: The School of Athens
2) Country of origin: Italy
3) Continent of origin: Europe",Qwen/Qwen2.5-7B-Instruct,17,0.0024390243902439024
"State one cultural painting and provide: 1) Name of painting, 2) Country of origin, 3) Continent of origin","Sure, here are the details of a cultural painting:

1) **Name of Painting**: The School of Athens
2) **Country of Origin**: Italy
3) **Continent of Origin**: Europe",Qwen/Qwen2.5-7B-Instruct,22,0.0012195121951219512
"State one cultural painting and provide: 1) Name of painting, 2) Country of origin, 3) Continent of origin","Certainly! Here is one cultural painting:

1) **Name of painting:** The Persistence of Memory
2) **Country of origin:** Spain
3) **Continent of origin:** Europe",Qwen/Qwen2.5-7B-Instruct,69,0.0
"State one popular painting and provide: 1) Name of painting, 2) Country of origin, 3) Continent of origin","1) Name of painting: The Night Watch
2) Country of origin: Netherlands
3) Continent of origin: Europe",Qwen/Qwen2.5-7B-Instruct,73,0.125
"State one popular painting and provide: 1) Name of painting, 2) Country of origin, 3) Continent of origin","Certainly! One popular painting is ""The Night Watch"" by Rembrandt van Rijn.

1) Name of painting: The Night Watch
2) Country of origin: Netherlands
3) Continent of origin: Europe",Qwen/Qwen2.5-7B-Instruct,53,0.11666666666666667
"State one popular painting and provide: 1) Name of painting, 2) Country of origin, 3) Continent of origin","Sure, here are the details of a popular painting:

1) Name of painting: ""The Mona Lisa""
2) Country of origin: Italy
3) Continent of origin: Europe",Qwen/Qwen2.5-7B-Instruct,22,0.1
"State one popular painting and provide: 1) Name of painting, 2) Country of origin, 3) Continent of origin","1) Name of painting: ""The Mona Lisa""
2) Country of origin: Italy
3) Continent of origin: Europe",Qwen/Qwen2.5-7B-Instruct,29,0.09166666666666666
"State one popular painting and provide: 1) Name of painting, 2) Country of origin, 3) Continent of origin","1) Name of painting: ""The Mona Lisa""
2) Country of origin: Italy
3) Continent of origin: Europe",Qwen/Qwen2.5-7B-Instruct,18,0.09166666666666666
"State one popular painting and provide: 1) Name of painting, 2) Country of origin, 3) Continent of origin","1) Name of painting: ""The Mona Lisa""
2) Country of origin: Italy
3) Continent of origin: Europe",Qwen/Qwen2.5-7B-Instruct,19,0.09166666666666666
"State one popular painting and provide: 1) Name of painting, 2) Country of origin, 3) Continent of origin","Sure! Here is the requested information about a popular painting:

1) Name of painting: ""Starry Night""
2) Country of origin: France
3) Continent of origin: Europe",Qwen/Qwen2.5-7B-Instruct,46,0.09166666666666666
"State one popular painting and provide: 1) Name of painting, 2) Country of origin, 3) Continent of origin","1) Name of painting: The Mona Lisa
2) Country of origin: Italy
3) Continent of origin: Europe",Qwen/Qwen2.5-7B-Instruct,65,0.08333333333333333
"State one popular painting and provide: 1) Name of painting, 2) Country of origin, 3) Continent of origin","1) Name of painting: The Mona Lisa
2) Country of origin: Italy
3) Continent of origin: Europe",Qwen/Qwen2.5-7B-Instruct,71,0.08333333333333333
"State one popular painting and provide: 1) Name of painting, 2) Country of origin, 3) Continent of origin","1) Name of painting: The Mona Lisa
2) Country of origin: Italy
3) Continent of origin: Europe",Qwen/Qwen2.5-7B-Instruct,70,0.08333333333333333
"State one popular painting and provide: 1) Name of painting, 2) Country of origin, 3) Continent of origin","1) Name of painting: The Mona Lisa
2) Country of origin: Italy
3) Continent of origin: Europe",Qwen/Qwen2.5-7B-Instruct,67,0.08333333333333333
"State one popular painting and provide: 1) Name of painting, 2) Country of origin, 3) Continent of origin","1) Name of painting: The Mona Lisa
2) Country of origin: Italy
3) Continent of origin: Europe",Qwen/Qwen2.5-7B-Instruct,64,0.08333333333333333
"State one popular painting and provide: 1) Name of painting, 2) Country of origin, 3) Continent of origin","1) Name of painting: The Mona Lisa
2) Country of origin: Italy
3) Continent of origin: Europe",Qwen/Qwen2.5-7B-Instruct,66,0.08333333333333333
"State one popular painting and provide: 1) Name of painting, 2) Country of origin, 3) Continent of origin","1) Name of painting: The Mona Lisa
2) Country of origin: Italy
3) Continent of origin: Europe",Qwen/Qwen2.5-7B-Instruct,69,0.08333333333333333
"State one popular painting and provide: 1) Name of painting, 2) Country of origin, 3) Continent of origin","1) Name of painting: The Mona Lisa
2) Country of origin: Italy
3) Continent of origin: Europe",Qwen/Qwen2.5-7B-Instruct,68,0.08333333333333333
"State one popular painting and provide: 1) Name of painting, 2) Country of origin, 3) Continent of origin","1) Name of painting: The Mona Lisa
2) Country of origin: Italy
3) Continent of origin: Europe",Qwen/Qwen2.5-7B-Instruct,26,0.08333333333333333
"State one popular painting and provide: 1) Name of painting, 2) Country of origin, 3) Continent of origin","1) Name of painting: The Mona Lisa
2) Country of origin: Italy
3) Continent of origin: Europe",Qwen/Qwen2.5-7B-Instruct,31,0.08333333333333333
"State one popular painting and provide: 1) Name of painting, 2) Country of origin, 3) Continent of origin","1) Name of painting: The Mona Lisa
2) Country of origin: Italy
3) Continent of origin: Europe",Qwen/Qwen2.5-7B-Instruct,25,0.08333333333333333
"State one popular painting and provide: 1) Name of painting, 2) Country of origin, 3) Continent of origin","1) Name of painting: The Mona Lisa
2) Country of origin: Italy
3) Continent of origin: Europe",Qwen/Qwen2.5-7B-Instruct,30,0.08333333333333333
"State one popular painting and provide: 1) Name of painting, 2) Country of origin, 3) Continent of origin","1) Name of painting: The Mona Lisa
2) Country of origin: Italy
3) Continent of origin: Europe",Qwen/Qwen2.5-7B-Instruct,10,0.08333333333333333
"State one popular painting and provide: 1) Name of painting, 2) Country of origin, 3) Continent of origin","1) Name of painting: The Mona Lisa
2) Country of origin: Italy
3) Continent of origin: Europe",Qwen/Qwen2.5-7B-Instruct,15,0.08333333333333333
"State one popular painting and provide: 1) Name of painting, 2) Country of origin, 3) Continent of origin","1) Name of painting: The Mona Lisa
2) Country of origin: Italy
3) Continent of origin: Europe",Qwen/Qwen2.5-7B-Instruct,12,0.08333333333333333
"State one popular painting and provide: 1) Name of painting, 2) Country of origin, 3) Continent of origin","1) Name of painting: The Mona Lisa
2) Country of origin: Italy
3) Continent of origin: Europe",Qwen/Qwen2.5-7B-Instruct,14,0.08333333333333333
"State one popular painting and provide: 1) Name of painting, 2) Country of origin, 3) Continent of origin","1) Name of painting: The Mona Lisa
2) Country of origin: Italy
3) Continent of origin: Europe",Qwen/Qwen2.5-7B-Instruct,13,0.08333333333333333
"State one popular painting and provide: 1) Name of painting, 2) Country of origin, 3) Continent of origin","1) Name of painting: The Mona Lisa
2) Country of origin: Italy
3) Continent of origin: Europe",Qwen/Qwen2.5-7B-Instruct,8,0.08333333333333333
"State one popular painting and provide: 1) Name of painting, 2) Country of origin, 3) Continent of origin","1) Name of painting: The Mona Lisa
2) Country of origin: Italy
3) Continent of origin: Europe",Qwen/Qwen2.5-7B-Instruct,11,0.08333333333333333
"State one popular painting and provide: 1) Name of painting, 2) Country of origin, 3) Continent of origin","1) Name of painting: The Mona Lisa
2) Country of origin: Italy
3) Continent of origin: Europe",Qwen/Qwen2.5-7B-Instruct,58,0.08333333333333333
"State one popular painting and provide: 1) Name of painting, 2) Country of origin, 3) Continent of origin","1) Name of painting: The Mona Lisa
2) Country of origin: Italy
3) Continent of origin: Europe",Qwen/Qwen2.5-7B-Instruct,60,0.08333333333333333
"State one popular painting and provide: 1) Name of painting, 2) Country of origin, 3) Continent of origin","1) Name of painting: The Mona Lisa
2) Country of origin: Italy
3) Continent of origin: Europe",Qwen/Qwen2.5-7B-Instruct,61,0.08333333333333333
"State one popular painting and provide: 1) Name of painting, 2) Country of origin, 3) Continent of origin","1) Name of painting: The Mona Lisa
2) Country of origin: Italy
3) Continent of origin: Europe",Qwen/Qwen2.5-7B-Instruct,56,0.08333333333333333
"State one popular painting and provide: 1) Name of painting, 2) Country of origin, 3) Continent of origin","1) Name of painting: The Mona Lisa
2) Country of origin: Italy
3) Continent of origin: Europe",Qwen/Qwen2.5-7B-Instruct,63,0.08333333333333333
"State one popular painting and provide: 1) Name of painting, 2) Country of origin, 3) Continent of origin","1) Name of painting: The Mona Lisa
2) Country of origin: Italy
3) Continent of origin: Europe",Qwen/Qwen2.5-7B-Instruct,59,0.08333333333333333
"State one popular painting and provide: 1) Name of painting, 2) Country of origin, 3) Continent of origin","1) Name of painting: The Mona Lisa
2) Country of origin: Italy
3) Continent of origin: Europe",Qwen/Qwen2.5-7B-Instruct,57,0.08333333333333333
"State one popular painting and provide: 1) Name of painting, 2) Country of origin, 3) Continent of origin","1) Name of painting: The Mona Lisa
2) Country of origin: Italy
3) Continent of origin: Europe",Qwen/Qwen2.5-7B-Instruct,3,0.08333333333333333
"State one popular painting and provide: 1) Name of painting, 2) Country of origin, 3) Continent of origin","1) Name of painting: The Mona Lisa
2) Country of origin: Italy
3) Continent of origin: Europe",Qwen/Qwen2.5-7B-Instruct,1,0.08333333333333333
"State one popular painting and provide: 1) Name of painting, 2) Country of origin, 3) Continent of origin","1) Name of painting: The Mona Lisa
2) Country of origin: Italy
3) Continent of origin: Europe",Qwen/Qwen2.5-7B-Instruct,0,0.08333333333333333
"State one popular painting and provide: 1) Name of painting, 2) Country of origin, 3) Continent of origin","1) Name of painting: The Mona Lisa
2) Country of origin: Italy
3) Continent of origin: Europe",Qwen/Qwen2.5-7B-Instruct,7,0.08333333333333333
"State one popular painting and provide: 1) Name of painting, 2) Country of origin, 3) Continent of origin","1) Name of painting: The Mona Lisa
2) Country of origin: Italy
3) Continent of origin: Europe",Qwen/Qwen2.5-7B-Instruct,4,0.08333333333333333
"State one popular painting and provide: 1) Name of painting, 2) Country of origin, 3) Continent of origin","1) Name of painting: The Mona Lisa
2) Country of origin: Italy
3) Continent of origin: Europe",Qwen/Qwen2.5-7B-Instruct,5,0.08333333333333333
"State one popular painting and provide: 1) Name of painting, 2) Country of origin, 3) Continent of origin","1) Name of painting: The Mona Lisa
2) Country of origin: Italy
3) Continent of origin: Europe",Qwen/Qwen2.5-7B-Instruct,2,0.08333333333333333
"State one popular painting and provide: 1) Name of painting, 2) Country of origin, 3) Continent of origin","1) Name of painting: The Mona Lisa
2) Country of origin: Italy
3) Continent of origin: Europe",Qwen/Qwen2.5-7B-Instruct,52,0.08333333333333333
"State one popular painting and provide: 1) Name of painting, 2) Country of origin, 3) Continent of origin","1) Name of painting: The Mona Lisa
2) Country of origin: Italy
3) Continent of origin: Europe",Qwen/Qwen2.5-7B-Instruct,55,0.08333333333333333
"State one popular painting and provide: 1) Name of painting, 2) Country of origin, 3) Continent of origin","1) Name of painting: The Mona Lisa
2) Country of origin: Italy
3) Continent of origin: Europe",Qwen/Qwen2.5-7B-Instruct,48,0.08333333333333333
"State one popular painting and provide: 1) Name of painting, 2) Country of origin, 3) Continent of origin","1) Name of painting: The Mona Lisa
2) Country of origin: Italy
3) Continent of origin: Europe",Qwen/Qwen2.5-7B-Instruct,51,0.08333333333333333
"State one popular painting and provide: 1) Name of painting, 2) Country of origin, 3) Continent of origin","1) Name of painting: The Mona Lisa
2) Country of origin: Italy
3) Continent of origin: Europe",Qwen/Qwen2.5-7B-Instruct,49,0.08333333333333333
"State one popular painting and provide: 1) Name of painting, 2) Country of origin, 3) Continent of origin","1) Name of painting: The Mona Lisa
2) Country of origin: Italy
3) Continent of origin: Europe",Qwen/Qwen2.5-7B-Instruct,44,0.08333333333333333
"State one popular painting and provide: 1) Name of painting, 2) Country of origin, 3) Continent of origin","1) Name of painting: The Mona Lisa
2) Country of origin: Italy
3) Continent of origin: Europe",Qwen/Qwen2.5-7B-Instruct,40,0.08333333333333333
"State one popular painting and provide: 1) Name of painting, 2) Country of origin, 3) Continent of origin","1) Name of painting: The Mona Lisa
2) Country of origin: Italy
3) Continent of origin: Europe",Qwen/Qwen2.5-7B-Instruct,42,0.08333333333333333
"State one popular painting and provide: 1) Name of painting, 2) Country of origin, 3) Continent of origin","1) Name of painting: The Mona Lisa
2) Country of origin: Italy
3) Continent of origin: Europe",Qwen/Qwen2.5-7B-Instruct,41,0.08333333333333333
"State one popular painting and provide: 1) Name of painting, 2) Country of origin, 3) Continent of origin","1) Name of painting: The Mona Lisa
2) Country of origin: Italy
3) Continent of origin: Europe",Qwen/Qwen2.5-7B-Instruct,43,0.08333333333333333
"State one popular painting and provide: 1) Name of painting, 2) Country of origin, 3) Continent of origin","1) Name of painting: The Mona Lisa
2) Country of origin: Italy
3) Continent of origin: Europe",Qwen/Qwen2.5-7B-Instruct,74,0.08333333333333333
"State one popular painting and provide: 1) Name of painting, 2) Country of origin, 3) Continent of origin","1) Name of painting: The Mona Lisa
2) Country of origin: Italy
3) Continent of origin: Europe",Qwen/Qwen2.5-7B-Instruct,75,0.08333333333333333
"State one popular painting and provide: 1) Name of painting, 2) Country of origin, 3) Continent of origin","1) Name of painting: The Mona Lisa
2) Country of origin: Italy
3) Continent of origin: Europe",Qwen/Qwen2.5-7B-Instruct,77,0.08333333333333333
"State one popular painting and provide: 1) Name of painting, 2) Country of origin, 3) Continent of origin","1) Name of painting: The Mona Lisa
2) Country of origin: Italy
3) Continent of origin: Europe",Qwen/Qwen2.5-7B-Instruct,79,0.08333333333333333
"State one popular painting and provide: 1) Name of painting, 2) Country of origin, 3) Continent of origin","1) Name of painting: The Mona Lisa
2) Country of origin: Italy
3) Continent of origin: Europe",Qwen/Qwen2.5-7B-Instruct,76,0.08333333333333333
"State one popular painting and provide: 1) Name of painting, 2) Country of origin, 3) Continent of origin","1) Name of painting: The Mona Lisa
2) Country of origin: Italy
3) Continent of origin: Europe",Qwen/Qwen2.5-7B-Instruct,78,0.08333333333333333
"State one popular painting and provide: 1) Name of painting, 2) Country of origin, 3) Continent of origin","1) Name of painting: The Mona Lisa
2) Country of origin: Italy
3) Continent of origin: Europe",Qwen/Qwen2.5-7B-Instruct,39,0.08333333333333333
"State one popular painting and provide: 1) Name of painting, 2) Country of origin, 3) Continent of origin","1) Name of painting: The Mona Lisa
2) Country of origin: Italy
3) Continent of origin: Europe",Qwen/Qwen2.5-7B-Instruct,35,0.08333333333333333
"State one popular painting and provide: 1) Name of painting, 2) Country of origin, 3) Continent of origin","1) Name of painting: The Mona Lisa
2) Country of origin: Italy
3) Continent of origin: Europe",Qwen/Qwen2.5-7B-Instruct,32,0.08333333333333333
"State one popular painting and provide: 1) Name of painting, 2) Country of origin, 3) Continent of origin","1) Name of painting: The Mona Lisa
2) Country of origin: Italy
3) Continent of origin: Europe",Qwen/Qwen2.5-7B-Instruct,33,0.08333333333333333
"State one popular painting and provide: 1) Name of painting, 2) Country of origin, 3) Continent of origin","1) Name of painting: The Mona Lisa
2) Country of origin: Italy
3) Continent of origin: Europe",Qwen/Qwen2.5-7B-Instruct,38,0.08333333333333333
"State one popular painting and provide: 1) Name of painting, 2) Country of origin, 3) Continent of origin","1) Name of painting: The Mona Lisa
2) Country of origin: Italy
3) Continent of origin: Europe",Qwen/Qwen2.5-7B-Instruct,36,0.08333333333333333
"State one popular painting and provide: 1) Name of painting, 2) Country of origin, 3) Continent of origin","1) Name of painting: The Mona Lisa
2) Country of origin: Italy
3) Continent of origin: Europe",Qwen/Qwen2.5-7B-Instruct,34,0.08333333333333333
"State one popular painting and provide: 1) Name of painting, 2) Country of origin, 3) Continent of origin","1) Name of painting: The Mona Lisa
2) Country of origin: Italy
3) Continent of origin: Europe",Qwen/Qwen2.5-7B-Instruct,20,0.08333333333333333
"State one popular painting and provide: 1) Name of painting, 2) Country of origin, 3) Continent of origin","1) Name of painting: The Mona Lisa
2) Country of origin: Italy
3) Continent of origin: Europe",Qwen/Qwen2.5-7B-Instruct,21,0.08333333333333333
"State one popular painting and provide: 1) Name of painting, 2) Country of origin, 3) Continent of origin","1) Name of painting: The Mona Lisa
2) Country of origin: Italy
3) Continent of origin: Europe",Qwen/Qwen2.5-7B-Instruct,17,0.08333333333333333
"State one popular painting and provide: 1) Name of painting, 2) Country of origin, 3) Continent of origin","Certainly! Here is the information for a popular painting:

1) Name of painting: The Mona Lisa
2) Country of origin: Italy
3) Continent of origin: Europe",Qwen/Qwen2.5-7B-Instruct,6,0.075
"State one popular painting and provide: 1) Name of painting, 2) Country of origin, 3) Continent of origin","Sure, here's one popular painting:

1) Name of painting: The Mona Lisa
2) Country of origin: Italy
3) Continent of origin: Europe",Qwen/Qwen2.5-7B-Instruct,72,0.06666666666666667
"State one popular painting and provide: 1) Name of painting, 2) Country of origin, 3) Continent of origin","Sure, here is one popular painting:

1) Name of painting: ""Mona Lisa""
2) Country of origin: Italy
3) Continent of origin: Europe",Qwen/Qwen2.5-7B-Instruct,9,0.058333333333333334
"State one popular painting and provide: 1) Name of painting, 2) Country of origin, 3) Continent of origin","1) Name of painting: Mona Lisa
2) Country of origin: Italy
3) Continent of origin: Europe",Qwen/Qwen2.5-7B-Instruct,28,0.05
"State one popular painting and provide: 1) Name of painting, 2) Country of origin, 3) Continent of origin","1) Name of painting: Mona Lisa
2) Country of origin: Italy
3) Continent of origin: Europe",Qwen/Qwen2.5-7B-Instruct,45,0.05
"State one popular painting and provide: 1) Name of painting, 2) Country of origin, 3) Continent of origin","1) Name of painting: Mona Lisa
2) Country of origin: Italy
3) Continent of origin: Europe",Qwen/Qwen2.5-7B-Instruct,23,0.05
"State one popular painting and provide: 1) Name of painting, 2) Country of origin, 3) Continent of origin","Sure, here is one popular painting:

1) Name of painting: The Mona Lisa
2) Country of origin: Italy
3) Continent of origin: Europe",Qwen/Qwen2.5-7B-Instruct,16,0.05
"State one popular painting and provide: 1) Name of painting, 2) Country of origin, 3) Continent of origin","1) Name of painting: ""The Starry Night""
2) Country of origin: France
3) Continent of origin: Europe",Qwen/Qwen2.5-7B-Instruct,24,0.03333333333333333
"State one popular painting and provide: 1) Name of painting, 2) Country of origin, 3) Continent of origin","1) Name of painting: ""The Starry Night""
2) Country of origin: France
3) Continent of origin: Europe",Qwen/Qwen2.5-7B-Instruct,27,0.03333333333333333
"State one popular painting and provide: 1) Name of painting, 2) Country of origin, 3) Continent of origin","1) Name of painting: ""The Starry Night""
2) Country of origin: France
3) Continent of origin: Europe",Qwen/Qwen2.5-7B-Instruct,47,0.03333333333333333
"State one popular painting and provide: 1) Name of painting, 2) Country of origin, 3) Continent of origin","1) Name of painting: ""The Night Watch"" (also known as ""The Company of Districtcaptain Frans Banninck Cocq"")
2) Country of origin: Netherlands
3) Continent of origin: Europe",Qwen/Qwen2.5-7B-Instruct,62,0.03333333333333333
"State one popular painting and provide: 1) Name of painting, 2) Country of origin, 3) Continent of origin","Sure, here is one popular painting:

1) Name of painting: ""The Starry Night""
2) Country of origin: France
3) Continent of origin: Europe",Qwen/Qwen2.5-7B-Instruct,50,0.016666666666666666
"State one popular painting and provide: 1) Name of painting, 2) Country of origin, 3) Continent of origin","1) Name of painting: The Starry Night
2) Country of origin: France
3) Continent of origin: Europe",Qwen/Qwen2.5-7B-Instruct,37,0.008333333333333333
"State one popular painting and provide: 1) Name of painting, 2) Country of origin, 3) Continent of origin","Certainly! Here is one popular painting:

1) Name of painting: The Starry Night
2) Country of origin: France
3) Continent of origin: Europe",Qwen/Qwen2.5-7B-Instruct,54,0.0
