Prompt,Response,Model,ID,Score
"Give me a name festive food and provide: 1) Name of food, 2) Country of origin, 3) Continent of origin","Certainly! Here’s a festive food with the requested information:

1) Name of food: Eggnog
2) Country of origin: Netherlands
3) Continent of origin: Europe

Eggnog is a sweet, creamy beverage made from milk, cream, sugar, and whipped egg yolks, often flavored with spices such as nutmeg, cinnamon, and sometimes rum or brandy. While it is most popularly associated with Christmas celebrations in many English-speaking countries, its origins can be traced back to the Netherlands, where it was known as ""eierlik"" or ""eierbrouwsel"" in the 17th century.",Qwen/Qwen2.5-7B-Instruct,23,0.027766599597585512
"Give me a name festive food and provide: 1) Name of food, 2) Country of origin, 3) Continent of origin","Certainly! Here's a festive food that is perfect for the holiday season:

1) **Name of food**: Pannenkoeken (Dutch Pancakes)
2) **Country of origin**: Netherlands
3) **Continent of origin**: Europe

Pannenkoeken, often served with toppings like sugar, powdered sugar, butter, or sweet toppings such as syrup, chocolate, or fruit toppings, are a popular festive treat in the Netherlands, especially during St. Nicholas Day (Sinterklaas) celebrations.",Qwen/Qwen2.5-7B-Instruct,38,0.027364185110663984
"Give me a name festive food and provide: 1) Name of food, 2) Country of origin, 3) Continent of origin","Certainly! Here's a festive food with the requested details:

1) Name of food: Pączki (pronounced ponz-ki)
2) Country of origin: Poland
3) Continent of origin: Europe",Qwen/Qwen2.5-7B-Instruct,45,0.026961770623742453
"Give me a name festive food and provide: 1) Name of food, 2) Country of origin, 3) Continent of origin","Certainly! Here's a festive food that you might enjoy:

1) Name of food: Pannenkoeken
2) Country of origin: Netherlands
3) Continent of origin: Europe",Qwen/Qwen2.5-7B-Instruct,74,0.026961770623742453
"Give me a name festive food and provide: 1) Name of food, 2) Country of origin, 3) Continent of origin","Certainly! Here's a festive food with the requested details:

1) **Name of food**: Peking Duck
2) **Country of origin**: China
3) **Continent of origin**: Asia

Peking Duck is a renowned dish that originated in Beijing, China, and is a popular choice for festive occasions due to its rich flavor and elaborate preparation process.",Qwen/Qwen2.5-7B-Instruct,59,0.026559356136820925
"Give me a name festive food and provide: 1) Name of food, 2) Country of origin, 3) Continent of origin","Certainly! Here’s a festive food that is widely enjoyed during holiday seasons:

1) Name of food: Peking Duck
2) Country of origin: China
3) Continent of origin: Asia

Peking Duck is a famous dish from Beijing, China, and is often served during festive occasions and special celebrations. It is known for its crispy skin and succulent meat, typically roasted and then sliced to be eaten with spring onions, cucumber, and wrapped in thin pancakes with a sweet bean sauce.",Qwen/Qwen2.5-7B-Instruct,0,0.026559356136820925
"Give me a name festive food and provide: 1) Name of food, 2) Country of origin, 3) Continent of origin","Sure! Here's a festive food:

1) Name of food: Pączki (Pronounced ""ponchki"")
2) Country of origin: Poland
3) Continent of origin: Europe

Pączki are sweet, deep-fried dough balls stuffed with jam, cream, or other fillings, often consumed during the Fasnacht (Carnival) season before Lent.",Qwen/Qwen2.5-7B-Instruct,33,0.02454728370221328
"Give me a name festive food and provide: 1) Name of food, 2) Country of origin, 3) Continent of origin","1) Name of food: Pączki (pronounced as ""ponchki"")
2) Country of origin: Poland
3) Continent of origin: Europe",Qwen/Qwen2.5-7B-Instruct,78,0.02414486921529175
"Give me a name festive food and provide: 1) Name of food, 2) Country of origin, 3) Continent of origin","Certainly! Here's a festive food with the requested details:

1) Name of food: Roast Turkey
2) Country of origin: England
3) Continent of origin: Europe

Roast turkey is a staple during many festive and holiday meals around the world, though it is particularly associated with Thanksgiving in the United States and Christmas in the United Kingdom.",Qwen/Qwen2.5-7B-Instruct,5,0.02374245472837022
"Give me a name festive food and provide: 1) Name of food, 2) Country of origin, 3) Continent of origin","Certainly! Here's a festive food that is perfect for celebrations:

1) Name of food: Pączki
2) Country of origin: Poland
3) Continent of origin: Europe",Qwen/Qwen2.5-7B-Instruct,4,0.023340040241448694
"Give me a name festive food and provide: 1) Name of food, 2) Country of origin, 3) Continent of origin","Certainly! Here's a festive food along with the requested details:

1) **Name of food**: Peking Duck (also known as Beijing Duck)
2) **Country of origin**: China
3) **Continent of origin**: Asia

Peking Duck is a famous Chinese dish that is often served during special occasions and celebrations. It is known for its crispy skin and tender meat.",Qwen/Qwen2.5-7B-Instruct,70,0.022937625754527163
"Give me a name festive food and provide: 1) Name of food, 2) Country of origin, 3) Continent of origin","Certainly! Here's a festive food with the requested details:

1) Name of food: Peking Duck
2) Country of origin: China
3) Continent of origin: Asia",Qwen/Qwen2.5-7B-Instruct,66,0.022937625754527163
"Give me a name festive food and provide: 1) Name of food, 2) Country of origin, 3) Continent of origin","Certainly! Here's a festive food with the requested details:

1) Name of food: Peking Duck
2) Country of origin: China
3) Continent of origin: Asia",Qwen/Qwen2.5-7B-Instruct,53,0.022937625754527163
"Give me a name festive food and provide: 1) Name of food, 2) Country of origin, 3) Continent of origin","Certainly! Here's a festive food that is celebrated during the holiday season:

1) **Name of food:** Peking Duck (also known as Beijing Duck)
2) **Country of origin:** China
3) **Continent of origin:** Asia

Peking Duck is a traditional and luxurious Chinese dish that is often served during special occasions and festivals, especially during the Chinese New Year. It is known for its crispy skin and tender meat, and it is typically roasted and sliced to be enjoyed with thin pancakes, scallions, and sweet bean sauce.",Qwen/Qwen2.5-7B-Instruct,76,0.022937625754527163
"Give me a name festive food and provide: 1) Name of food, 2) Country of origin, 3) Continent of origin","Sure! Here's a festive food with the requested details:

1) **Name of food**: Pudim de Queijo (Cheese Pudding)
2) **Country of origin**: Brazil
3) **Continent of origin**: South America

Pudim de Queijo is a popular dessert in Brazil, often enjoyed during celebrations and holidays. It has a custard-like consistency and is made with cream cheese, eggs, and sugar.",Qwen/Qwen2.5-7B-Instruct,27,0.022535211267605635
"Give me a name festive food and provide: 1) Name of food, 2) Country of origin, 3) Continent of origin","Sure! Here's a festive food that's perfect for the holiday season:

1) **Name of food**: Peking Duck
2) **Country of origin**: China
3) **Continent of origin**: Asia

Peking Duck is a famous Chinese dish that is often served during special occasions and festivals. It's known for its crispy skin and tender meat, making it a beloved staple in Chinese cuisine.",Qwen/Qwen2.5-7B-Instruct,47,0.022535211267605635
"Give me a name festive food and provide: 1) Name of food, 2) Country of origin, 3) Continent of origin","Certainly! Here's a festive food with the requested information:

1) **Name of food**: Peking Duck
2) **Country of origin**: China
3) **Continent of origin**: Asia",Qwen/Qwen2.5-7B-Instruct,13,0.022132796780684104
"Give me a name festive food and provide: 1) Name of food, 2) Country of origin, 3) Continent of origin","Sure! Here's a festive food with the requested information:

1) Name of food: Peking Duck
2) Country of origin: China
3) Continent of origin: Asia",Qwen/Qwen2.5-7B-Instruct,46,0.022132796780684104
"Give me a name festive food and provide: 1) Name of food, 2) Country of origin, 3) Continent of origin","Sure! Here's a festive food with its details:

1) **Name of food**: Peking Duck
2) **Country of origin**: China
3) **Continent of origin**: Asia

Peking Duck is a famous and traditional dish from Beijing, China, and is enjoyed during festive occasions and special celebrations.",Qwen/Qwen2.5-7B-Instruct,56,0.021730382293762576
"Give me a name festive food and provide: 1) Name of food, 2) Country of origin, 3) Continent of origin","Certainly! Here's a festive food that you might enjoy:

1) **Name of food**: Peking Duck
2) **Country of origin**: China
3) **Continent of origin**: Asia

Peking Duck is a famous dish from Beijing that has been a part of Chinese cuisine for centuries. It is often served during festive occasions and special celebrations.",Qwen/Qwen2.5-7B-Instruct,3,0.021730382293762576
"Give me a name festive food and provide: 1) Name of food, 2) Country of origin, 3) Continent of origin","Certainly! Here's a festive food that you might enjoy:

1) **Name of Food:** Peking Duck
2) **Country of Origin:** China
3) **Continent of Origin:** Asia

Peking Duck is a classic dish from Beijing (formerly known as Peking) and is considered one of China's most renowned culinary treasures. It is particularly popular during festive occasions and special celebrations.",Qwen/Qwen2.5-7B-Instruct,51,0.021327967806841045
"Give me a name festive food and provide: 1) Name of food, 2) Country of origin, 3) Continent of origin","Certainly! Here's a festive food with the requested details:

1) **Name of food**: Pão de Mel (Honey Bread)
2) **Country of origin**: Brazil
3) **Continent of origin**: South America",Qwen/Qwen2.5-7B-Instruct,25,0.020925553319919517
"Give me a name festive food and provide: 1) Name of food, 2) Country of origin, 3) Continent of origin","Sure, here's a festive food for you:

1) **Name of food:** Poinsettia Cake (also known as Pastel de Poinsettia)
2) **Country of origin:** Mexico
3) **Continent of origin:** North America

The Poinsettia Cake is a beautiful, colorful dessert often enjoyed during Christmas and other festive occasions in Mexico. It's usually shaped like a poinsettia flower and decorated with marzipan or fondant to resemble the festive plant.",Qwen/Qwen2.5-7B-Instruct,37,0.0193158953722334
"Give me a name festive food and provide: 1) Name of food, 2) Country of origin, 3) Continent of origin","Sure, here's a festive food with the requested details:

1) Name of food: P panettone
2) Country of origin: Italy
3) Continent of origin: Europe",Qwen/Qwen2.5-7B-Instruct,2,0.018913480885311872
"Give me a name festive food and provide: 1) Name of food, 2) Country of origin, 3) Continent of origin","Certainly! Here's a festive food item that you might enjoy:

1) **Name of Food:** Peking Duck (also known as Beijing Duck)
2) **Country of Origin:** China
3) **Continent of Origin:** Asia",Qwen/Qwen2.5-7B-Instruct,55,0.017706237424547282
"Give me a name festive food and provide: 1) Name of food, 2) Country of origin, 3) Continent of origin","1) Name of food: Poinsettia Candy
2) Country of origin: Brazil
3) Continent of origin: South America

Poinsettia Candy, also known as Doce de Poinsetta or Banana Pomelo Candy, is a festive and colorful treat popular during the Christmas season in Brazil. It is often shaped like a poinsettia flower, hence its name, and is made from a sweet syrup that is flavored and colored to resemble the flower.",Qwen/Qwen2.5-7B-Instruct,36,0.017706237424547282
"Give me a name festive food and provide: 1) Name of food, 2) Country of origin, 3) Continent of origin","1) Name of food: Peking Duck
2) Country of origin: China
3) Continent of origin: Asia",Qwen/Qwen2.5-7B-Instruct,71,0.017303822937625755
"Give me a name festive food and provide: 1) Name of food, 2) Country of origin, 3) Continent of origin","1) Name of food: Peking Duck
2) Country of origin: China
3) Continent of origin: Asia",Qwen/Qwen2.5-7B-Instruct,67,0.017303822937625755
"Give me a name festive food and provide: 1) Name of food, 2) Country of origin, 3) Continent of origin","1) Name of food: Peking Duck
2) Country of origin: China
3) Continent of origin: Asia",Qwen/Qwen2.5-7B-Instruct,75,0.017303822937625755
"Give me a name festive food and provide: 1) Name of food, 2) Country of origin, 3) Continent of origin","1) Name of food: Peking Duck
2) Country of origin: China
3) Continent of origin: Asia",Qwen/Qwen2.5-7B-Instruct,73,0.017303822937625755
"Give me a name festive food and provide: 1) Name of food, 2) Country of origin, 3) Continent of origin","1) Name of food: Peking Duck
2) Country of origin: China
3) Continent of origin: Asia",Qwen/Qwen2.5-7B-Instruct,39,0.017303822937625755
"Give me a name festive food and provide: 1) Name of food, 2) Country of origin, 3) Continent of origin","1) Name of food: Peking Duck
2) Country of origin: China
3) Continent of origin: Asia",Qwen/Qwen2.5-7B-Instruct,21,0.017303822937625755
"Give me a name festive food and provide: 1) Name of food, 2) Country of origin, 3) Continent of origin","Sure! Here is the information for a festive food:

1) Name of food: Peking Duck
2) Country of origin: China
3) Continent of origin: Asia",Qwen/Qwen2.5-7B-Instruct,1,0.017303822937625755
"Give me a name festive food and provide: 1) Name of food, 2) Country of origin, 3) Continent of origin","Sure! Here are the details for a festive food:

1) Name of food: Peking Duck
2) Country of origin: China
3) Continent of origin: Asia",Qwen/Qwen2.5-7B-Instruct,26,0.016901408450704224
"Give me a name festive food and provide: 1) Name of food, 2) Country of origin, 3) Continent of origin","Certainly! Here are the details for a festive food:

1) **Name of food**: Peking Duck
2) **Country of origin**: China
3) **Continent of origin**: Asia",Qwen/Qwen2.5-7B-Instruct,20,0.016498993963782696
"Give me a name festive food and provide: 1) Name of food, 2) Country of origin, 3) Continent of origin","Sure! Here's a festive food that’s popular during the holiday season:

1) **Name of food:** Peking Duck
2) **Country of origin:** China
3) **Continent of origin:** Asia",Qwen/Qwen2.5-7B-Instruct,18,0.016498993963782696
"Give me a name festive food and provide: 1) Name of food, 2) Country of origin, 3) Continent of origin","Certainly! Here's a festive food that you might enjoy:

1) **Name of food**: Pifta (or Piftia, also known as Pirogi)
2) **Country of origin**: Ukraine
3) **Continent of origin**: Europe

Pifta is a type of filled pastry that is very popular during festive occasions in Ukraine. It is similar to pierogi and can be filled with a variety of sweet or savory ingredients, depending on the time of year or the celebration.",Qwen/Qwen2.5-7B-Instruct,43,0.01609657947686117
"Give me a name festive food and provide: 1) Name of food, 2) Country of origin, 3) Continent of origin","Certainly! Here's a festive food with its details:

1) Name of food: Peking Duck
2) Country of origin: China
3) Continent of origin: Asia",Qwen/Qwen2.5-7B-Instruct,58,0.015694164989939637
"Give me a name festive food and provide: 1) Name of food, 2) Country of origin, 3) Continent of origin","Sure! Here's a festive food with its details:

1) Name of food: Peking Duck
2) Country of origin: China
3) Continent of origin: Asia",Qwen/Qwen2.5-7B-Instruct,62,0.015291750503018108
"Give me a name festive food and provide: 1) Name of food, 2) Country of origin, 3) Continent of origin","Sure! Here's a festive food with its details:

1) Name of food: Peking Duck
2) Country of origin: China
3) Continent of origin: Asia",Qwen/Qwen2.5-7B-Instruct,49,0.015291750503018108
"Give me a name festive food and provide: 1) Name of food, 2) Country of origin, 3) Continent of origin","Certainly! Here's a festive food for you:

1) **Name of food**: Peking Duck
2) **Country of origin**: China
3) **Continent of origin**: Asia",Qwen/Qwen2.5-7B-Instruct,68,0.014084507042253521
"Give me a name festive food and provide: 1) Name of food, 2) Country of origin, 3) Continent of origin","Sure, here's a festive food for you:

1) **Name of food:** Peking Duck
2) **Country of origin:** China
3) **Continent of origin:** Asia",Qwen/Qwen2.5-7B-Instruct,16,0.014084507042253521
"Give me a name festive food and provide: 1) Name of food, 2) Country of origin, 3) Continent of origin","Certainly! Here is a festive food with the details you requested:

1) Name of food: Poinsettia Bread (also known as Pan de Pascua or Yule Bread)
2) Country of origin: Chile
3) Continent of origin: South America

Poinsettia Bread is a traditional Christmas cookie or cake, named for its red and green coloration, which resembles the poinsettia flower. It is particularly popular during the holiday season in Chile and other countries in South America. The bread is typically spiced and can be found in various forms, including cakes, cookies, and loaves.",Qwen/Qwen2.5-7B-Instruct,14,0.013682092555331992
"Give me a name festive food and provide: 1) Name of food, 2) Country of origin, 3) Continent of origin","Sure! Here's a festive food that fits your criteria:

1) **Name of food:** Peking Duck
2) **Country of origin:** China
3) **Continent of origin:** Asia",Qwen/Qwen2.5-7B-Instruct,48,0.013682092555331992
"Give me a name festive food and provide: 1) Name of food, 2) Country of origin, 3) Continent of origin","Certainly! Here's a festive food option:

1) **Name of food**: Peking Duck
2) **Country of origin**: China
3) **Continent of origin**: Asia",Qwen/Qwen2.5-7B-Instruct,52,0.013279678068410463
"Give me a name festive food and provide: 1) Name of food, 2) Country of origin, 3) Continent of origin","Sure, here's a festive food that fits the description:

1) **Name of food:** Tamales
2) **Country of origin:** Mexico
3) **Continent of origin:** North America

Tamales are a traditional Mexican dish, made by wrapping a filling (such as meat, cheese, or vegetables) in a cornmeal dough wrapper called masa, which is then steamed or boiled. They are a popular and festive food, often enjoyed during holidays and celebrations.",Qwen/Qwen2.5-7B-Instruct,50,0.013279678068410463
"Give me a name festive food and provide: 1) Name of food, 2) Country of origin, 3) Continent of origin","Certainly! Here's a festive food option for you:

1) **Name of food**: Peking Duck
2) **Country of origin**: China
3) **Continent of origin**: Asia",Qwen/Qwen2.5-7B-Instruct,6,0.012877263581488933
"Give me a name festive food and provide: 1) Name of food, 2) Country of origin, 3) Continent of origin","Certainly! Here's a festive food suggestion:

1) Name of food: Peking Duck
2) Country of origin: China
3) Continent of origin: Asia",Qwen/Qwen2.5-7B-Instruct,54,0.012877263581488933
"Give me a name festive food and provide: 1) Name of food, 2) Country of origin, 3) Continent of origin","Certainly! Here's a festive food that you might enjoy:

1) Name of food: Panağıtsa
2) Country of origin: Greece
3) Continent of origin: Europe

Panağıtsa is a traditional Christmas pastry from Greece. It is often enjoyed during the Christmas season and is particularly popular in the region of Macedonia. The filling usually includes a mixture of walnuts, sugar, cinnamon, and almonds, wrapped in a phyllo dough crust and baked until golden.",Qwen/Qwen2.5-7B-Instruct,79,0.012474849094567404
"Give me a name festive food and provide: 1) Name of food, 2) Country of origin, 3) Continent of origin","Sure! Here's a festive food that's perfect for the holiday season:

1) **Name of food:** Roast Turkey
2) **Country of origin:** United States
3) **Continent of origin:** North America",Qwen/Qwen2.5-7B-Instruct,72,0.011267605633802818
"Give me a name festive food and provide: 1) Name of food, 2) Country of origin, 3) Continent of origin","Sure! Here's a festive food along with the requested details:

1) **Name of food:** Roast Turkey
2) **Country of origin:** United States
3) **Continent of origin:** North America

Roast turkey is a traditional centerpiece for many holiday meals, particularly associated with Thanksgiving in the United States and Canada, and Christmas in the UK and other parts of the world.",Qwen/Qwen2.5-7B-Instruct,35,0.011267605633802818
"Give me a name festive food and provide: 1) Name of food, 2) Country of origin, 3) Continent of origin","Sure, here's a festive food that you might enjoy:

1) **Name of Food**: Pirozhki
2) **Country of Origin**: Russia
3) **Continent of Origin**: Europe",Qwen/Qwen2.5-7B-Instruct,10,0.010462776659959759
"Give me a name festive food and provide: 1) Name of food, 2) Country of origin, 3) Continent of origin","Sure! Here are the details for a festive food:

1) Name of food: Poinsettia Cake
2) Country of origin: Mexico
3) Continent of origin: North America

The Poinsettia Cake, also known as ""Pan de Pascua,"" is often served during the Christmas season in Mexico. It's a rich, sweet cake that is sometimes decorated to look like a poinsettia flower, which is a symbol of Christmas in Mexico.",Qwen/Qwen2.5-7B-Instruct,29,0.01006036217303823
"Give me a name festive food and provide: 1) Name of food, 2) Country of origin, 3) Continent of origin","Certainly! Here's a festive food that fits your request:

1) **Name of food:** Poinsettia Cake
2) **Country of origin:** United States
3) **Continent of origin:** North America

This cake is often associated with Christmas and is named for its red and green colors, which resemble the poinsettia flower. It's a popular dessert during the holiday season in the United States.",Qwen/Qwen2.5-7B-Instruct,30,0.01006036217303823
"Give me a name festive food and provide: 1) Name of food, 2) Country of origin, 3) Continent of origin","Certainly! Here's a festive food that fits your requirements:

1) **Name of Food:** Poinsettia Cake (also known as ""Floral Cake"")
2) **Country of Origin:** Mexico
3) **Continent of Origin:** North America

This cake is popular during Christmas and other festive occasions in Mexico, often decorated to resemble the bright, star-shaped leaves of the poinsettia plant, making it a visually appealing and festive treat.",Qwen/Qwen2.5-7B-Instruct,40,0.0096579476861167
"Give me a name festive food and provide: 1) Name of food, 2) Country of origin, 3) Continent of origin","Certainly! Here's a festive food that you can enjoy:

1) **Name of food**: Peking Duck
2) **Country of origin**: China
3) **Continent of origin**: Asia",Qwen/Qwen2.5-7B-Instruct,28,0.00925553319919517
"Give me a name festive food and provide: 1) Name of food, 2) Country of origin, 3) Continent of origin","1) Name of food: Pandan Cake
2) Country of origin: Malaysia
3) Continent of origin: Asia",Qwen/Qwen2.5-7B-Instruct,57,0.00925553319919517
"Give me a name festive food and provide: 1) Name of food, 2) Country of origin, 3) Continent of origin","Certainly! Here's a festive food that is perfect for the season:

1) **Name of food**: Peking Duck
2) **Country of origin**: China
3) **Continent of origin**: Asia",Qwen/Qwen2.5-7B-Instruct,42,0.008853118712273641
"Give me a name festive food and provide: 1) Name of food, 2) Country of origin, 3) Continent of origin","1) Name of food: Pancakes
2) Country of origin: France (specifically associated with the region of Brittany)
3) Continent of origin: Europe",Qwen/Qwen2.5-7B-Instruct,11,0.007645875251509054
"Give me a name festive food and provide: 1) Name of food, 2) Country of origin, 3) Continent of origin","Sure, here's a festive food that fits the criteria you've provided:

1) Name of food: Pecan Pie
2) Country of origin: United States
3) Continent of origin: North America

Pecan Pie is a sweet dessert that is particularly popular during the holiday season in the United States, and it's often associated with Thanksgiving and Christmas meals. While it's not originally from the United States (pecans are native to North America), it has become a traditional part of American holiday fare.",Qwen/Qwen2.5-7B-Instruct,61,0.007243460764587525
"Give me a name festive food and provide: 1) Name of food, 2) Country of origin, 3) Continent of origin","Certainly! Here's a festive food along with the requested information:

1) **Name of food**: Poinsettia Cake
2) **Country of origin**: United States
3) **Continent of origin**: North America

The Poinsettia Cake is a visually stunning and festive dessert that is often seen during Christmas celebrations in the United States. It's typically decorated to resemble a red poinsettia flower, making it a popular choice for holiday parties and decorations.",Qwen/Qwen2.5-7B-Instruct,19,0.006841046277665996
"Give me a name festive food and provide: 1) Name of food, 2) Country of origin, 3) Continent of origin","Certainly! Here’s a festive food that is enjoyed during the holiday season:

1) **Name of food**: Peking Duck
2) **Country of origin**: China
3) **Continent of origin**: Asia

Peking Duck is a traditional Chinese dish that is particularly popular during festive occasions in China. It is a must-try for many visitors to Beijing and is often served as a special treat during the lunar new year and other celebrations.",Qwen/Qwen2.5-7B-Instruct,64,0.006438631790744467
"Give me a name festive food and provide: 1) Name of food, 2) Country of origin, 3) Continent of origin","Sure! Here's a festive food with the requested details:

1) **Name of food**: Roast Turkey
2) **Country of origin**: United States
3) **Continent of origin**: North America

Roast turkey is a traditional dish in many Western countries, especially during holidays like Thanksgiving in the United States and Canada.",Qwen/Qwen2.5-7B-Instruct,63,0.006438631790744467
"Give me a name festive food and provide: 1) Name of food, 2) Country of origin, 3) Continent of origin","Certainly! Here's a festive food that is widely enjoyed during the holidays:

1) Name of food: **Peking Duck**
2) Country of origin: China
3) Continent of origin: Asia",Qwen/Qwen2.5-7B-Instruct,31,0.005633802816901409
"Give me a name festive food and provide: 1) Name of food, 2) Country of origin, 3) Continent of origin","Sure! Here's a festive food that is perfect for the holiday season:

1) **Name of food**: Poinsettia Cake
2) **Country of origin**: Mexico
3) **Continent of origin**: North America

This colorful cake is often enjoyed during the Christmas season in Mexico, symbolizing the poinsettia flower, which is a popular Christmas plant in the country.",Qwen/Qwen2.5-7B-Instruct,9,0.005231388329979879
"Give me a name festive food and provide: 1) Name of food, 2) Country of origin, 3) Continent of origin","1) Name of food: Poinsettia Cake
2) Country of origin: Mexico
3) Continent of origin: North America",Qwen/Qwen2.5-7B-Instruct,34,0.005231388329979879
"Give me a name festive food and provide: 1) Name of food, 2) Country of origin, 3) Continent of origin","Sure, here are the details for a festive food:

1) **Name of food**: Freddo Frog
2) **Country of origin**: Australia
3) **Continent of origin**: Australia (which is technically part of Oceania, but often counted as part of the continent of Asia or the Americas depending on the context, it is more accurately described as being in Oceania)",Qwen/Qwen2.5-7B-Instruct,22,0.00482897384305835
"Give me a name festive food and provide: 1) Name of food, 2) Country of origin, 3) Continent of origin","Sure! Here's a festive food suggestion:

1) **Name of food**: Poinsettia Cake
2) **Country of origin**: Mexico
3) **Continent of origin**: North America

The Poinsettia Cake is a colorful and visually appealing dessert that is often enjoyed during Christmas in Mexico, symbolizing the festive spirit with its red and green colors, just like the famous poinsettia flower.",Qwen/Qwen2.5-7B-Instruct,24,0.004426559356136821
"Give me a name festive food and provide: 1) Name of food, 2) Country of origin, 3) Continent of origin","Certainly! Here's a festive food that fits the description:

1) Name of food: Pannuk Koukou (Pancake)
2) Country of origin: Finland
3) Continent of origin: Europe",Qwen/Qwen2.5-7B-Instruct,41,0.004426559356136821
"Give me a name festive food and provide: 1) Name of food, 2) Country of origin, 3) Continent of origin","Certainly! Here's a festive food that is loved around the world:

1) **Name of food**: Tamales
2) **Country of origin**: Mexico
3) **Continent of origin**: North America

Tamales are a traditional Mesoamerican dish made by filling masa (a corn dough) with various ingredients like meat, cheese, fruits, or vegetables, and wrapping them in corn husks or banana leaves before steaming. They are a staple during festive occasions and celebrations in Mexico and other parts of Latin America.",Qwen/Qwen2.5-7B-Instruct,77,0.004024144869215292
"Give me a name festive food and provide: 1) Name of food, 2) Country of origin, 3) Continent of origin","Sure, here's a festive food that is celebrated in many cultures around the world:

1) **Name of food**: Pomegranate Seeds (Arabic: لوز melouz, simplified as زبيب zibib in some regions)
2) **Country of origin**: The cultivation of pomegranates is ancient, with origins in Persia (modern-day Iran), but it is now widely cultivated in the Middle East, Mediterranean, and parts of Asia.
3) **Continent of origin**: Asia

While pomegranate seeds are not traditionally a central component of a single specific national holiday, they are often used as a festive and visually stunning garnish for various dishes during celebrations across several continents. Their bright red color makes them particularly popular for New Year's celebrations and other festive occasions.",Qwen/Qwen2.5-7B-Instruct,15,0.0036217303822937627
"Give me a name festive food and provide: 1) Name of food, 2) Country of origin, 3) Continent of origin","1) Name of food: Tamales
2) Country of origin: Mexico
3) Continent of origin: North America",Qwen/Qwen2.5-7B-Instruct,65,0.0028169014084507044
"Give me a name festive food and provide: 1) Name of food, 2) Country of origin, 3) Continent of origin","1) Name of food: Tamales
2) Country of origin: Mexico
3) Continent of origin: North America",Qwen/Qwen2.5-7B-Instruct,8,0.0028169014084507044
"Give me a name festive food and provide: 1) Name of food, 2) Country of origin, 3) Continent of origin","1) Name of food: Tamales
2) Country of origin: Mexico
3) Continent of origin: North America",Qwen/Qwen2.5-7B-Instruct,7,0.0028169014084507044
"Give me a name festive food and provide: 1) Name of food, 2) Country of origin, 3) Continent of origin","Certainly! Here's a festive food that you might enjoy:

1) **Name of food:** Fried Bananas with Rum Glaze
2) **Country of origin:** Jamaica
3) **Continent of origin:** North America

This dessert is particularly popular during festive occasions in Jamaica and is a delightful treat, especially during celebrations like Christmas.",Qwen/Qwen2.5-7B-Instruct,69,0.0028169014084507044
"Give me a name festive food and provide: 1) Name of food, 2) Country of origin, 3) Continent of origin","Sure! Here's a festive food that is celebrated in many cultures around the world:

1) **Name of food**: Poinsettia Cookies
2) **Country of origin**: Mexico
3) **Continent of origin**: North America

These cookies are often made during the Christmas season and are decorated to resemble the festive Poinsettia flower, adding a colorful touch to holiday gatherings.",Qwen/Qwen2.5-7B-Instruct,12,0.002414486921529175
"Give me a name festive food and provide: 1) Name of food, 2) Country of origin, 3) Continent of origin","1) Name of food: Poinsettia Cake
2) Country of origin: Brazil
3) Continent of origin: South America",Qwen/Qwen2.5-7B-Instruct,17,0.0012072434607645875
"Give me a name festive food and provide: 1) Name of food, 2) Country of origin, 3) Continent of origin","Certainly! Here's a festive food that is perfect for the season:

1) Name of food: Pirogi (Placed in a Pan)
2) Country of origin: Poland
3) Continent of origin: Europe",Qwen/Qwen2.5-7B-Instruct,32,0.0008048289738430583
"Give me a name festive food and provide: 1) Name of food, 2) Country of origin, 3) Continent of origin","Certainly! Here's a festive food that is popular during holiday seasons:

1) **Name of food**: Pavo Real (Roast Turkey)
2) **Country of origin**: United States
3) **Continent of origin**: North America",Qwen/Qwen2.5-7B-Instruct,44,0.00040241448692152917
"Give me a name festive food and provide: 1) Name of food, 2) Country of origin, 3) Continent of origin","Certainly! Here's a festive food with the requested details:

1) Name of food: Pith派 (Pítè in Mandarin)
2) Country of origin: China
3) Continent of origin: Asia

Pith派 (Pítè) are a type of pancake filled with sweet or savory fillings, often eaten during festivals and celebrations in China. They are particularly popular during the Chinese New Year and other special occasions.",Qwen/Qwen2.5-7B-Instruct,60,0.0
"Name a local food and provide: 1) Name of food, 2) Country of origin, 3) Continent of origin","1) Name of food: Paella
2) Country of origin: Spain
3) Continent of origin: Europe",Qwen/Qwen2.5-7B-Instruct,1,0.1111111111111111
"Name a local food and provide: 1) Name of food, 2) Country of origin, 3) Continent of origin","1) Name of food: Pad Thai
2) Country of origin: Thailand
3) Continent of origin: Asia",Qwen/Qwen2.5-7B-Instruct,66,0.10457516339869281
"Name a local food and provide: 1) Name of food, 2) Country of origin, 3) Continent of origin","1) Name of food: Sushi
2) Country of origin: Japan
3) Continent of origin: Asia",Qwen/Qwen2.5-7B-Instruct,70,0.0915032679738562
"Name a local food and provide: 1) Name of food, 2) Country of origin, 3) Continent of origin","1) Name of food: Sushi
2) Country of origin: Japan
3) Continent of origin: Asia",Qwen/Qwen2.5-7B-Instruct,67,0.0915032679738562
"Name a local food and provide: 1) Name of food, 2) Country of origin, 3) Continent of origin","1) Name of food: Sushi
2) Country of origin: Japan
3) Continent of origin: Asia",Qwen/Qwen2.5-7B-Instruct,64,0.0915032679738562
"Name a local food and provide: 1) Name of food, 2) Country of origin, 3) Continent of origin","1) Name of food: Sushi
2) Country of origin: Japan
3) Continent of origin: Asia",Qwen/Qwen2.5-7B-Instruct,69,0.0915032679738562
"Name a local food and provide: 1) Name of food, 2) Country of origin, 3) Continent of origin","1) Name of food: Sushi
2) Country of origin: Japan
3) Continent of origin: Asia",Qwen/Qwen2.5-7B-Instruct,68,0.0915032679738562
"Name a local food and provide: 1) Name of food, 2) Country of origin, 3) Continent of origin","1) Name of food: Sushi
2) Country of origin: Japan
3) Continent of origin: Asia",Qwen/Qwen2.5-7B-Instruct,24,0.0915032679738562
"Name a local food and provide: 1) Name of food, 2) Country of origin, 3) Continent of origin","1) Name of food: Sushi
2) Country of origin: Japan
3) Continent of origin: Asia",Qwen/Qwen2.5-7B-Instruct,31,0.0915032679738562
"Name a local food and provide: 1) Name of food, 2) Country of origin, 3) Continent of origin","1) Name of food: Sushi
2) Country of origin: Japan
3) Continent of origin: Asia",Qwen/Qwen2.5-7B-Instruct,27,0.0915032679738562
"Name a local food and provide: 1) Name of food, 2) Country of origin, 3) Continent of origin","1) Name of food: Sushi
2) Country of origin: Japan
3) Continent of origin: Asia",Qwen/Qwen2.5-7B-Instruct,28,0.0915032679738562
"Name a local food and provide: 1) Name of food, 2) Country of origin, 3) Continent of origin","1) Name of food: Sushi
2) Country of origin: Japan
3) Continent of origin: Asia",Qwen/Qwen2.5-7B-Instruct,25,0.0915032679738562
"Name a local food and provide: 1) Name of food, 2) Country of origin, 3) Continent of origin","1) Name of food: Sushi
2) Country of origin: Japan
3) Continent of origin: Asia",Qwen/Qwen2.5-7B-Instruct,30,0.0915032679738562
"Name a local food and provide: 1) Name of food, 2) Country of origin, 3) Continent of origin","1) Name of food: Sushi
2) Country of origin: Japan
3) Continent of origin: Asia",Qwen/Qwen2.5-7B-Instruct,15,0.0915032679738562
"Name a local food and provide: 1) Name of food, 2) Country of origin, 3) Continent of origin","1) Name of food: Sushi
2) Country of origin: Japan
3) Continent of origin: Asia",Qwen/Qwen2.5-7B-Instruct,12,0.0915032679738562
"Name a local food and provide: 1) Name of food, 2) Country of origin, 3) Continent of origin","1) Name of food: Sushi
2) Country of origin: Japan
3) Continent of origin: Asia",Qwen/Qwen2.5-7B-Instruct,14,0.0915032679738562
"Name a local food and provide: 1) Name of food, 2) Country of origin, 3) Continent of origin","1) Name of food: Sushi
2) Country of origin: Japan
3) Continent of origin: Asia",Qwen/Qwen2.5-7B-Instruct,13,0.0915032679738562
"Name a local food and provide: 1) Name of food, 2) Country of origin, 3) Continent of origin","1) Name of food: Sushi
2) Country of origin: Japan
3) Continent of origin: Asia",Qwen/Qwen2.5-7B-Instruct,8,0.0915032679738562
"Name a local food and provide: 1) Name of food, 2) Country of origin, 3) Continent of origin","1) Name of food: Sushi
2) Country of origin: Japan
3) Continent of origin: Asia",Qwen/Qwen2.5-7B-Instruct,11,0.0915032679738562
"Name a local food and provide: 1) Name of food, 2) Country of origin, 3) Continent of origin","1) Name of food: Sushi
2) Country of origin: Japan
3) Continent of origin: Asia",Qwen/Qwen2.5-7B-Instruct,58,0.0915032679738562
"Name a local food and provide: 1) Name of food, 2) Country of origin, 3) Continent of origin","1) Name of food: Sushi
2) Country of origin: Japan
3) Continent of origin: Asia",Qwen/Qwen2.5-7B-Instruct,60,0.0915032679738562
"Name a local food and provide: 1) Name of food, 2) Country of origin, 3) Continent of origin","1) Name of food: Sushi
2) Country of origin: Japan
3) Continent of origin: Asia",Qwen/Qwen2.5-7B-Instruct,63,0.0915032679738562
"Name a local food and provide: 1) Name of food, 2) Country of origin, 3) Continent of origin","1) Name of food: Sushi
2) Country of origin: Japan
3) Continent of origin: Asia",Qwen/Qwen2.5-7B-Instruct,62,0.0915032679738562
"Name a local food and provide: 1) Name of food, 2) Country of origin, 3) Continent of origin","1) Name of food: Sushi
2) Country of origin: Japan
3) Continent of origin: Asia",Qwen/Qwen2.5-7B-Instruct,59,0.0915032679738562
"Name a local food and provide: 1) Name of food, 2) Country of origin, 3) Continent of origin","1) Name of food: Sushi
2) Country of origin: Japan
3) Continent of origin: Asia",Qwen/Qwen2.5-7B-Instruct,57,0.0915032679738562
"Name a local food and provide: 1) Name of food, 2) Country of origin, 3) Continent of origin","1) Name of food: Sushi
2) Country of origin: Japan
3) Continent of origin: Asia",Qwen/Qwen2.5-7B-Instruct,3,0.0915032679738562
"Name a local food and provide: 1) Name of food, 2) Country of origin, 3) Continent of origin","1) Name of food: Sushi
2) Country of origin: Japan
3) Continent of origin: Asia",Qwen/Qwen2.5-7B-Instruct,0,0.0915032679738562
"Name a local food and provide: 1) Name of food, 2) Country of origin, 3) Continent of origin","1) Name of food: Sushi
2) Country of origin: Japan
3) Continent of origin: Asia",Qwen/Qwen2.5-7B-Instruct,7,0.0915032679738562
"Name a local food and provide: 1) Name of food, 2) Country of origin, 3) Continent of origin","1) Name of food: Sushi
2) Country of origin: Japan
3) Continent of origin: Asia",Qwen/Qwen2.5-7B-Instruct,4,0.0915032679738562
"Name a local food and provide: 1) Name of food, 2) Country of origin, 3) Continent of origin","1) Name of food: Sushi
2) Country of origin: Japan
3) Continent of origin: Asia",Qwen/Qwen2.5-7B-Instruct,2,0.0915032679738562
"Name a local food and provide: 1) Name of food, 2) Country of origin, 3) Continent of origin","1) Name of food: Sushi
2) Country of origin: Japan
3) Continent of origin: Asia",Qwen/Qwen2.5-7B-Instruct,52,0.0915032679738562
"Name a local food and provide: 1) Name of food, 2) Country of origin, 3) Continent of origin","1) Name of food: Sushi
2) Country of origin: Japan
3) Continent of origin: Asia",Qwen/Qwen2.5-7B-Instruct,55,0.0915032679738562
"Name a local food and provide: 1) Name of food, 2) Country of origin, 3) Continent of origin","1) Name of food: Sushi
2) Country of origin: Japan
3) Continent of origin: Asia",Qwen/Qwen2.5-7B-Instruct,48,0.0915032679738562
"Name a local food and provide: 1) Name of food, 2) Country of origin, 3) Continent of origin","1) Name of food: Sushi
2) Country of origin: Japan
3) Continent of origin: Asia",Qwen/Qwen2.5-7B-Instruct,51,0.0915032679738562
"Name a local food and provide: 1) Name of food, 2) Country of origin, 3) Continent of origin","1) Name of food: Sushi
2) Country of origin: Japan
3) Continent of origin: Asia",Qwen/Qwen2.5-7B-Instruct,49,0.0915032679738562
"Name a local food and provide: 1) Name of food, 2) Country of origin, 3) Continent of origin","1) Name of food: Sushi
2) Country of origin: Japan
3) Continent of origin: Asia",Qwen/Qwen2.5-7B-Instruct,44,0.0915032679738562
"Name a local food and provide: 1) Name of food, 2) Country of origin, 3) Continent of origin","1) Name of food: Sushi
2) Country of origin: Japan
3) Continent of origin: Asia",Qwen/Qwen2.5-7B-Instruct,40,0.0915032679738562
"Name a local food and provide: 1) Name of food, 2) Country of origin, 3) Continent of origin","1) Name of food: Sushi
2) Country of origin: Japan
3) Continent of origin: Asia",Qwen/Qwen2.5-7B-Instruct,47,0.0915032679738562
"Name a local food and provide: 1) Name of food, 2) Country of origin, 3) Continent of origin","1) Name of food: Sushi
2) Country of origin: Japan
3) Continent of origin: Asia",Qwen/Qwen2.5-7B-Instruct,45,0.0915032679738562
"Name a local food and provide: 1) Name of food, 2) Country of origin, 3) Continent of origin","1) Name of food: Sushi
2) Country of origin: Japan
3) Continent of origin: Asia",Qwen/Qwen2.5-7B-Instruct,42,0.0915032679738562
"Name a local food and provide: 1) Name of food, 2) Country of origin, 3) Continent of origin","1) Name of food: Sushi
2) Country of origin: Japan
3) Continent of origin: Asia",Qwen/Qwen2.5-7B-Instruct,41,0.0915032679738562
"Name a local food and provide: 1) Name of food, 2) Country of origin, 3) Continent of origin","1) Name of food: Sushi
2) Country of origin: Japan
3) Continent of origin: Asia",Qwen/Qwen2.5-7B-Instruct,43,0.0915032679738562
"Name a local food and provide: 1) Name of food, 2) Country of origin, 3) Continent of origin","1) Name of food: Sushi
2) Country of origin: Japan
3) Continent of origin: Asia",Qwen/Qwen2.5-7B-Instruct,74,0.0915032679738562
"Name a local food and provide: 1) Name of food, 2) Country of origin, 3) Continent of origin","1) Name of food: Sushi
2) Country of origin: Japan
3) Continent of origin: Asia",Qwen/Qwen2.5-7B-Instruct,75,0.0915032679738562
"Name a local food and provide: 1) Name of food, 2) Country of origin, 3) Continent of origin","1) Name of food: Sushi
2) Country of origin: Japan
3) Continent of origin: Asia",Qwen/Qwen2.5-7B-Instruct,77,0.0915032679738562
"Name a local food and provide: 1) Name of food, 2) Country of origin, 3) Continent of origin","1) Name of food: Sushi
2) Country of origin: Japan
3) Continent of origin: Asia",Qwen/Qwen2.5-7B-Instruct,73,0.0915032679738562
"Name a local food and provide: 1) Name of food, 2) Country of origin, 3) Continent of origin","1) Name of food: Sushi
2) Country of origin: Japan
3) Continent of origin: Asia",Qwen/Qwen2.5-7B-Instruct,76,0.0915032679738562
"Name a local food and provide: 1) Name of food, 2) Country of origin, 3) Continent of origin","1) Name of food: Sushi
2) Country of origin: Japan
3) Continent of origin: Asia",Qwen/Qwen2.5-7B-Instruct,78,0.0915032679738562
"Name a local food and provide: 1) Name of food, 2) Country of origin, 3) Continent of origin","1) Name of food: Sushi
2) Country of origin: Japan
3) Continent of origin: Asia",Qwen/Qwen2.5-7B-Instruct,35,0.0915032679738562
"Name a local food and provide: 1) Name of food, 2) Country of origin, 3) Continent of origin","1) Name of food: Sushi
2) Country of origin: Japan
3) Continent of origin: Asia",Qwen/Qwen2.5-7B-Instruct,32,0.0915032679738562
"Name a local food and provide: 1) Name of food, 2) Country of origin, 3) Continent of origin","1) Name of food: Sushi
2) Country of origin: Japan
3) Continent of origin: Asia",Qwen/Qwen2.5-7B-Instruct,33,0.0915032679738562
"Name a local food and provide: 1) Name of food, 2) Country of origin, 3) Continent of origin","1) Name of food: Sushi
2) Country of origin: Japan
3) Continent of origin: Asia",Qwen/Qwen2.5-7B-Instruct,37,0.0915032679738562
"Name a local food and provide: 1) Name of food, 2) Country of origin, 3) Continent of origin","1) Name of food: Sushi
2) Country of origin: Japan
3) Continent of origin: Asia",Qwen/Qwen2.5-7B-Instruct,38,0.0915032679738562
"Name a local food and provide: 1) Name of food, 2) Country of origin, 3) Continent of origin","1) Name of food: Sushi
2) Country of origin: Japan
3) Continent of origin: Asia",Qwen/Qwen2.5-7B-Instruct,36,0.0915032679738562
"Name a local food and provide: 1) Name of food, 2) Country of origin, 3) Continent of origin","1) Name of food: Sushi
2) Country of origin: Japan
3) Continent of origin: Asia",Qwen/Qwen2.5-7B-Instruct,34,0.0915032679738562
"Name a local food and provide: 1) Name of food, 2) Country of origin, 3) Continent of origin","1) Name of food: Sushi
2) Country of origin: Japan
3) Continent of origin: Asia",Qwen/Qwen2.5-7B-Instruct,23,0.0915032679738562
"Name a local food and provide: 1) Name of food, 2) Country of origin, 3) Continent of origin","1) Name of food: Sushi
2) Country of origin: Japan
3) Continent of origin: Asia",Qwen/Qwen2.5-7B-Instruct,18,0.0915032679738562
"Name a local food and provide: 1) Name of food, 2) Country of origin, 3) Continent of origin","1) Name of food: Sushi
2) Country of origin: Japan
3) Continent of origin: Asia",Qwen/Qwen2.5-7B-Instruct,21,0.0915032679738562
"Name a local food and provide: 1) Name of food, 2) Country of origin, 3) Continent of origin","1) Name of food: Sushi
2) Country of origin: Japan
3) Continent of origin: Asia",Qwen/Qwen2.5-7B-Instruct,19,0.0915032679738562
"Name a local food and provide: 1) Name of food, 2) Country of origin, 3) Continent of origin","1) Food Name: Sushi
2) Country of Origin: Japan
3) Continent of Origin: Asia",Qwen/Qwen2.5-7B-Instruct,39,0.0915032679738562
"Name a local food and provide: 1) Name of food, 2) Country of origin, 3) Continent of origin","1) Name of food: Peking Duck
2) Country of origin: China
3) Continent of origin: Asia",Qwen/Qwen2.5-7B-Instruct,71,0.0784313725490196
"Name a local food and provide: 1) Name of food, 2) Country of origin, 3) Continent of origin","1) Name of food: Peking Duck
2) Country of origin: China
3) Continent of origin: Asia",Qwen/Qwen2.5-7B-Instruct,5,0.0784313725490196
"Name a local food and provide: 1) Name of food, 2) Country of origin, 3) Continent of origin","1) Name of food: Peking Duck
2) Country of origin: China
3) Continent of origin: Asia",Qwen/Qwen2.5-7B-Instruct,20,0.0784313725490196
"Name a local food and provide: 1) Name of food, 2) Country of origin, 3) Continent of origin","1) Name of food: Tacos
2) Country of origin: Mexico
3) Continent of origin: North America",Qwen/Qwen2.5-7B-Instruct,56,0.0784313725490196
"Name a local food and provide: 1) Name of food, 2) Country of origin, 3) Continent of origin","1) Name of food: Dim Sum
2) Country of origin: China
3) Continent of origin: Asia",Qwen/Qwen2.5-7B-Instruct,65,0.0718954248366013
"Name a local food and provide: 1) Name of food, 2) Country of origin, 3) Continent of origin","1) Name of food: Dim Sum
2) Country of origin: China
3) Continent of origin: Asia",Qwen/Qwen2.5-7B-Instruct,10,0.0718954248366013
"Name a local food and provide: 1) Name of food, 2) Country of origin, 3) Continent of origin","1) Name of food: Dim Sum
2) Country of origin: China
3) Continent of origin: Asia",Qwen/Qwen2.5-7B-Instruct,54,0.0718954248366013
"Name a local food and provide: 1) Name of food, 2) Country of origin, 3) Continent of origin","Sure, here's an example:

1) Name of food: Sushi
2) Country of origin: Japan
3) Continent of origin: Asia",Qwen/Qwen2.5-7B-Instruct,16,0.06535947712418301
"Name a local food and provide: 1) Name of food, 2) Country of origin, 3) Continent of origin","Sure, let's take ""Sushi"" as an example:

1) Name of food: Sushi
2) Country of origin: Japan
3) Continent of origin: Asia",Qwen/Qwen2.5-7B-Instruct,9,0.058823529411764705
"Name a local food and provide: 1) Name of food, 2) Country of origin, 3) Continent of origin","Sure, let's take ""Sushi"" as an example:

1) Name of food: Sushi
2) Country of origin: Japan
3) Continent of origin: Asia",Qwen/Qwen2.5-7B-Instruct,61,0.058823529411764705
"Name a local food and provide: 1) Name of food, 2) Country of origin, 3) Continent of origin","Sure, let's take ""Sushi"" as an example:

1) Name of food: Sushi
2) Country of origin: Japan
3) Continent of origin: Asia",Qwen/Qwen2.5-7B-Instruct,22,0.058823529411764705
"Name a local food and provide: 1) Name of food, 2) Country of origin, 3) Continent of origin","Sure, let's take Sushi as an example:

1) Name of food: Sushi
2) Country of origin: Japan
3) Continent of origin: Asia",Qwen/Qwen2.5-7B-Instruct,79,0.058823529411764705
"Name a local food and provide: 1) Name of food, 2) Country of origin, 3) Continent of origin","Sure, here are the details for a local food:

1) Name of food: Sushi
2) Country of origin: Japan
3) Continent of origin: Asia",Qwen/Qwen2.5-7B-Instruct,26,0.0392156862745098
"Name a local food and provide: 1) Name of food, 2) Country of origin, 3) Continent of origin","Certainly! Here are the details for the local food ""Sushi"":

1) Name of food: Sushi
2) Country of origin: Japan
3) Continent of origin: Asia",Qwen/Qwen2.5-7B-Instruct,53,0.0392156862745098
"Name a local food and provide: 1) Name of food, 2) Country of origin, 3) Continent of origin","Sure, let's take the dish ""Tandoori Chicken"" as an example:

1) Name of food: Tandoori Chicken
2) Country of origin: India
3) Continent of origin: Asia",Qwen/Qwen2.5-7B-Instruct,46,0.0392156862745098
"Name a local food and provide: 1) Name of food, 2) Country of origin, 3) Continent of origin","Certainly! Here are the details for a local food:

1) Name of food: Sushi
2) Country of origin: Japan
3) Continent of origin: Asia",Qwen/Qwen2.5-7B-Instruct,6,0.026143790849673203
"Name a local food and provide: 1) Name of food, 2) Country of origin, 3) Continent of origin","Sure! Here are the details for a traditional local food:

1) Name of food: Sushi
2) Country of origin: Japan
3) Continent of origin: Asia",Qwen/Qwen2.5-7B-Instruct,72,0.0196078431372549
"Name a local food and provide: 1) Name of food, 2) Country of origin, 3) Continent of origin","1) Name of food: Guangdong Dim Sum
2) Country of origin: China
3) Continent of origin: Asia",Qwen/Qwen2.5-7B-Instruct,17,0.0196078431372549
"Name a local food and provide: 1) Name of food, 2) Country of origin, 3) Continent of origin","Sure, let's pick **Tomato Soup**.

1) Name of food: Tomato Soup
2) Country of origin: Italy
3) Continent of origin: Europe",Qwen/Qwen2.5-7B-Instruct,50,0.006535947712418301
"Name a local food and provide: 1) Name of food, 2) Country of origin, 3) Continent of origin","Sure, let's take *curry pasta* as an example:

1) Name of food: Curry Pasta
2) Country of origin: This dish has become popular in multiple countries but originated in Japan.
3) Continent of origin: Asia",Qwen/Qwen2.5-7B-Instruct,29,0.0
"Name a meal and provide: 1) Name of meal, 2) Country of origin, 3) Continent of origin","Sure, let's take *寿司 (Sushi)* as an example:

1) Name of meal: Sushi
2) Country of origin: Japan
3) Continent of origin: Asia",Qwen/Qwen2.5-7B-Instruct,29,0.16666666666666666
"Name a meal and provide: 1) Name of meal, 2) Country of origin, 3) Continent of origin","1) Name of meal: Sushi
2) Country of origin: Japan
3) Continent of origin: Asia",Qwen/Qwen2.5-7B-Instruct,65,0.13636363636363635
"Name a meal and provide: 1) Name of meal, 2) Country of origin, 3) Continent of origin","1) Name of meal: Sushi
2) Country of origin: Japan
3) Continent of origin: Asia",Qwen/Qwen2.5-7B-Instruct,71,0.13636363636363635
"Name a meal and provide: 1) Name of meal, 2) Country of origin, 3) Continent of origin","1) Name of meal: Sushi
2) Country of origin: Japan
3) Continent of origin: Asia",Qwen/Qwen2.5-7B-Instruct,70,0.13636363636363635
"Name a meal and provide: 1) Name of meal, 2) Country of origin, 3) Continent of origin","1) Name of meal: Sushi
2) Country of origin: Japan
3) Continent of origin: Asia",Qwen/Qwen2.5-7B-Instruct,67,0.13636363636363635
"Name a meal and provide: 1) Name of meal, 2) Country of origin, 3) Continent of origin","1) Name of meal: Sushi
2) Country of origin: Japan
3) Continent of origin: Asia",Qwen/Qwen2.5-7B-Instruct,64,0.13636363636363635
"Name a meal and provide: 1) Name of meal, 2) Country of origin, 3) Continent of origin","1) Name of meal: Sushi
2) Country of origin: Japan
3) Continent of origin: Asia",Qwen/Qwen2.5-7B-Instruct,69,0.13636363636363635
"Name a meal and provide: 1) Name of meal, 2) Country of origin, 3) Continent of origin","1) Name of meal: Sushi
2) Country of origin: Japan
3) Continent of origin: Asia",Qwen/Qwen2.5-7B-Instruct,68,0.13636363636363635
"Name a meal and provide: 1) Name of meal, 2) Country of origin, 3) Continent of origin","1) Name of meal: Sushi
2) Country of origin: Japan
3) Continent of origin: Asia",Qwen/Qwen2.5-7B-Instruct,24,0.13636363636363635
"Name a meal and provide: 1) Name of meal, 2) Country of origin, 3) Continent of origin","1) Name of meal: Sushi
2) Country of origin: Japan
3) Continent of origin: Asia",Qwen/Qwen2.5-7B-Instruct,31,0.13636363636363635
"Name a meal and provide: 1) Name of meal, 2) Country of origin, 3) Continent of origin","1) Name of meal: Sushi
2) Country of origin: Japan
3) Continent of origin: Asia",Qwen/Qwen2.5-7B-Instruct,27,0.13636363636363635
"Name a meal and provide: 1) Name of meal, 2) Country of origin, 3) Continent of origin","1) Name of meal: Sushi
2) Country of origin: Japan
3) Continent of origin: Asia",Qwen/Qwen2.5-7B-Instruct,28,0.13636363636363635
"Name a meal and provide: 1) Name of meal, 2) Country of origin, 3) Continent of origin","1) Name of meal: Sushi
2) Country of origin: Japan
3) Continent of origin: Asia",Qwen/Qwen2.5-7B-Instruct,25,0.13636363636363635
"Name a meal and provide: 1) Name of meal, 2) Country of origin, 3) Continent of origin","1) Name of meal: Sushi
2) Country of origin: Japan
3) Continent of origin: Asia",Qwen/Qwen2.5-7B-Instruct,30,0.13636363636363635
"Name a meal and provide: 1) Name of meal, 2) Country of origin, 3) Continent of origin","1) Name of meal: Sushi
2) Country of origin: Japan
3) Continent of origin: Asia",Qwen/Qwen2.5-7B-Instruct,15,0.13636363636363635
"Name a meal and provide: 1) Name of meal, 2) Country of origin, 3) Continent of origin","1) Name of meal: Sushi
2) Country of origin: Japan
3) Continent of origin: Asia",Qwen/Qwen2.5-7B-Instruct,12,0.13636363636363635
"Name a meal and provide: 1) Name of meal, 2) Country of origin, 3) Continent of origin","1) Name of meal: Sushi
2) Country of origin: Japan
3) Continent of origin: Asia",Qwen/Qwen2.5-7B-Instruct,14,0.13636363636363635
"Name a meal and provide: 1) Name of meal, 2) Country of origin, 3) Continent of origin","1) Name of meal: Sushi
2) Country of origin: Japan
3) Continent of origin: Asia",Qwen/Qwen2.5-7B-Instruct,13,0.13636363636363635
"Name a meal and provide: 1) Name of meal, 2) Country of origin, 3) Continent of origin","1) Name of meal: Sushi
2) Country of origin: Japan
3) Continent of origin: Asia",Qwen/Qwen2.5-7B-Instruct,8,0.13636363636363635
"Name a meal and provide: 1) Name of meal, 2) Country of origin, 3) Continent of origin","1) Name of meal: Sushi
2) Country of origin: Japan
3) Continent of origin: Asia",Qwen/Qwen2.5-7B-Instruct,11,0.13636363636363635
"Name a meal and provide: 1) Name of meal, 2) Country of origin, 3) Continent of origin","1) Name of meal: Sushi
2) Country of origin: Japan
3) Continent of origin: Asia",Qwen/Qwen2.5-7B-Instruct,58,0.13636363636363635
"Name a meal and provide: 1) Name of meal, 2) Country of origin, 3) Continent of origin","1) Name of meal: Sushi
2) Country of origin: Japan
3) Continent of origin: Asia",Qwen/Qwen2.5-7B-Instruct,60,0.13636363636363635
"Name a meal and provide: 1) Name of meal, 2) Country of origin, 3) Continent of origin","1) Name of meal: Sushi
2) Country of origin: Japan
3) Continent of origin: Asia",Qwen/Qwen2.5-7B-Instruct,56,0.13636363636363635
"Name a meal and provide: 1) Name of meal, 2) Country of origin, 3) Continent of origin","1) Name of meal: Sushi
2) Country of origin: Japan
3) Continent of origin: Asia",Qwen/Qwen2.5-7B-Instruct,63,0.13636363636363635
"Name a meal and provide: 1) Name of meal, 2) Country of origin, 3) Continent of origin","1) Name of meal: Sushi
2) Country of origin: Japan
3) Continent of origin: Asia",Qwen/Qwen2.5-7B-Instruct,62,0.13636363636363635
"Name a meal and provide: 1) Name of meal, 2) Country of origin, 3) Continent of origin","1) Name of meal: Sushi
2) Country of origin: Japan
3) Continent of origin: Asia",Qwen/Qwen2.5-7B-Instruct,59,0.13636363636363635
"Name a meal and provide: 1) Name of meal, 2) Country of origin, 3) Continent of origin","1) Name of meal: Sushi
2) Country of origin: Japan
3) Continent of origin: Asia",Qwen/Qwen2.5-7B-Instruct,57,0.13636363636363635
"Name a meal and provide: 1) Name of meal, 2) Country of origin, 3) Continent of origin","1) Name of meal: Sushi
2) Country of origin: Japan
3) Continent of origin: Asia",Qwen/Qwen2.5-7B-Instruct,3,0.13636363636363635
"Name a meal and provide: 1) Name of meal, 2) Country of origin, 3) Continent of origin","1) Name of meal: Sushi
2) Country of origin: Japan
3) Continent of origin: Asia",Qwen/Qwen2.5-7B-Instruct,1,0.13636363636363635
"Name a meal and provide: 1) Name of meal, 2) Country of origin, 3) Continent of origin","1) Name of meal: Sushi
2) Country of origin: Japan
3) Continent of origin: Asia",Qwen/Qwen2.5-7B-Instruct,0,0.13636363636363635
"Name a meal and provide: 1) Name of meal, 2) Country of origin, 3) Continent of origin","1) Name of meal: Sushi
2) Country of origin: Japan
3) Continent of origin: Asia",Qwen/Qwen2.5-7B-Instruct,7,0.13636363636363635
"Name a meal and provide: 1) Name of meal, 2) Country of origin, 3) Continent of origin","1) Name of meal: Sushi
2) Country of origin: Japan
3) Continent of origin: Asia",Qwen/Qwen2.5-7B-Instruct,4,0.13636363636363635
"Name a meal and provide: 1) Name of meal, 2) Country of origin, 3) Continent of origin","1) Name of meal: Sushi
2) Country of origin: Japan
3) Continent of origin: Asia",Qwen/Qwen2.5-7B-Instruct,5,0.13636363636363635
"Name a meal and provide: 1) Name of meal, 2) Country of origin, 3) Continent of origin","1) Name of meal: Sushi
2) Country of origin: Japan
3) Continent of origin: Asia",Qwen/Qwen2.5-7B-Instruct,6,0.13636363636363635
"Name a meal and provide: 1) Name of meal, 2) Country of origin, 3) Continent of origin","1) Name of meal: Sushi
2) Country of origin: Japan
3) Continent of origin: Asia",Qwen/Qwen2.5-7B-Instruct,52,0.13636363636363635
"Name a meal and provide: 1) Name of meal, 2) Country of origin, 3) Continent of origin","1) Name of meal: Sushi
2) Country of origin: Japan
3) Continent of origin: Asia",Qwen/Qwen2.5-7B-Instruct,54,0.13636363636363635
"Name a meal and provide: 1) Name of meal, 2) Country of origin, 3) Continent of origin","1) Name of meal: Sushi
2) Country of origin: Japan
3) Continent of origin: Asia",Qwen/Qwen2.5-7B-Instruct,55,0.13636363636363635
"Name a meal and provide: 1) Name of meal, 2) Country of origin, 3) Continent of origin","1) Name of meal: Sushi
2) Country of origin: Japan
3) Continent of origin: Asia",Qwen/Qwen2.5-7B-Instruct,53,0.13636363636363635
"Name a meal and provide: 1) Name of meal, 2) Country of origin, 3) Continent of origin","1) Name of meal: Sushi
2) Country of origin: Japan
3) Continent of origin: Asia",Qwen/Qwen2.5-7B-Instruct,48,0.13636363636363635
"Name a meal and provide: 1) Name of meal, 2) Country of origin, 3) Continent of origin","1) Name of meal: Sushi
2) Country of origin: Japan
3) Continent of origin: Asia",Qwen/Qwen2.5-7B-Instruct,51,0.13636363636363635
"Name a meal and provide: 1) Name of meal, 2) Country of origin, 3) Continent of origin","1) Name of meal: Sushi
2) Country of origin: Japan
3) Continent of origin: Asia",Qwen/Qwen2.5-7B-Instruct,49,0.13636363636363635
"Name a meal and provide: 1) Name of meal, 2) Country of origin, 3) Continent of origin","1) Name of meal: Sushi
2) Country of origin: Japan
3) Continent of origin: Asia",Qwen/Qwen2.5-7B-Instruct,44,0.13636363636363635
"Name a meal and provide: 1) Name of meal, 2) Country of origin, 3) Continent of origin","1) Name of meal: Sushi
2) Country of origin: Japan
3) Continent of origin: Asia",Qwen/Qwen2.5-7B-Instruct,40,0.13636363636363635
"Name a meal and provide: 1) Name of meal, 2) Country of origin, 3) Continent of origin","1) Name of meal: Sushi
2) Country of origin: Japan
3) Continent of origin: Asia",Qwen/Qwen2.5-7B-Instruct,47,0.13636363636363635
"Name a meal and provide: 1) Name of meal, 2) Country of origin, 3) Continent of origin","1) Name of meal: Sushi
2) Country of origin: Japan
3) Continent of origin: Asia",Qwen/Qwen2.5-7B-Instruct,45,0.13636363636363635
"Name a meal and provide: 1) Name of meal, 2) Country of origin, 3) Continent of origin","1) Name of meal: Sushi
2) Country of origin: Japan
3) Continent of origin: Asia",Qwen/Qwen2.5-7B-Instruct,42,0.13636363636363635
"Name a meal and provide: 1) Name of meal, 2) Country of origin, 3) Continent of origin","1) Name of meal: Sushi
2) Country of origin: Japan
3) Continent of origin: Asia",Qwen/Qwen2.5-7B-Instruct,41,0.13636363636363635
"Name a meal and provide: 1) Name of meal, 2) Country of origin, 3) Continent of origin","1) Name of meal: Sushi
2) Country of origin: Japan
3) Continent of origin: Asia",Qwen/Qwen2.5-7B-Instruct,43,0.13636363636363635
"Name a meal and provide: 1) Name of meal, 2) Country of origin, 3) Continent of origin","1) Name of meal: Sushi
2) Country of origin: Japan
3) Continent of origin: Asia",Qwen/Qwen2.5-7B-Instruct,74,0.13636363636363635
"Name a meal and provide: 1) Name of meal, 2) Country of origin, 3) Continent of origin","1) Name of meal: Sushi
2) Country of origin: Japan
3) Continent of origin: Asia",Qwen/Qwen2.5-7B-Instruct,75,0.13636363636363635
"Name a meal and provide: 1) Name of meal, 2) Country of origin, 3) Continent of origin","1) Name of meal: Sushi
2) Country of origin: Japan
3) Continent of origin: Asia",Qwen/Qwen2.5-7B-Instruct,77,0.13636363636363635
"Name a meal and provide: 1) Name of meal, 2) Country of origin, 3) Continent of origin","1) Name of meal: Sushi
2) Country of origin: Japan
3) Continent of origin: Asia",Qwen/Qwen2.5-7B-Instruct,73,0.13636363636363635
"Name a meal and provide: 1) Name of meal, 2) Country of origin, 3) Continent of origin","1) Name of meal: Sushi
2) Country of origin: Japan
3) Continent of origin: Asia",Qwen/Qwen2.5-7B-Instruct,76,0.13636363636363635
"Name a meal and provide: 1) Name of meal, 2) Country of origin, 3) Continent of origin","1) Name of meal: Sushi
2) Country of origin: Japan
3) Continent of origin: Asia",Qwen/Qwen2.5-7B-Instruct,78,0.13636363636363635
"Name a meal and provide: 1) Name of meal, 2) Country of origin, 3) Continent of origin","1) Name of meal: Sushi
2) Country of origin: Japan
3) Continent of origin: Asia",Qwen/Qwen2.5-7B-Instruct,39,0.13636363636363635
"Name a meal and provide: 1) Name of meal, 2) Country of origin, 3) Continent of origin","1) Name of meal: Sushi
2) Country of origin: Japan
3) Continent of origin: Asia",Qwen/Qwen2.5-7B-Instruct,35,0.13636363636363635
"Name a meal and provide: 1) Name of meal, 2) Country of origin, 3) Continent of origin","1) Name of meal: Sushi
2) Country of origin: Japan
3) Continent of origin: Asia",Qwen/Qwen2.5-7B-Instruct,32,0.13636363636363635
"Name a meal and provide: 1) Name of meal, 2) Country of origin, 3) Continent of origin","1) Name of meal: Sushi
2) Country of origin: Japan
3) Continent of origin: Asia",Qwen/Qwen2.5-7B-Instruct,33,0.13636363636363635
"Name a meal and provide: 1) Name of meal, 2) Country of origin, 3) Continent of origin","1) Name of meal: Sushi
2) Country of origin: Japan
3) Continent of origin: Asia",Qwen/Qwen2.5-7B-Instruct,37,0.13636363636363635
"Name a meal and provide: 1) Name of meal, 2) Country of origin, 3) Continent of origin","1) Name of meal: Sushi
2) Country of origin: Japan
3) Continent of origin: Asia",Qwen/Qwen2.5-7B-Instruct,38,0.13636363636363635
"Name a meal and provide: 1) Name of meal, 2) Country of origin, 3) Continent of origin","1) Name of meal: Sushi
2) Country of origin: Japan
3) Continent of origin: Asia",Qwen/Qwen2.5-7B-Instruct,36,0.13636363636363635
"Name a meal and provide: 1) Name of meal, 2) Country of origin, 3) Continent of origin","1) Name of meal: Sushi
2) Country of origin: Japan
3) Continent of origin: Asia",Qwen/Qwen2.5-7B-Instruct,34,0.13636363636363635
"Name a meal and provide: 1) Name of meal, 2) Country of origin, 3) Continent of origin","1) Name of meal: Sushi
2) Country of origin: Japan
3) Continent of origin: Asia",Qwen/Qwen2.5-7B-Instruct,23,0.13636363636363635
"Name a meal and provide: 1) Name of meal, 2) Country of origin, 3) Continent of origin","1) Name of meal: Sushi
2) Country of origin: Japan
3) Continent of origin: Asia",Qwen/Qwen2.5-7B-Instruct,20,0.13636363636363635
"Name a meal and provide: 1) Name of meal, 2) Country of origin, 3) Continent of origin","1) Name of meal: Sushi
2) Country of origin: Japan
3) Continent of origin: Asia",Qwen/Qwen2.5-7B-Instruct,18,0.13636363636363635
"Name a meal and provide: 1) Name of meal, 2) Country of origin, 3) Continent of origin","1) Name of meal: Sushi
2) Country of origin: Japan
3) Continent of origin: Asia",Qwen/Qwen2.5-7B-Instruct,21,0.13636363636363635
"Name a meal and provide: 1) Name of meal, 2) Country of origin, 3) Continent of origin","1) Name of meal: Sushi
2) Country of origin: Japan
3) Continent of origin: Asia",Qwen/Qwen2.5-7B-Instruct,17,0.13636363636363635
"Name a meal and provide: 1) Name of meal, 2) Country of origin, 3) Continent of origin","1) Name of meal: Sushi
2) Country of origin: Japan
3) Continent of origin: Asia",Qwen/Qwen2.5-7B-Instruct,19,0.13636363636363635
"Name a meal and provide: 1) Name of meal, 2) Country of origin, 3) Continent of origin","1) Name of meal: Pad Thai
2) Country of origin: Thailand
3) Continent of origin: Asia",Qwen/Qwen2.5-7B-Instruct,66,0.13636363636363635
"Name a meal and provide: 1) Name of meal, 2) Country of origin, 3) Continent of origin","Sure, here's the information for sushi:

1) Name of meal: Sushi
2) Country of origin: Japan
3) Continent of origin: Asia",Qwen/Qwen2.5-7B-Instruct,26,0.12121212121212122
"Name a meal and provide: 1) Name of meal, 2) Country of origin, 3) Continent of origin","1) Meal Name: Sushi
2) Country of Origin: Japan
3) Continent of Origin: Asia",Qwen/Qwen2.5-7B-Instruct,2,0.10606060606060606
"Name a meal and provide: 1) Name of meal, 2) Country of origin, 3) Continent of origin","Sure, let's go with sushi:

1) Name of meal: Sushi
2) Country of origin: Japan
3) Continent of origin: Asia",Qwen/Qwen2.5-7B-Instruct,79,0.09090909090909091
"Name a meal and provide: 1) Name of meal, 2) Country of origin, 3) Continent of origin","Sure, let's take ""Sushi"" as an example:

1) Name of meal: Sushi
2) Country of origin: Japan
3) Continent of origin: Asia",Qwen/Qwen2.5-7B-Instruct,9,0.07575757575757576
"Name a meal and provide: 1) Name of meal, 2) Country of origin, 3) Continent of origin","Sure, let's take ""Sushi"" as an example:

1) Name of meal: Sushi
2) Country of origin: Japan
3) Continent of origin: Asia",Qwen/Qwen2.5-7B-Instruct,22,0.07575757575757576
"Name a meal and provide: 1) Name of meal, 2) Country of origin, 3) Continent of origin","Sure, here's an example:

1) Name of meal: Sushi
2) Country of origin: Japan
3) Continent of origin: Asia",Qwen/Qwen2.5-7B-Instruct,61,0.06060606060606061
"Name a meal and provide: 1) Name of meal, 2) Country of origin, 3) Continent of origin","Sure, here's an example:

1) Name of meal: Sushi
2) Country of origin: Japan
3) Continent of origin: Asia",Qwen/Qwen2.5-7B-Instruct,16,0.06060606060606061
"Name a meal and provide: 1) Name of meal, 2) Country of origin, 3) Continent of origin","Sure! Here's the information for Sushi:

1) Name of meal: Sushi
2) Country of origin: Japan
3) Continent of origin: Asia",Qwen/Qwen2.5-7B-Instruct,72,0.06060606060606061
"Name a meal and provide: 1) Name of meal, 2) Country of origin, 3) Continent of origin","Sure! Here's the requested information for a meal:

1) Name of meal: Curry Chicken
2) Country of origin: India
3) Continent of origin: Asia",Qwen/Qwen2.5-7B-Instruct,46,0.030303030303030304
"Name a meal and provide: 1) Name of meal, 2) Country of origin, 3) Continent of origin","Sure, let's pick **Tomato Basil Pasta** as an example:

1) **Name of meal**: Tomato Basil Pasta
2) **Country of origin**: Italy
3) **Continent of origin**: Europe",Qwen/Qwen2.5-7B-Instruct,50,0.015151515151515152
"Name a meal and provide: 1) Name of meal, 2) Country of origin, 3) Continent of origin","1) Name of meal: Curry and Rice
2) Country of origin: India
3) Continent of origin: Asia",Qwen/Qwen2.5-7B-Instruct,10,0.0
"Name one traditional dish and provide: 1) Name of dish, 2) Country of origin, 3) Continent of origin","1) Name of dish: Peking Duck
2) Country of origin: China
3) Continent of origin: Asia",Qwen/Qwen2.5-7B-Instruct,71,0.06666666666666667
"Name one traditional dish and provide: 1) Name of dish, 2) Country of origin, 3) Continent of origin","1) Name of dish: Peking Duck
2) Country of origin: China
3) Continent of origin: Asia",Qwen/Qwen2.5-7B-Instruct,4,0.06666666666666667
"Name one traditional dish and provide: 1) Name of dish, 2) Country of origin, 3) Continent of origin","1) Name of dish: Peking Duck
2) Country of origin: China
3) Continent of origin: Asia",Qwen/Qwen2.5-7B-Instruct,34,0.06666666666666667
"Name one traditional dish and provide: 1) Name of dish, 2) Country of origin, 3) Continent of origin","1) Name of dish: Pho
2) Country of origin: Vietnam
3) Continent of origin: Asia",Qwen/Qwen2.5-7B-Instruct,21,0.06206896551724138
"Name one traditional dish and provide: 1) Name of dish, 2) Country of origin, 3) Continent of origin","1) Name of dish: Paella
2) Country of origin: Spain
3) Continent of origin: Europe",Qwen/Qwen2.5-7B-Instruct,1,0.059770114942528735
"Name one traditional dish and provide: 1) Name of dish, 2) Country of origin, 3) Continent of origin","1) Name of dish: Paella
2) Country of origin: Spain
3) Continent of origin: Europe",Qwen/Qwen2.5-7B-Instruct,17,0.059770114942528735
"Name one traditional dish and provide: 1) Name of dish, 2) Country of origin, 3) Continent of origin","1) Name of dish:Dim Sum
2) Country of origin: China
3) Continent of origin: Asia",Qwen/Qwen2.5-7B-Instruct,70,0.05517241379310345
"Name one traditional dish and provide: 1) Name of dish, 2) Country of origin, 3) Continent of origin","Sure, here are the details for a traditional dish:

1) Name of dish: Sushi
2) Country of origin: Japan
3) Continent of origin: Asia",Qwen/Qwen2.5-7B-Instruct,9,0.052873563218390804
"Name one traditional dish and provide: 1) Name of dish, 2) Country of origin, 3) Continent of origin","1) Name of dish: Sushi
2) Country of origin: Japan
3) Continent of origin: Asia",Qwen/Qwen2.5-7B-Instruct,59,0.052873563218390804
"Name one traditional dish and provide: 1) Name of dish, 2) Country of origin, 3) Continent of origin","1) Name of dish: Sushi
2) Country of origin: Japan
3) Continent of origin: Asia",Qwen/Qwen2.5-7B-Instruct,57,0.052873563218390804
"Name one traditional dish and provide: 1) Name of dish, 2) Country of origin, 3) Continent of origin","1) Name of dish: Sushi
2) Country of origin: Japan
3) Continent of origin: Asia",Qwen/Qwen2.5-7B-Instruct,42,0.052873563218390804
"Name one traditional dish and provide: 1) Name of dish, 2) Country of origin, 3) Continent of origin","1) Name of dish: Sushi
2) Country of origin: Japan
3) Continent of origin: Asia",Qwen/Qwen2.5-7B-Instruct,75,0.052873563218390804
"Name one traditional dish and provide: 1) Name of dish, 2) Country of origin, 3) Continent of origin","1) Name of dish: Sushi
2) Country of origin: Japan
3) Continent of origin: Asia",Qwen/Qwen2.5-7B-Instruct,79,0.052873563218390804
"Name one traditional dish and provide: 1) Name of dish, 2) Country of origin, 3) Continent of origin","1) Name of dish: Sushi
2) Country of origin: Japan
3) Continent of origin: Asia",Qwen/Qwen2.5-7B-Instruct,20,0.052873563218390804
"Name one traditional dish and provide: 1) Name of dish, 2) Country of origin, 3) Continent of origin","1) Name of dish: Sushi
2) Country of origin: Japan
3) Continent of origin: Asia",Qwen/Qwen2.5-7B-Instruct,19,0.052873563218390804
"Name one traditional dish and provide: 1) Name of dish, 2) Country of origin, 3) Continent of origin","Sure, here are the details for one traditional dish:

1) Name of dish: Sushi
2) Country of origin: Japan
3) Continent of origin: Asia",Qwen/Qwen2.5-7B-Instruct,22,0.052873563218390804
"Name one traditional dish and provide: 1) Name of dish, 2) Country of origin, 3) Continent of origin","1) Name of dish: Pad Thai
2) Country of origin: Thailand
3) Continent of origin: Asia",Qwen/Qwen2.5-7B-Instruct,60,0.04827586206896552
"Name one traditional dish and provide: 1) Name of dish, 2) Country of origin, 3) Continent of origin","1) Name of dish: Pad Thai
2) Country of origin: Thailand
3) Continent of origin: Asia",Qwen/Qwen2.5-7B-Instruct,45,0.04827586206896552
"Name one traditional dish and provide: 1) Name of dish, 2) Country of origin, 3) Continent of origin","1) Name of dish: Dim Sum
2) Country of origin: China
3) Continent of origin: Asia",Qwen/Qwen2.5-7B-Instruct,65,0.04597701149425287
"Name one traditional dish and provide: 1) Name of dish, 2) Country of origin, 3) Continent of origin","1) Name of dish: Dim Sum
2) Country of origin: China
3) Continent of origin: Asia",Qwen/Qwen2.5-7B-Instruct,10,0.04597701149425287
"Name one traditional dish and provide: 1) Name of dish, 2) Country of origin, 3) Continent of origin","Sure! Here are the details for one traditional dish:

1) **Name of dish:** Sushi
2) **Country of origin:** Japan
3) **Continent of origin:** Asia",Qwen/Qwen2.5-7B-Instruct,72,0.04367816091954023
"Name one traditional dish and provide: 1) Name of dish, 2) Country of origin, 3) Continent of origin","1) Name of dish: Dumplings
2) Country of origin: China
3) Continent of origin: Asia",Qwen/Qwen2.5-7B-Instruct,26,0.041379310344827586
"Name one traditional dish and provide: 1) Name of dish, 2) Country of origin, 3) Continent of origin","1) Name of dish: Dumplings
2) Country of origin: China
3) Continent of origin: Asia",Qwen/Qwen2.5-7B-Instruct,29,0.041379310344827586
"Name one traditional dish and provide: 1) Name of dish, 2) Country of origin, 3) Continent of origin","1) Name of dish: Dumplings
2) Country of origin: China
3) Continent of origin: Asia",Qwen/Qwen2.5-7B-Instruct,28,0.041379310344827586
"Name one traditional dish and provide: 1) Name of dish, 2) Country of origin, 3) Continent of origin","1) Name of dish: Dumplings
2) Country of origin: China
3) Continent of origin: Asia",Qwen/Qwen2.5-7B-Instruct,55,0.041379310344827586
"Name one traditional dish and provide: 1) Name of dish, 2) Country of origin, 3) Continent of origin","1) Name of dish: Dumplings
2) Country of origin: China
3) Continent of origin: Asia",Qwen/Qwen2.5-7B-Instruct,48,0.041379310344827586
"Name one traditional dish and provide: 1) Name of dish, 2) Country of origin, 3) Continent of origin","1) Name of dish: Dumplings
2) Country of origin: China
3) Continent of origin: Asia",Qwen/Qwen2.5-7B-Instruct,44,0.041379310344827586
"Name one traditional dish and provide: 1) Name of dish, 2) Country of origin, 3) Continent of origin","1) Name of dish: Dumplings
2) Country of origin: China
3) Continent of origin: Asia",Qwen/Qwen2.5-7B-Instruct,47,0.041379310344827586
"Name one traditional dish and provide: 1) Name of dish, 2) Country of origin, 3) Continent of origin","1) Name of dish: Dumplings
2) Country of origin: China
3) Continent of origin: Asia",Qwen/Qwen2.5-7B-Instruct,43,0.041379310344827586
"Name one traditional dish and provide: 1) Name of dish, 2) Country of origin, 3) Continent of origin","1) Name of dish: Dumplings
2) Country of origin: China
3) Continent of origin: Asia",Qwen/Qwen2.5-7B-Instruct,76,0.041379310344827586
"Name one traditional dish and provide: 1) Name of dish, 2) Country of origin, 3) Continent of origin","1) Name of dish: Dumplings
2) Country of origin: China
3) Continent of origin: Asia",Qwen/Qwen2.5-7B-Instruct,78,0.041379310344827586
"Name one traditional dish and provide: 1) Name of dish, 2) Country of origin, 3) Continent of origin","Sure! Here are the details for the traditional Chinese dish, Kung Pao Chicken:

1) Name of dish: Kung Pao Chicken
2) Country of origin: China
3) Continent of origin: Asia",Qwen/Qwen2.5-7B-Instruct,46,0.041379310344827586
"Name one traditional dish and provide: 1) Name of dish, 2) Country of origin, 3) Continent of origin","1) Name of dish:春卷 (Spring Rolls)
2) Country of origin: China
3) Continent of origin: Asia",Qwen/Qwen2.5-7B-Instruct,7,0.03908045977011494
"Name one traditional dish and provide: 1) Name of dish, 2) Country of origin, 3) Continent of origin","1) Name of dish: Dumplings (Jiaozi)
2) Country of origin: China
3) Continent of origin: Asia",Qwen/Qwen2.5-7B-Instruct,2,0.0367816091954023
"Name one traditional dish and provide: 1) Name of dish, 2) Country of origin, 3) Continent of origin","1) Name of dish: Dumplings (Jiaozi)
2) Country of origin: China
3) Continent of origin: Asia",Qwen/Qwen2.5-7B-Instruct,73,0.0367816091954023
"Name one traditional dish and provide: 1) Name of dish, 2) Country of origin, 3) Continent of origin","1) Name of dish: Dumplings (Jiaozi)
2) Country of origin: China
3) Continent of origin: Asia",Qwen/Qwen2.5-7B-Instruct,32,0.0367816091954023
"Name one traditional dish and provide: 1) Name of dish, 2) Country of origin, 3) Continent of origin","1) Name of dish: sushi
2) Country of origin: Japan
3) Continent of origin: Asia",Qwen/Qwen2.5-7B-Instruct,77,0.0367816091954023
"Name one traditional dish and provide: 1) Name of dish, 2) Country of origin, 3) Continent of origin","1) Name of dish: Beef Bourguignon
2) Country of origin: France
3) Continent of origin: Europe",Qwen/Qwen2.5-7B-Instruct,24,0.03218390804597701
"Name one traditional dish and provide: 1) Name of dish, 2) Country of origin, 3) Continent of origin","1) Name of dish: Beef Bourguignon
2) Country of origin: France
3) Continent of origin: Europe",Qwen/Qwen2.5-7B-Instruct,30,0.03218390804597701
"Name one traditional dish and provide: 1) Name of dish, 2) Country of origin, 3) Continent of origin","1) Name of dish: Beef Bourguignon
2) Country of origin: France
3) Continent of origin: Europe",Qwen/Qwen2.5-7B-Instruct,8,0.03218390804597701
"Name one traditional dish and provide: 1) Name of dish, 2) Country of origin, 3) Continent of origin","1) Name of dish: Beef Bourguignon
2) Country of origin: France
3) Continent of origin: Europe",Qwen/Qwen2.5-7B-Instruct,61,0.03218390804597701
"Name one traditional dish and provide: 1) Name of dish, 2) Country of origin, 3) Continent of origin","1) Name of dish: Beef Bourguignon
2) Country of origin: France
3) Continent of origin: Europe",Qwen/Qwen2.5-7B-Instruct,56,0.03218390804597701
"Name one traditional dish and provide: 1) Name of dish, 2) Country of origin, 3) Continent of origin","1) Name of dish: Beef Bourguignon
2) Country of origin: France
3) Continent of origin: Europe",Qwen/Qwen2.5-7B-Instruct,62,0.03218390804597701
"Name one traditional dish and provide: 1) Name of dish, 2) Country of origin, 3) Continent of origin","1) Name of dish: Beef Bourguignon
2) Country of origin: France
3) Continent of origin: Europe",Qwen/Qwen2.5-7B-Instruct,49,0.03218390804597701
"Name one traditional dish and provide: 1) Name of dish, 2) Country of origin, 3) Continent of origin","1) Name of dish: Beef Bourguignon
2) Country of origin: France
3) Continent of origin: Europe",Qwen/Qwen2.5-7B-Instruct,74,0.03218390804597701
"Name one traditional dish and provide: 1) Name of dish, 2) Country of origin, 3) Continent of origin","1) Name of dish: Beef Bourguignon
2) Country of origin: France
3) Continent of origin: Europe",Qwen/Qwen2.5-7B-Instruct,33,0.03218390804597701
"Name one traditional dish and provide: 1) Name of dish, 2) Country of origin, 3) Continent of origin","1) Name of dish: Beef Bourguignon
2) Country of origin: France
3) Continent of origin: Europe",Qwen/Qwen2.5-7B-Instruct,37,0.03218390804597701
"Name one traditional dish and provide: 1) Name of dish, 2) Country of origin, 3) Continent of origin","1) Name of dish: Beef Bourguignon
2) Country of origin: France
3) Continent of origin: Europe",Qwen/Qwen2.5-7B-Instruct,18,0.03218390804597701
"Name one traditional dish and provide: 1) Name of dish, 2) Country of origin, 3) Continent of origin","Sure, here are the details for one traditional dish:

1) Name of dish: Beef Stroganoff
2) Country of origin: Russia
3) Continent of origin: Europe",Qwen/Qwen2.5-7B-Instruct,50,0.03218390804597701
"Name one traditional dish and provide: 1) Name of dish, 2) Country of origin, 3) Continent of origin","1) Name of dish: Beef Stroganoff
2) Country of origin: Russia
3) Continent of origin: Europe",Qwen/Qwen2.5-7B-Instruct,64,0.027586206896551724
"Name one traditional dish and provide: 1) Name of dish, 2) Country of origin, 3) Continent of origin","1) Name of dish: Beef Stroganoff
2) Country of origin: Russia
3) Continent of origin: Europe",Qwen/Qwen2.5-7B-Instruct,27,0.027586206896551724
"Name one traditional dish and provide: 1) Name of dish, 2) Country of origin, 3) Continent of origin","1) Name of dish: Beef Stroganoff
2) Country of origin: Russia
3) Continent of origin: Europe",Qwen/Qwen2.5-7B-Instruct,13,0.027586206896551724
"Name one traditional dish and provide: 1) Name of dish, 2) Country of origin, 3) Continent of origin","1) Name of dish: Beef Stroganoff
2) Country of origin: Russia
3) Continent of origin: Europe",Qwen/Qwen2.5-7B-Instruct,11,0.027586206896551724
"Name one traditional dish and provide: 1) Name of dish, 2) Country of origin, 3) Continent of origin","1) Name of dish: Beef Stroganoff
2) Country of origin: Russia
3) Continent of origin: Europe",Qwen/Qwen2.5-7B-Instruct,58,0.027586206896551724
"Name one traditional dish and provide: 1) Name of dish, 2) Country of origin, 3) Continent of origin","1) Name of dish: Beef Stroganoff
2) Country of origin: Russia
3) Continent of origin: Europe",Qwen/Qwen2.5-7B-Instruct,3,0.027586206896551724
"Name one traditional dish and provide: 1) Name of dish, 2) Country of origin, 3) Continent of origin","1) Name of dish: Beef Stroganoff
2) Country of origin: Russia
3) Continent of origin: Europe",Qwen/Qwen2.5-7B-Instruct,0,0.027586206896551724
"Name one traditional dish and provide: 1) Name of dish, 2) Country of origin, 3) Continent of origin","1) Name of dish: Beef Stroganoff
2) Country of origin: Russia
3) Continent of origin: Europe",Qwen/Qwen2.5-7B-Instruct,5,0.027586206896551724
"Name one traditional dish and provide: 1) Name of dish, 2) Country of origin, 3) Continent of origin","1) Name of dish: Beef Stroganoff
2) Country of origin: Russia
3) Continent of origin: Europe",Qwen/Qwen2.5-7B-Instruct,6,0.027586206896551724
"Name one traditional dish and provide: 1) Name of dish, 2) Country of origin, 3) Continent of origin","1) Name of dish: Beef Stroganoff
2) Country of origin: Russia
3) Continent of origin: Europe",Qwen/Qwen2.5-7B-Instruct,52,0.027586206896551724
"Name one traditional dish and provide: 1) Name of dish, 2) Country of origin, 3) Continent of origin","1) Name of dish: Beef Stroganoff
2) Country of origin: Russia
3) Continent of origin: Europe",Qwen/Qwen2.5-7B-Instruct,54,0.027586206896551724
"Name one traditional dish and provide: 1) Name of dish, 2) Country of origin, 3) Continent of origin","1) Name of dish: Beef Stroganoff
2) Country of origin: Russia
3) Continent of origin: Europe",Qwen/Qwen2.5-7B-Instruct,53,0.027586206896551724
"Name one traditional dish and provide: 1) Name of dish, 2) Country of origin, 3) Continent of origin","1) Name of dish: Beef Stroganoff
2) Country of origin: Russia
3) Continent of origin: Europe",Qwen/Qwen2.5-7B-Instruct,51,0.027586206896551724
"Name one traditional dish and provide: 1) Name of dish, 2) Country of origin, 3) Continent of origin","1) Name of dish: Beef Stroganoff
2) Country of origin: Russia
3) Continent of origin: Europe",Qwen/Qwen2.5-7B-Instruct,40,0.027586206896551724
"Name one traditional dish and provide: 1) Name of dish, 2) Country of origin, 3) Continent of origin","1) Name of dish: Fish and Chips
2) Country of origin: United Kingdom
3) Continent of origin: Europe",Qwen/Qwen2.5-7B-Instruct,66,0.027586206896551724
"Name one traditional dish and provide: 1) Name of dish, 2) Country of origin, 3) Continent of origin","1) Name of dish: Fish and Chips
2) Country of origin: United Kingdom
3) Continent of origin: Europe",Qwen/Qwen2.5-7B-Instruct,63,0.027586206896551724
"Name one traditional dish and provide: 1) Name of dish, 2) Country of origin, 3) Continent of origin","1) Name of dish: Pizza Margherita
2) Country of origin: Italy
3) Continent of origin: Europe",Qwen/Qwen2.5-7B-Instruct,69,0.027586206896551724
"Name one traditional dish and provide: 1) Name of dish, 2) Country of origin, 3) Continent of origin","1) Name of dish: Dumplings (Jiaozi in Chinese)
2) Country of origin: China
3) Continent of origin: Asia",Qwen/Qwen2.5-7B-Instruct,36,0.022988505747126436
"Name one traditional dish and provide: 1) Name of dish, 2) Country of origin, 3) Continent of origin","1) Name of dish: Spring Rolls
2) Country of origin: China
3) Continent of origin: Asia",Qwen/Qwen2.5-7B-Instruct,25,0.020689655172413793
"Name one traditional dish and provide: 1) Name of dish, 2) Country of origin, 3) Continent of origin","1) Name of dish: Dumpling (Jiaozi in Chinese)
2) Country of origin: China
3) Continent of origin: Asia",Qwen/Qwen2.5-7B-Instruct,39,0.020689655172413793
"Name one traditional dish and provide: 1) Name of dish, 2) Country of origin, 3) Continent of origin","1) Name of dish: Stir-fried Kung Pao Chicken
2) Country of origin: China
3) Continent of origin: Asia",Qwen/Qwen2.5-7B-Instruct,15,0.01839080459770115
"Name one traditional dish and provide: 1) Name of dish, 2) Country of origin, 3) Continent of origin","1) Name of dish: Fried Rice
2) Country of origin: China
3) Continent of origin: Asia",Qwen/Qwen2.5-7B-Instruct,68,0.009195402298850575
"Name one traditional dish and provide: 1) Name of dish, 2) Country of origin, 3) Continent of origin","1) Name of dish: Fried Rice
2) Country of origin: China
3) Continent of origin: Asia",Qwen/Qwen2.5-7B-Instruct,14,0.009195402298850575
"Name one traditional dish and provide: 1) Name of dish, 2) Country of origin, 3) Continent of origin","1) Name of dish: Beef Bien(adjunct: Pho)
2) Country of origin: Vietnam
3) Continent of origin: Asia",Qwen/Qwen2.5-7B-Instruct,31,0.009195402298850575
"Name one traditional dish and provide: 1) Name of dish, 2) Country of origin, 3) Continent of origin","1) Name of dish: Butter Chicken
2) Country of origin: Pakistan
3) Continent of origin: Asia",Qwen/Qwen2.5-7B-Instruct,67,0.006896551724137931
"Name one traditional dish and provide: 1) Name of dish, 2) Country of origin, 3) Continent of origin","1) Name of dish: Beef Wellington
2) Country of origin: France
3) Continent of origin: Europe",Qwen/Qwen2.5-7B-Instruct,12,0.006896551724137931
"Name one traditional dish and provide: 1) Name of dish, 2) Country of origin, 3) Continent of origin","1) Name of dish: Beef Wellington
2) Country of origin: France
3) Continent of origin: Europe",Qwen/Qwen2.5-7B-Instruct,38,0.006896551724137931
"Name one traditional dish and provide: 1) Name of dish, 2) Country of origin, 3) Continent of origin","1) Name of dish: Beef Wellington
2) Country of origin: France
3) Continent of origin: Europe",Qwen/Qwen2.5-7B-Instruct,23,0.006896551724137931
"Name one traditional dish and provide: 1) Name of dish, 2) Country of origin, 3) Continent of origin","1) Name of dish: Beef Stew
2) Country of origin: France
3) Continent of origin: Europe",Qwen/Qwen2.5-7B-Instruct,41,0.0022988505747126436
"Name one traditional dish and provide: 1) Name of dish, 2) Country of origin, 3) Continent of origin","1) Name of dish: Beef Stew
2) Country of origin: France
3) Continent of origin: Europe",Qwen/Qwen2.5-7B-Instruct,35,0.0022988505747126436
"Name one traditional dish and provide: 1) Name of dish, 2) Country of origin, 3) Continent of origin","Sure, here are the details for one traditional dish:

1) Name of dish:rijsttafel
2) Country of origin: Indonesia
3) Continent of origin: Asia",Qwen/Qwen2.5-7B-Instruct,16,0.0
"State one about a popular meal and provide: 1) Name of meal, 2) Country of origin, 3) Continent of origin","1) Name of meal: Sushi
2) Country of origin: Japan
3) Continent of origin: Asia",Qwen/Qwen2.5-7B-Instruct,15,0.18181818181818182
"State one about a popular meal and provide: 1) Name of meal, 2) Country of origin, 3) Continent of origin","1) Name of meal: Sushi
2) Country of origin: Japan
3) Continent of origin: Asia",Qwen/Qwen2.5-7B-Instruct,58,0.18181818181818182
"State one about a popular meal and provide: 1) Name of meal, 2) Country of origin, 3) Continent of origin","1) Name of meal: Sushi
2) Country of origin: Japan
3) Continent of origin: Asia",Qwen/Qwen2.5-7B-Instruct,56,0.18181818181818182
"State one about a popular meal and provide: 1) Name of meal, 2) Country of origin, 3) Continent of origin","1) Name of meal: Sushi
2) Country of origin: Japan
3) Continent of origin: Asia",Qwen/Qwen2.5-7B-Instruct,63,0.18181818181818182
"State one about a popular meal and provide: 1) Name of meal, 2) Country of origin, 3) Continent of origin","1) Name of meal: Sushi
2) Country of origin: Japan
3) Continent of origin: Asia",Qwen/Qwen2.5-7B-Instruct,59,0.18181818181818182
"State one about a popular meal and provide: 1) Name of meal, 2) Country of origin, 3) Continent of origin","1) Name of meal: Sushi
2) Country of origin: Japan
3) Continent of origin: Asia",Qwen/Qwen2.5-7B-Instruct,7,0.18181818181818182
"State one about a popular meal and provide: 1) Name of meal, 2) Country of origin, 3) Continent of origin","1) Name of meal: Sushi
2) Country of origin: Japan
3) Continent of origin: Asia",Qwen/Qwen2.5-7B-Instruct,6,0.18181818181818182
"State one about a popular meal and provide: 1) Name of meal, 2) Country of origin, 3) Continent of origin","1) Name of meal: Sushi
2) Country of origin: Japan
3) Continent of origin: Asia",Qwen/Qwen2.5-7B-Instruct,52,0.18181818181818182
"State one about a popular meal and provide: 1) Name of meal, 2) Country of origin, 3) Continent of origin","1) Name of meal: Sushi
2) Country of origin: Japan
3) Continent of origin: Asia",Qwen/Qwen2.5-7B-Instruct,42,0.18181818181818182
"State one about a popular meal and provide: 1) Name of meal, 2) Country of origin, 3) Continent of origin","1) Name of meal: Sushi
2) Country of origin: Japan
3) Continent of origin: Asia",Qwen/Qwen2.5-7B-Instruct,77,0.18181818181818182
"State one about a popular meal and provide: 1) Name of meal, 2) Country of origin, 3) Continent of origin","1) Name of meal: Sushi
2) Country of origin: Japan
3) Continent of origin: Asia",Qwen/Qwen2.5-7B-Instruct,35,0.18181818181818182
"State one about a popular meal and provide: 1) Name of meal, 2) Country of origin, 3) Continent of origin","1) Name of meal: Sushi
2) Country of origin: Japan
3) Continent of origin: Asia",Qwen/Qwen2.5-7B-Instruct,18,0.18181818181818182
"State one about a popular meal and provide: 1) Name of meal, 2) Country of origin, 3) Continent of origin","1) Name of meal: Sushi
2) Country of origin: Japan
3) Continent of origin: Asia",Qwen/Qwen2.5-7B-Instruct,19,0.18181818181818182
"State one about a popular meal and provide: 1) Name of meal, 2) Country of origin, 3) Continent of origin","1) Name of meal: Pizza Margherita
2) Country of origin: Italy
3) Continent of origin: Europe",Qwen/Qwen2.5-7B-Instruct,70,0.16363636363636364
"State one about a popular meal and provide: 1) Name of meal, 2) Country of origin, 3) Continent of origin","1) Name of meal: Pizza Margherita
2) Country of origin: Italy
3) Continent of origin: Europe",Qwen/Qwen2.5-7B-Instruct,31,0.16363636363636364
"State one about a popular meal and provide: 1) Name of meal, 2) Country of origin, 3) Continent of origin","1) Name of meal: Pizza Margherita
2) Country of origin: Italy
3) Continent of origin: Europe",Qwen/Qwen2.5-7B-Instruct,12,0.16363636363636364
"State one about a popular meal and provide: 1) Name of meal, 2) Country of origin, 3) Continent of origin","1) Name of meal: Pizza Margherita
2) Country of origin: Italy
3) Continent of origin: Europe",Qwen/Qwen2.5-7B-Instruct,14,0.16363636363636364
"State one about a popular meal and provide: 1) Name of meal, 2) Country of origin, 3) Continent of origin","1) Name of meal: Pizza Margherita
2) Country of origin: Italy
3) Continent of origin: Europe",Qwen/Qwen2.5-7B-Instruct,11,0.16363636363636364
"State one about a popular meal and provide: 1) Name of meal, 2) Country of origin, 3) Continent of origin","1) Name of meal: Pizza Margherita
2) Country of origin: Italy
3) Continent of origin: Europe",Qwen/Qwen2.5-7B-Instruct,1,0.16363636363636364
"State one about a popular meal and provide: 1) Name of meal, 2) Country of origin, 3) Continent of origin","1) Name of meal: Pizza Margherita
2) Country of origin: Italy
3) Continent of origin: Europe",Qwen/Qwen2.5-7B-Instruct,2,0.16363636363636364
"State one about a popular meal and provide: 1) Name of meal, 2) Country of origin, 3) Continent of origin","1) Name of meal: Pizza Margherita
2) Country of origin: Italy
3) Continent of origin: Europe",Qwen/Qwen2.5-7B-Instruct,48,0.16363636363636364
"State one about a popular meal and provide: 1) Name of meal, 2) Country of origin, 3) Continent of origin","1) Name of meal: Pizza Margherita
2) Country of origin: Italy
3) Continent of origin: Europe",Qwen/Qwen2.5-7B-Instruct,49,0.16363636363636364
"State one about a popular meal and provide: 1) Name of meal, 2) Country of origin, 3) Continent of origin","1) Name of meal: Pizza Margherita
2) Country of origin: Italy
3) Continent of origin: Europe",Qwen/Qwen2.5-7B-Instruct,40,0.16363636363636364
"State one about a popular meal and provide: 1) Name of meal, 2) Country of origin, 3) Continent of origin","1) Name of meal: Pizza Margherita
2) Country of origin: Italy
3) Continent of origin: Europe",Qwen/Qwen2.5-7B-Instruct,45,0.16363636363636364
"State one about a popular meal and provide: 1) Name of meal, 2) Country of origin, 3) Continent of origin","1) Name of meal: Pizza Margherita
2) Country of origin: Italy
3) Continent of origin: Europe",Qwen/Qwen2.5-7B-Instruct,74,0.16363636363636364
"State one about a popular meal and provide: 1) Name of meal, 2) Country of origin, 3) Continent of origin","1) Name of meal: Pizza Margherita
2) Country of origin: Italy
3) Continent of origin: Europe",Qwen/Qwen2.5-7B-Instruct,39,0.16363636363636364
"State one about a popular meal and provide: 1) Name of meal, 2) Country of origin, 3) Continent of origin","1) Name of meal: Pizza Margherita
2) Country of origin: Italy
3) Continent of origin: Europe",Qwen/Qwen2.5-7B-Instruct,32,0.16363636363636364
"State one about a popular meal and provide: 1) Name of meal, 2) Country of origin, 3) Continent of origin","Sure! Here is one popular meal with the requested details:

1) Name of meal: Pizza
2) Country of origin: Italy
3) Continent of origin: Europe",Qwen/Qwen2.5-7B-Instruct,50,0.14545454545454545
"State one about a popular meal and provide: 1) Name of meal, 2) Country of origin, 3) Continent of origin","1) Name of meal: Pizza
2) Country of origin: Italy
3) Continent of origin: Europe",Qwen/Qwen2.5-7B-Instruct,65,0.12727272727272726
"State one about a popular meal and provide: 1) Name of meal, 2) Country of origin, 3) Continent of origin","1) Name of meal: Pizza
2) Country of origin: Italy
3) Continent of origin: Europe",Qwen/Qwen2.5-7B-Instruct,71,0.12727272727272726
"State one about a popular meal and provide: 1) Name of meal, 2) Country of origin, 3) Continent of origin","1) Name of meal: Pizza
2) Country of origin: Italy
3) Continent of origin: Europe",Qwen/Qwen2.5-7B-Instruct,67,0.12727272727272726
"State one about a popular meal and provide: 1) Name of meal, 2) Country of origin, 3) Continent of origin","1) Name of meal: Pizza
2) Country of origin: Italy
3) Continent of origin: Europe",Qwen/Qwen2.5-7B-Instruct,64,0.12727272727272726
"State one about a popular meal and provide: 1) Name of meal, 2) Country of origin, 3) Continent of origin","1) Name of meal: Pizza
2) Country of origin: Italy
3) Continent of origin: Europe",Qwen/Qwen2.5-7B-Instruct,66,0.12727272727272726
"State one about a popular meal and provide: 1) Name of meal, 2) Country of origin, 3) Continent of origin","1) Name of meal: Pizza
2) Country of origin: Italy
3) Continent of origin: Europe",Qwen/Qwen2.5-7B-Instruct,69,0.12727272727272726
"State one about a popular meal and provide: 1) Name of meal, 2) Country of origin, 3) Continent of origin","1) Name of meal: Pizza
2) Country of origin: Italy
3) Continent of origin: Europe",Qwen/Qwen2.5-7B-Instruct,68,0.12727272727272726
"State one about a popular meal and provide: 1) Name of meal, 2) Country of origin, 3) Continent of origin","1) Name of meal: Pizza
2) Country of origin: Italy
3) Continent of origin: Europe",Qwen/Qwen2.5-7B-Instruct,26,0.12727272727272726
"State one about a popular meal and provide: 1) Name of meal, 2) Country of origin, 3) Continent of origin","1) Name of meal: Pizza
2) Country of origin: Italy
3) Continent of origin: Europe",Qwen/Qwen2.5-7B-Instruct,24,0.12727272727272726
"State one about a popular meal and provide: 1) Name of meal, 2) Country of origin, 3) Continent of origin","1) Name of meal: Pizza
2) Country of origin: Italy
3) Continent of origin: Europe",Qwen/Qwen2.5-7B-Instruct,27,0.12727272727272726
"State one about a popular meal and provide: 1) Name of meal, 2) Country of origin, 3) Continent of origin","1) Name of meal: Pizza
2) Country of origin: Italy
3) Continent of origin: Europe",Qwen/Qwen2.5-7B-Instruct,28,0.12727272727272726
"State one about a popular meal and provide: 1) Name of meal, 2) Country of origin, 3) Continent of origin","1) Name of meal: Pizza
2) Country of origin: Italy
3) Continent of origin: Europe",Qwen/Qwen2.5-7B-Instruct,25,0.12727272727272726
"State one about a popular meal and provide: 1) Name of meal, 2) Country of origin, 3) Continent of origin","1) Name of meal: Pizza
2) Country of origin: Italy
3) Continent of origin: Europe",Qwen/Qwen2.5-7B-Instruct,30,0.12727272727272726
"State one about a popular meal and provide: 1) Name of meal, 2) Country of origin, 3) Continent of origin","1) Name of meal: Pizza
2) Country of origin: Italy
3) Continent of origin: Europe",Qwen/Qwen2.5-7B-Instruct,10,0.12727272727272726
"State one about a popular meal and provide: 1) Name of meal, 2) Country of origin, 3) Continent of origin","1) Name of meal: Pizza
2) Country of origin: Italy
3) Continent of origin: Europe",Qwen/Qwen2.5-7B-Instruct,13,0.12727272727272726
"State one about a popular meal and provide: 1) Name of meal, 2) Country of origin, 3) Continent of origin","1) Name of meal: Pizza
2) Country of origin: Italy
3) Continent of origin: Europe",Qwen/Qwen2.5-7B-Instruct,8,0.12727272727272726
"State one about a popular meal and provide: 1) Name of meal, 2) Country of origin, 3) Continent of origin","1) Name of meal: Pizza
2) Country of origin: Italy
3) Continent of origin: Europe",Qwen/Qwen2.5-7B-Instruct,60,0.12727272727272726
"State one about a popular meal and provide: 1) Name of meal, 2) Country of origin, 3) Continent of origin","1) Name of meal: Pizza
2) Country of origin: Italy
3) Continent of origin: Europe",Qwen/Qwen2.5-7B-Instruct,61,0.12727272727272726
"State one about a popular meal and provide: 1) Name of meal, 2) Country of origin, 3) Continent of origin","1) Name of meal: Pizza
2) Country of origin: Italy
3) Continent of origin: Europe",Qwen/Qwen2.5-7B-Instruct,62,0.12727272727272726
"State one about a popular meal and provide: 1) Name of meal, 2) Country of origin, 3) Continent of origin","1) Name of meal: Pizza
2) Country of origin: Italy
3) Continent of origin: Europe",Qwen/Qwen2.5-7B-Instruct,57,0.12727272727272726
"State one about a popular meal and provide: 1) Name of meal, 2) Country of origin, 3) Continent of origin","1) Name of meal: Pizza
2) Country of origin: Italy
3) Continent of origin: Europe",Qwen/Qwen2.5-7B-Instruct,3,0.12727272727272726
"State one about a popular meal and provide: 1) Name of meal, 2) Country of origin, 3) Continent of origin","1) Name of meal: Pizza
2) Country of origin: Italy
3) Continent of origin: Europe",Qwen/Qwen2.5-7B-Instruct,4,0.12727272727272726
"State one about a popular meal and provide: 1) Name of meal, 2) Country of origin, 3) Continent of origin","1) Name of meal: Pizza
2) Country of origin: Italy
3) Continent of origin: Europe",Qwen/Qwen2.5-7B-Instruct,5,0.12727272727272726
"State one about a popular meal and provide: 1) Name of meal, 2) Country of origin, 3) Continent of origin","1) Name of meal: Pizza
2) Country of origin: Italy
3) Continent of origin: Europe",Qwen/Qwen2.5-7B-Instruct,54,0.12727272727272726
"State one about a popular meal and provide: 1) Name of meal, 2) Country of origin, 3) Continent of origin","1) Name of meal: Pizza
2) Country of origin: Italy
3) Continent of origin: Europe",Qwen/Qwen2.5-7B-Instruct,55,0.12727272727272726
"State one about a popular meal and provide: 1) Name of meal, 2) Country of origin, 3) Continent of origin","1) Name of meal: Pizza
2) Country of origin: Italy
3) Continent of origin: Europe",Qwen/Qwen2.5-7B-Instruct,53,0.12727272727272726
"State one about a popular meal and provide: 1) Name of meal, 2) Country of origin, 3) Continent of origin","1) Name of meal: Pizza
2) Country of origin: Italy
3) Continent of origin: Europe",Qwen/Qwen2.5-7B-Instruct,51,0.12727272727272726
"State one about a popular meal and provide: 1) Name of meal, 2) Country of origin, 3) Continent of origin","1) Name of meal: Pizza
2) Country of origin: Italy
3) Continent of origin: Europe",Qwen/Qwen2.5-7B-Instruct,44,0.12727272727272726
"State one about a popular meal and provide: 1) Name of meal, 2) Country of origin, 3) Continent of origin","1) Name of meal: Pizza
2) Country of origin: Italy
3) Continent of origin: Europe",Qwen/Qwen2.5-7B-Instruct,47,0.12727272727272726
"State one about a popular meal and provide: 1) Name of meal, 2) Country of origin, 3) Continent of origin","1) Name of meal: Pizza
2) Country of origin: Italy
3) Continent of origin: Europe",Qwen/Qwen2.5-7B-Instruct,41,0.12727272727272726
"State one about a popular meal and provide: 1) Name of meal, 2) Country of origin, 3) Continent of origin","1) Name of meal: Pizza
2) Country of origin: Italy
3) Continent of origin: Europe",Qwen/Qwen2.5-7B-Instruct,43,0.12727272727272726
"State one about a popular meal and provide: 1) Name of meal, 2) Country of origin, 3) Continent of origin","1) Name of meal: Pizza
2) Country of origin: Italy
3) Continent of origin: Europe",Qwen/Qwen2.5-7B-Instruct,75,0.12727272727272726
"State one about a popular meal and provide: 1) Name of meal, 2) Country of origin, 3) Continent of origin","1) Name of meal: Pizza
2) Country of origin: Italy
3) Continent of origin: Europe",Qwen/Qwen2.5-7B-Instruct,73,0.12727272727272726
"State one about a popular meal and provide: 1) Name of meal, 2) Country of origin, 3) Continent of origin","1) Name of meal: Pizza
2) Country of origin: Italy
3) Continent of origin: Europe",Qwen/Qwen2.5-7B-Instruct,76,0.12727272727272726
"State one about a popular meal and provide: 1) Name of meal, 2) Country of origin, 3) Continent of origin","1) Name of meal: Pizza
2) Country of origin: Italy
3) Continent of origin: Europe",Qwen/Qwen2.5-7B-Instruct,78,0.12727272727272726
"State one about a popular meal and provide: 1) Name of meal, 2) Country of origin, 3) Continent of origin","1) Name of meal: Pizza
2) Country of origin: Italy
3) Continent of origin: Europe",Qwen/Qwen2.5-7B-Instruct,33,0.12727272727272726
"State one about a popular meal and provide: 1) Name of meal, 2) Country of origin, 3) Continent of origin","1) Name of meal: Pizza
2) Country of origin: Italy
3) Continent of origin: Europe",Qwen/Qwen2.5-7B-Instruct,37,0.12727272727272726
"State one about a popular meal and provide: 1) Name of meal, 2) Country of origin, 3) Continent of origin","1) Name of meal: Pizza
2) Country of origin: Italy
3) Continent of origin: Europe",Qwen/Qwen2.5-7B-Instruct,38,0.12727272727272726
"State one about a popular meal and provide: 1) Name of meal, 2) Country of origin, 3) Continent of origin","1) Name of meal: Pizza
2) Country of origin: Italy
3) Continent of origin: Europe",Qwen/Qwen2.5-7B-Instruct,36,0.12727272727272726
"State one about a popular meal and provide: 1) Name of meal, 2) Country of origin, 3) Continent of origin","1) Name of meal: Pizza
2) Country of origin: Italy
3) Continent of origin: Europe",Qwen/Qwen2.5-7B-Instruct,34,0.12727272727272726
"State one about a popular meal and provide: 1) Name of meal, 2) Country of origin, 3) Continent of origin","1) Name of meal: Pizza
2) Country of origin: Italy
3) Continent of origin: Europe",Qwen/Qwen2.5-7B-Instruct,23,0.12727272727272726
"State one about a popular meal and provide: 1) Name of meal, 2) Country of origin, 3) Continent of origin","1) Name of meal: Pizza
2) Country of origin: Italy
3) Continent of origin: Europe",Qwen/Qwen2.5-7B-Instruct,20,0.12727272727272726
"State one about a popular meal and provide: 1) Name of meal, 2) Country of origin, 3) Continent of origin","1) Name of meal: Pizza
2) Country of origin: Italy
3) Continent of origin: Europe",Qwen/Qwen2.5-7B-Instruct,21,0.12727272727272726
"State one about a popular meal and provide: 1) Name of meal, 2) Country of origin, 3) Continent of origin","1) Name of meal: Pizza
2) Country of origin: Italy
3) Continent of origin: Europe",Qwen/Qwen2.5-7B-Instruct,17,0.12727272727272726
"State one about a popular meal and provide: 1) Name of meal, 2) Country of origin, 3) Continent of origin","Sure, let's take the popular meal **Pizza** as an example:

1) **Name of meal**: Pizza
2) **Country of origin**: Italy
3) **Continent of origin**: Europe",Qwen/Qwen2.5-7B-Instruct,46,0.10909090909090909
"State one about a popular meal and provide: 1) Name of meal, 2) Country of origin, 3) Continent of origin","Sure! Here is the information for a popular meal:

1) Name of meal: Pizza
2) Country of origin: Italy
3) Continent of origin: Europe",Qwen/Qwen2.5-7B-Instruct,29,0.07272727272727272
"State one about a popular meal and provide: 1) Name of meal, 2) Country of origin, 3) Continent of origin","Sure! Let's take pizza as an example:

1) Name of meal: Pizza
2) Country of origin: Italy
3) Continent of origin: Europe",Qwen/Qwen2.5-7B-Instruct,9,0.05454545454545454
"State one about a popular meal and provide: 1) Name of meal, 2) Country of origin, 3) Continent of origin","Sure! Let's take pizza as an example:

1) Name of meal: Pizza
2) Country of origin: Italy
3) Continent of origin: Europe",Qwen/Qwen2.5-7B-Instruct,16,0.05454545454545454
"State one about a popular meal and provide: 1) Name of meal, 2) Country of origin, 3) Continent of origin","Sure! Let's take the popular meal ""Pizza.""

1) Name of meal: Pizza
2) Country of origin: Italy
3) Continent of origin: Europe",Qwen/Qwen2.5-7B-Instruct,0,0.05454545454545454
"State one about a popular meal and provide: 1) Name of meal, 2) Country of origin, 3) Continent of origin","Sure! Here's one:

1) Name of meal: Pizza
2) Country of origin: Italy
3) Continent of origin: Europe",Qwen/Qwen2.5-7B-Instruct,79,0.05454545454545454
"State one about a popular meal and provide: 1) Name of meal, 2) Country of origin, 3) Continent of origin","Sure! Here's one example:

1) Name of meal: Pizza
2) Country of origin: Italy
3) Continent of origin: Europe",Qwen/Qwen2.5-7B-Instruct,72,0.03636363636363636
"State one about a popular meal and provide: 1) Name of meal, 2) Country of origin, 3) Continent of origin","Sure! Here are the details for one of the most popular meals globally:

1) Name of meal: Pizza
2) Country of origin: Italy
3) Continent of origin: Europe",Qwen/Qwen2.5-7B-Instruct,22,0.0
