Prompt,Response,Model,ID,Score
"Give me a name of traditional attire and provide: 1) Name of attire, 2) Country of origin, 3) Continent of origin","Here's the information you requested:

 **Name of attire:** Kimono
 **Country of origin:** Japan
 **Continent of origin:** Asia",meta-llama/Llama-3.1-8B-Instruct,27,0.032144944476914086
"Give me a name of traditional attire and provide: 1) Name of attire, 2) Country of origin, 3) Continent of origin","I'll choose a traditional attire, here's the information:

1. Name of attire: Kimono
2. Country of origin: Japan
3. Continent of origin: Asia",meta-llama/Llama-3.1-8B-Instruct,11,0.032144944476914086
"Give me a name of traditional attire and provide: 1) Name of attire, 2) Country of origin, 3) Continent of origin","Here's an example of traditional attire:

1. Name of attire: Kente cloth
2. Country of origin: Ghana
3. Continent of origin: Africa",meta-llama/Llama-3.1-8B-Instruct,51,0.031560490940970194
"Give me a name of traditional attire and provide: 1) Name of attire, 2) Country of origin, 3) Continent of origin","The traditional attire I'll provide is the ""Kimono"".

1. Name of attire: Kimono
2. Country of origin: Japan
3. Continent of origin: Asia",meta-llama/Llama-3.1-8B-Instruct,46,0.031560490940970194
"Give me a name of traditional attire and provide: 1) Name of attire, 2) Country of origin, 3) Continent of origin","Here's an example of traditional attire:

1. Name of attire: Kimono
2. Country of origin: Japan
3. Continent of origin: Asia",meta-llama/Llama-3.1-8B-Instruct,9,0.030391583869082407
"Give me a name of traditional attire and provide: 1) Name of attire, 2) Country of origin, 3) Continent of origin","Here's an example of traditional attire:

1. Name of attire: Kimono
2. Country of origin: Japan
3. Continent of origin: Asia",meta-llama/Llama-3.1-8B-Instruct,7,0.030391583869082407
"Give me a name of traditional attire and provide: 1) Name of attire, 2) Country of origin, 3) Continent of origin","Here's an example of traditional attire:

1. Name of attire: Kimono
2. Country of origin: Japan
3. Continent of origin: Asia",meta-llama/Llama-3.1-8B-Instruct,72,0.030391583869082407
"Give me a name of traditional attire and provide: 1) Name of attire, 2) Country of origin, 3) Continent of origin","Here's the information about a traditional attire:

1. Name of attire: Kimono
2. Country of origin: Japan
3. Continent of origin: Asia",meta-llama/Llama-3.1-8B-Instruct,65,0.029807130333138514
"Give me a name of traditional attire and provide: 1) Name of attire, 2) Country of origin, 3) Continent of origin","Here's a traditional attire example:

1. Name of attire: **Kimono**
2. Country of origin: **Japan**
3. Continent of origin: **Asia**",meta-llama/Llama-3.1-8B-Instruct,20,0.029222676797194622
"Give me a name of traditional attire and provide: 1) Name of attire, 2) Country of origin, 3) Continent of origin","Kente cloth 

1. Name of attire: Kente cloth
2. Country of origin: Ghana
3. Continent of origin: Africa",meta-llama/Llama-3.1-8B-Instruct,35,0.027469316189362946
"Give me a name of traditional attire and provide: 1) Name of attire, 2) Country of origin, 3) Continent of origin","Here's a traditional attire example:

1. Name of attire: Kimono
2. Country of origin: Japan
3. Continent of origin: Asia",meta-llama/Llama-3.1-8B-Instruct,67,0.026884862653419054
"Give me a name of traditional attire and provide: 1) Name of attire, 2) Country of origin, 3) Continent of origin","Here's a traditional attire example:

1. Name of attire: Kimono
2. Country of origin: Japan
3. Continent of origin: Asia",meta-llama/Llama-3.1-8B-Instruct,14,0.026884862653419054
"Give me a name of traditional attire and provide: 1) Name of attire, 2) Country of origin, 3) Continent of origin","Here's a traditional attire example:

1. Name of attire: Kimono
2. Country of origin: Japan
3. Continent of origin: Asia",meta-llama/Llama-3.1-8B-Instruct,60,0.026884862653419054
"Give me a name of traditional attire and provide: 1) Name of attire, 2) Country of origin, 3) Continent of origin","Here's a traditional attire example:

1. Name of attire: Kimono
2. Country of origin: Japan
3. Continent of origin: Asia",meta-llama/Llama-3.1-8B-Instruct,63,0.026884862653419054
"Give me a name of traditional attire and provide: 1) Name of attire, 2) Country of origin, 3) Continent of origin","Here's a traditional attire example:

1. Name of attire: Kimono
2. Country of origin: Japan
3. Continent of origin: Asia",meta-llama/Llama-3.1-8B-Instruct,79,0.026884862653419054
"Give me a name of traditional attire and provide: 1) Name of attire, 2) Country of origin, 3) Continent of origin","Here's a traditional attire example:

1. Name of attire: Kimono
2. Country of origin: Japan
3. Continent of origin: Asia",meta-llama/Llama-3.1-8B-Instruct,34,0.026884862653419054
"Give me a name of traditional attire and provide: 1) Name of attire, 2) Country of origin, 3) Continent of origin","Here's a traditional attire example:

1. Name of attire: Kimono
2. Country of origin: Japan
3. Continent of origin: Asia",meta-llama/Llama-3.1-8B-Instruct,16,0.026884862653419054
"Give me a name of traditional attire and provide: 1) Name of attire, 2) Country of origin, 3) Continent of origin","Kente cloth 
1. Name of attire: Kente cloth
2. Country of origin: Ghana
3. Continent of origin: Africa",meta-llama/Llama-3.1-8B-Instruct,31,0.026884862653419054
"Give me a name of traditional attire and provide: 1) Name of attire, 2) Country of origin, 3) Continent of origin","Here's a traditional attire:

1. Name of attire: Kente cloth
2. Country of origin: Ghana
3. Continent of origin: Africa",meta-llama/Llama-3.1-8B-Instruct,64,0.026300409117475162
"Give me a name of traditional attire and provide: 1) Name of attire, 2) Country of origin, 3) Continent of origin","Here's an example:

 1. Name of attire: Kimono
 2. Country of origin: Japan
 3. Continent of origin: Asia",meta-llama/Llama-3.1-8B-Instruct,17,0.026300409117475162
"Give me a name of traditional attire and provide: 1) Name of attire, 2) Country of origin, 3) Continent of origin","Here's an example: 

1. Name of attire: Kimono
2. Country of origin: Japan
3. Continent of origin: Asia",meta-llama/Llama-3.1-8B-Instruct,38,0.02571595558153127
"Give me a name of traditional attire and provide: 1) Name of attire, 2) Country of origin, 3) Continent of origin","Here's an example:

1. Name of attire: Kimono
2. Country of origin: Japan
3. Continent of origin: Asia",meta-llama/Llama-3.1-8B-Instruct,66,0.025131502045587374
"Give me a name of traditional attire and provide: 1) Name of attire, 2) Country of origin, 3) Continent of origin","Here's an example:

1. Name of attire: Kimono
2. Country of origin: Japan
3. Continent of origin: Asia",meta-llama/Llama-3.1-8B-Instruct,48,0.025131502045587374
"Give me a name of traditional attire and provide: 1) Name of attire, 2) Country of origin, 3) Continent of origin","Here's information about a traditional attire:

1. Name of attire: Kimono
2. Country of origin: Japan
3. Continent of origin: Asia",meta-llama/Llama-3.1-8B-Instruct,50,0.025131502045587374
"Give me a name of traditional attire and provide: 1) Name of attire, 2) Country of origin, 3) Continent of origin","Kimonos 
1) Name of attire: Kimono
2) Country of origin: Japan
3) Continent of origin: Asia",meta-llama/Llama-3.1-8B-Instruct,62,0.024547048509643482
"Give me a name of traditional attire and provide: 1) Name of attire, 2) Country of origin, 3) Continent of origin","I'd be happy to provide you with information about a traditional attire.

1. Name of attire: Kente cloth
2. Country of origin: Ghana
3. Continent of origin: Africa",meta-llama/Llama-3.1-8B-Instruct,69,0.02396259497369959
"Give me a name of traditional attire and provide: 1) Name of attire, 2) Country of origin, 3) Continent of origin","Here's a traditional attire example:

1. **Name of attire:** Kimono
2. **Country of origin:** Japan
3. **Continent of origin:** Asia",meta-llama/Llama-3.1-8B-Instruct,58,0.02396259497369959
"Give me a name of traditional attire and provide: 1) Name of attire, 2) Country of origin, 3) Continent of origin","Here's a traditional attire example:

1. **Name of attire:** Kimono
2. **Country of origin:** Japan
3. **Continent of origin:** Asia",meta-llama/Llama-3.1-8B-Instruct,36,0.02396259497369959
"Give me a name of traditional attire and provide: 1) Name of attire, 2) Country of origin, 3) Continent of origin","Here's one:

 1. Name of attire: Kimono
 2. Country of origin: Japan
 3. Continent of origin: Asia",meta-llama/Llama-3.1-8B-Instruct,74,0.023378141437755698
"Give me a name of traditional attire and provide: 1) Name of attire, 2) Country of origin, 3) Continent of origin","Kimonos are a traditional and elegant form of traditional attire, originating from Japan.

1. Name of attire: Kimono
2. Country of origin: Japan 
3. Continent of origin: Asia",meta-llama/Llama-3.1-8B-Instruct,70,0.02104032729398013
"Give me a name of traditional attire and provide: 1) Name of attire, 2) Country of origin, 3) Continent of origin","Here's a name of traditional attire:

1. Name of attire: Kimono
2. Country of origin: Japan
3. Continent of origin: Asia",meta-llama/Llama-3.1-8B-Instruct,21,0.02104032729398013
"Give me a name of traditional attire and provide: 1) Name of attire, 2) Country of origin, 3) Continent of origin","Here's a name of traditional attire:

 1. Name of attire: Kimono
 2. Country of origin: Japan
 3. Continent of origin: Asia",meta-llama/Llama-3.1-8B-Instruct,52,0.020455873758036237
"Give me a name of traditional attire and provide: 1) Name of attire, 2) Country of origin, 3) Continent of origin","Here's a traditional attire:

1. Name of attire: Kimono
2. Country of origin: Japan
3. Continent of origin: Asia",meta-llama/Llama-3.1-8B-Instruct,25,0.019871420222092345
"Give me a name of traditional attire and provide: 1) Name of attire, 2) Country of origin, 3) Continent of origin","Here's a traditional attire:

1. Name of attire: Kimono
2. Country of origin: Japan
3. Continent of origin: Asia",meta-llama/Llama-3.1-8B-Instruct,12,0.019871420222092345
"Give me a name of traditional attire and provide: 1) Name of attire, 2) Country of origin, 3) Continent of origin","Here's a traditional attire:

1. Name of attire: Kimono
2. Country of origin: Japan
3. Continent of origin: Asia",meta-llama/Llama-3.1-8B-Instruct,8,0.019871420222092345
"Give me a name of traditional attire and provide: 1) Name of attire, 2) Country of origin, 3) Continent of origin","Here's a traditional attire:

1. Name of attire: Kimono
2. Country of origin: Japan
3. Continent of origin: Asia",meta-llama/Llama-3.1-8B-Instruct,54,0.019871420222092345
"Give me a name of traditional attire and provide: 1) Name of attire, 2) Country of origin, 3) Continent of origin","Here's a traditional attire:

1. Name of attire: Kimono
2. Country of origin: Japan
3. Continent of origin: Asia",meta-llama/Llama-3.1-8B-Instruct,42,0.019871420222092345
"Give me a name of traditional attire and provide: 1) Name of attire, 2) Country of origin, 3) Continent of origin","Here's a traditional attire:

1. Name of attire: Kimono
2. Country of origin: Japan
3. Continent of origin: Asia",meta-llama/Llama-3.1-8B-Instruct,22,0.019871420222092345
"Give me a name of traditional attire and provide: 1) Name of attire, 2) Country of origin, 3) Continent of origin","Traditional attire: ""Kimono"" 

1. Name of attire: Kimono
2. Country of origin: Japan
3. Continent of origin: Asia",meta-llama/Llama-3.1-8B-Instruct,15,0.019871420222092345
"Give me a name of traditional attire and provide: 1) Name of attire, 2) Country of origin, 3) Continent of origin","Here's a traditional attire:

1. **Name of attire:** Kimono
2. **Country of origin:** Japan
3. **Continent of origin:** Asia",meta-llama/Llama-3.1-8B-Instruct,0,0.019871420222092345
"Give me a name of traditional attire and provide: 1) Name of attire, 2) Country of origin, 3) Continent of origin","Here's a traditional attire:

1. **Name of attire:** Kimono
2. **Country of origin:** Japan
3. **Continent of origin:** Asia",meta-llama/Llama-3.1-8B-Instruct,55,0.019871420222092345
"Give me a name of traditional attire and provide: 1) Name of attire, 2) Country of origin, 3) Continent of origin","Here's a traditional attire:

1. **Name of attire:** Kimono
2. **Country of origin:** Japan
3. **Continent of origin:** Asia",meta-llama/Llama-3.1-8B-Instruct,44,0.019871420222092345
"Give me a name of traditional attire and provide: 1) Name of attire, 2) Country of origin, 3) Continent of origin","Here's a traditional attire:

 1. Name of attire: Kimono
 2. Country of origin: Japan
 3. Continent of origin: Asia",meta-llama/Llama-3.1-8B-Instruct,71,0.01928696668614845
"Give me a name of traditional attire and provide: 1) Name of attire, 2) Country of origin, 3) Continent of origin","Here's a traditional attire:

 1. Name of attire: Kimono
 2. Country of origin: Japan
 3. Continent of origin: Asia",meta-llama/Llama-3.1-8B-Instruct,75,0.01928696668614845
"Give me a name of traditional attire and provide: 1) Name of attire, 2) Country of origin, 3) Continent of origin","Here's a traditional attire:

 1. Name of attire: Kimono
 2. Country of origin: Japan
 3. Continent of origin: Asia",meta-llama/Llama-3.1-8B-Instruct,73,0.01928696668614845
"Give me a name of traditional attire and provide: 1) Name of attire, 2) Country of origin, 3) Continent of origin","I'll give you an example: 

1. Name of attire: Kimono
2. Country of origin: Japan
3. Continent of origin: Asia",meta-llama/Llama-3.1-8B-Instruct,30,0.018118059614260665
"Give me a name of traditional attire and provide: 1) Name of attire, 2) Country of origin, 3) Continent of origin","Here's a name of traditional attire:

 **Name of attire:** Kimono
 **Country of origin:** Japan
 **Continent of origin:** Asia",meta-llama/Llama-3.1-8B-Instruct,32,0.017533606078316773
"Give me a name of traditional attire and provide: 1) Name of attire, 2) Country of origin, 3) Continent of origin","Here's a traditional attire:

1. **Name of attire**: Kimono
2. **Country of origin**: Japan
3. **Continent of origin**: Asia",meta-llama/Llama-3.1-8B-Instruct,19,0.01694915254237288
"Give me a name of traditional attire and provide: 1) Name of attire, 2) Country of origin, 3) Continent of origin","Here's a traditional attire for you:

 1. **Name of attire:** Kimono
 2. **Country of origin:** Japan
 3. **Continent of origin:** Asia",meta-llama/Llama-3.1-8B-Instruct,68,0.01636469900642899
"Give me a name of traditional attire and provide: 1) Name of attire, 2) Country of origin, 3) Continent of origin","Sari
1. Name of attire: Sari
2. Country of origin: India
3. Continent of origin: Asia",meta-llama/Llama-3.1-8B-Instruct,57,0.01636469900642899
"Give me a name of traditional attire and provide: 1) Name of attire, 2) Country of origin, 3) Continent of origin","Here's a traditional attire:

1. **Name of attire:** Lehenga Choli
2. **Country of origin:** India
3. **Continent of origin:** Asia",meta-llama/Llama-3.1-8B-Instruct,78,0.01636469900642899
"Give me a name of traditional attire and provide: 1) Name of attire, 2) Country of origin, 3) Continent of origin","Here's an example:

**Name of Attire:** Traditional Kimono
**Country of Origin:** Japan
**Continent of Origin:** Asia",meta-llama/Llama-3.1-8B-Instruct,26,0.014611338398597311
"Give me a name of traditional attire and provide: 1) Name of attire, 2) Country of origin, 3) Continent of origin","Traditional attire: Kimono

1. Name of attire: Kimono
2. Country of origin: Japan
3. Continent of origin: Asia",meta-llama/Llama-3.1-8B-Instruct,33,0.014026884862653419
"Give me a name of traditional attire and provide: 1) Name of attire, 2) Country of origin, 3) Continent of origin","Here's a traditional attire:

1. Name of attire: Kente Cloth
2. Country of origin: Ghana
3. Continent of origin: Africa",meta-llama/Llama-3.1-8B-Instruct,10,0.013442431326709527
"Give me a name of traditional attire and provide: 1) Name of attire, 2) Country of origin, 3) Continent of origin","A traditional attire is the ""Kimono"".

1. Name of attire: Kimono
2. Country of origin: Japan
3. Continent of origin: Asia",meta-llama/Llama-3.1-8B-Instruct,4,0.012857977790765635
"Give me a name of traditional attire and provide: 1) Name of attire, 2) Country of origin, 3) Continent of origin","A traditional attire is the ""Kimono"".

1. Name of attire: Kimono
2. Country of origin: Japan
3. Continent of origin: Asia",meta-llama/Llama-3.1-8B-Instruct,41,0.012857977790765635
"Give me a name of traditional attire and provide: 1) Name of attire, 2) Country of origin, 3) Continent of origin","Sari 
1. Name of attire: Sari
2. Country of origin: India and Sri Lanka
3. Continent of origin: Asia",meta-llama/Llama-3.1-8B-Instruct,53,0.012273524254821741
"Give me a name of traditional attire and provide: 1) Name of attire, 2) Country of origin, 3) Continent of origin","Kente cloth is a traditional attire. 

1. Name of attire: Kente cloth
2. Country of origin: Ghana
3. Continent of origin: Africa",meta-llama/Llama-3.1-8B-Instruct,47,0.012273524254821741
"Give me a name of traditional attire and provide: 1) Name of attire, 2) Country of origin, 3) Continent of origin","Traditional Attire: ""Kimono""

1. Name of attire: Kimono
2. Country of origin: Japan
3. Continent of origin: Asia",meta-llama/Llama-3.1-8B-Instruct,24,0.011689070718877849
"Give me a name of traditional attire and provide: 1) Name of attire, 2) Country of origin, 3) Continent of origin","One traditional attire is the ""Kurta"".

1. Name of attire: Kurta
2. Country of origin: India, Afghanistan, Pakistan, and Bangladesh
3. Continent of origin: Asia",meta-llama/Llama-3.1-8B-Instruct,28,0.011689070718877849
"Give me a name of traditional attire and provide: 1) Name of attire, 2) Country of origin, 3) Continent of origin","Name of traditional attire: Kimono

1. Name of attire: Kimono
2. Country of origin: Japan
3. Continent of origin: Asia",meta-llama/Llama-3.1-8B-Instruct,43,0.011689070718877849
"Give me a name of traditional attire and provide: 1) Name of attire, 2) Country of origin, 3) Continent of origin","Traditional Attire: Kimono 

1. Name of attire: Kimono
2. Country of origin: Japan
3. Continent of origin: Asia",meta-llama/Llama-3.1-8B-Instruct,61,0.009935710111046173
"Give me a name of traditional attire and provide: 1) Name of attire, 2) Country of origin, 3) Continent of origin","One traditional attire is:

1. Name of attire: Kimono
2. Country of origin: Japan
3. Continent of origin: Asia",meta-llama/Llama-3.1-8B-Instruct,39,0.009935710111046173
"Give me a name of traditional attire and provide: 1) Name of attire, 2) Country of origin, 3) Continent of origin","The traditional attire is a ""Kimono"".

1. Name of attire: Kimono
2. Country of origin: Japan
3. Continent of origin: Asia",meta-llama/Llama-3.1-8B-Instruct,29,0.009351256575102279
"Give me a name of traditional attire and provide: 1) Name of attire, 2) Country of origin, 3) Continent of origin","Traditional Attire: Kimono

1. Name of attire: Kimono
2. Country of origin: Japan
3. Continent of origin: Asia",meta-llama/Llama-3.1-8B-Instruct,13,0.009351256575102279
"Give me a name of traditional attire and provide: 1) Name of attire, 2) Country of origin, 3) Continent of origin","Here's a traditional attire:

Name of attire: Kimono
Country of origin: Japan
Continent of origin: Asia",meta-llama/Llama-3.1-8B-Instruct,40,0.008766803039158387
"Give me a name of traditional attire and provide: 1) Name of attire, 2) Country of origin, 3) Continent of origin","The traditional attire is a 'Kimono'.

1. Name of attire: Kimono
2. Country of origin: Japan
3. Continent of origin: Asia",meta-llama/Llama-3.1-8B-Instruct,37,0.008766803039158387
"Give me a name of traditional attire and provide: 1) Name of attire, 2) Country of origin, 3) Continent of origin","Here's a name of traditional attire:

1. Name of attire: Kente
2. Country of origin: Ghana
3. Continent of origin: Africa",meta-llama/Llama-3.1-8B-Instruct,56,0.008182349503214495
"Give me a name of traditional attire and provide: 1) Name of attire, 2) Country of origin, 3) Continent of origin","Here's an example:

1. Name of attire: Sari
2. Country of origin: India
3. Continent of origin: Asia",meta-llama/Llama-3.1-8B-Instruct,23,0.007597895967270602
"Give me a name of traditional attire and provide: 1) Name of attire, 2) Country of origin, 3) Continent of origin","Here's an example of traditional attire:

1. Name of attire: Sari
2. Country of origin: India
3. Continent of origin: Asia",meta-llama/Llama-3.1-8B-Instruct,1,0.0070134424313267095
"Give me a name of traditional attire and provide: 1) Name of attire, 2) Country of origin, 3) Continent of origin","Here's an example of traditional attire:

1. Name of attire: Sari
2. Country of origin: India
3. Continent of origin: Asia",meta-llama/Llama-3.1-8B-Instruct,2,0.0070134424313267095
"Give me a name of traditional attire and provide: 1) Name of attire, 2) Country of origin, 3) Continent of origin","Sari is a traditional attire.

1. Name of attire: Sari
2. Country of origin: India (originally), Sri Lanka, and other countries in South Asia 
3. Continent of origin: Asia",meta-llama/Llama-3.1-8B-Instruct,45,0.0070134424313267095
"Give me a name of traditional attire and provide: 1) Name of attire, 2) Country of origin, 3) Continent of origin","Here's a traditional attire:

1. Name of attire: Sarong
2. Country of origin: Indonesia (also widely worn in Malaysia and other Southeast Asian countries)
3. Continent of origin: Asia",meta-llama/Llama-3.1-8B-Instruct,77,0.0070134424313267095
"Give me a name of traditional attire and provide: 1) Name of attire, 2) Country of origin, 3) Continent of origin","I can provide that for you. 

1. Name of attire: Kente
2. Country of origin: Ghana
3. Continent of origin: Africa",meta-llama/Llama-3.1-8B-Instruct,59,0.0058445353594389245
"Give me a name of traditional attire and provide: 1) Name of attire, 2) Country of origin, 3) Continent of origin","Here's a traditional attire:

1. **Kente cloth**: 
   - Name of attire: Kente cloth
   - Country of origin: Ghana
   - Continent of origin: Africa",meta-llama/Llama-3.1-8B-Instruct,76,0.005260081823495032
"Give me a name of traditional attire and provide: 1) Name of attire, 2) Country of origin, 3) Continent of origin","Here's a traditional attire for you:

1. **Name of attire:** Sari
2. **Country of origin:** India
3. **Continent of origin:** Asia",meta-llama/Llama-3.1-8B-Instruct,3,0.004675628287551139
"Give me a name of traditional attire and provide: 1) Name of attire, 2) Country of origin, 3) Continent of origin","The traditional attire I'm providing is a ""Cheongsam"".

1. Name of attire: Cheongsam
2. Country of origin: China
3. Continent of origin: Asia",meta-llama/Llama-3.1-8B-Instruct,6,0.004675628287551139
"Give me a name of traditional attire and provide: 1) Name of attire, 2) Country of origin, 3) Continent of origin","Kimonos is the traditional attire.

1. Name of attire: Kimonos
2. Country of origin: Japan
3. Continent of origin: Asia",meta-llama/Llama-3.1-8B-Instruct,49,0.0035067212156633548
"Give me a name of traditional attire and provide: 1) Name of attire, 2) Country of origin, 3) Continent of origin","Here's a traditional attire from around the world:

1. **Name of attire:** Kimono
2. **Country of origin:** Japan
3. **Continent of origin:** Asia",meta-llama/Llama-3.1-8B-Instruct,18,0.0029222676797194622
"Give me a name of traditional attire and provide: 1) Name of attire, 2) Country of origin, 3) Continent of origin","Here's an example of traditional attire:

1. **Kurta**: 
2. Country of origin: **India** 
3. Continent of origin: **Asia**",meta-llama/Llama-3.1-8B-Instruct,5,0.0
"Name a cultural wear and provide: 1) Name of dress, 2) Country of origin, 3) Continent of origin","Here's an example of cultural wear:

1. Name of dress: Kimono
2. Country of origin: Japan
3. Continent of origin: Asia",meta-llama/Llama-3.1-8B-Instruct,48,0.02663622526636225
"Name a cultural wear and provide: 1) Name of dress, 2) Country of origin, 3) Continent of origin","Here's a cultural wear example:

1. Name of dress: Kimono
2. Country of origin: Japan
3. Continent of origin: Asia",meta-llama/Llama-3.1-8B-Instruct,31,0.0258751902587519
"Name a cultural wear and provide: 1) Name of dress, 2) Country of origin, 3) Continent of origin","Here's a cultural wear example:

1. Name of dress: Kimono
2. Country of origin: Japan
3. Continent of origin: Asia",meta-llama/Llama-3.1-8B-Instruct,28,0.0258751902587519
"Name a cultural wear and provide: 1) Name of dress, 2) Country of origin, 3) Continent of origin","Here's a cultural wear example:

1. Name of dress: Kimono
2. Country of origin: Japan
3. Continent of origin: Asia",meta-llama/Llama-3.1-8B-Instruct,38,0.0258751902587519
"Name a cultural wear and provide: 1) Name of dress, 2) Country of origin, 3) Continent of origin","Let's consider the ""Kimono"".

1. Name of dress: Kimono
2. Country of origin: Japan
3. Continent of origin: Asia",meta-llama/Llama-3.1-8B-Instruct,11,0.025494672754946726
"Name a cultural wear and provide: 1) Name of dress, 2) Country of origin, 3) Continent of origin","Here's an example:

1. Name of dress: Kimono
2. Country of origin: Japan
3. Continent of origin: Asia",meta-llama/Llama-3.1-8B-Instruct,25,0.02511415525114155
"Name a cultural wear and provide: 1) Name of dress, 2) Country of origin, 3) Continent of origin","Here's an example: 

The cultural wear is a ""Sari"".

1. Name of dress: Sari
2. Country of origin: India
3. Continent of origin: Asia

The sari is a traditional garment in India and other parts of South Asia, typically worn by women. It's a long piece of fabric draped around the body in a specific way, often accompanied by a blouse and a pair of leggings or a petticoat.",meta-llama/Llama-3.1-8B-Instruct,9,0.02511415525114155
"Name a cultural wear and provide: 1) Name of dress, 2) Country of origin, 3) Continent of origin","I'll name the Lehenga Choli.

1. Name of dress: Lehenga Choli
2. Country of origin: India
3. Continent of origin: Asia",meta-llama/Llama-3.1-8B-Instruct,60,0.02511415525114155
"Name a cultural wear and provide: 1) Name of dress, 2) Country of origin, 3) Continent of origin","One cultural wear is the ""Kimono"". 

1. Name of dress: Kimono
2. Country of origin: Japan
3. Continent of origin: Asia",meta-llama/Llama-3.1-8B-Instruct,50,0.0243531202435312
"Name a cultural wear and provide: 1) Name of dress, 2) Country of origin, 3) Continent of origin","One cultural wear is the ""Sari"".

1. Name of dress: Sari
2. Country of origin: India (although it's also widely worn and popular in other countries like Sri Lanka, Nepal, and Pakistan)
3. Continent of origin: Asia",meta-llama/Llama-3.1-8B-Instruct,68,0.023972602739726026
"Name a cultural wear and provide: 1) Name of dress, 2) Country of origin, 3) Continent of origin","Let's take the example of the ""Lehenga Choli"".

1. Name of dress: Lehenga Choli
2. Country of origin: India
3. Continent of origin: Asia",meta-llama/Llama-3.1-8B-Instruct,47,0.023972602739726026
"Name a cultural wear and provide: 1) Name of dress, 2) Country of origin, 3) Continent of origin","Here's an example of a cultural dress:

1. Name of dress: Baju Kurung
2. Country of origin: Malaysia
3. Continent of origin: Asia",meta-llama/Llama-3.1-8B-Instruct,19,0.023972602739726026
"Name a cultural wear and provide: 1) Name of dress, 2) Country of origin, 3) Continent of origin","The cultural wear I have chosen is the Sari.

1. Name of dress: Sari
2. Country of origin: India (originally), but widely worn in many countries including Sri Lanka, Nepal, and others in the Indian subcontinent, and also in many parts of Southeast Asia, including Indonesia, Malaysia, and Singapore.
3. Continent of origin: Asia",meta-llama/Llama-3.1-8B-Instruct,71,0.02359208523592085
"Name a cultural wear and provide: 1) Name of dress, 2) Country of origin, 3) Continent of origin","I'd be happy to provide you with a cultural wear.

**Kimono**

1. Name of dress: Kimono
2. Country of origin: Japan
3. Continent of origin: Asia

The Kimono is a traditional garment from Japan and is a significant part of Japanese culture. It is typically worn on special occasions and is made from silk or other luxurious fabrics. The Kimono has a long history and has undergone many changes over the centuries, but it remains an iconic symbol of Japanese fashion and tradition.",meta-llama/Llama-3.1-8B-Instruct,3,0.0228310502283105
"Name a cultural wear and provide: 1) Name of dress, 2) Country of origin, 3) Continent of origin","One cultural wear is the ""Sari"".

1. Name of dress: Sari
2. Country of origin: India (has significant influence in Sri Lanka and Nepal as well)
3. Continent of origin: Asia",meta-llama/Llama-3.1-8B-Instruct,0,0.02207001522070015
"Name a cultural wear and provide: 1) Name of dress, 2) Country of origin, 3) Continent of origin","One cultural wear is the Kimono. 

1. Name of dress: Kimono 
2. Country of origin: Japan 
3. Continent of origin: Asia",meta-llama/Llama-3.1-8B-Instruct,78,0.02207001522070015
"Name a cultural wear and provide: 1) Name of dress, 2) Country of origin, 3) Continent of origin","Let's consider the Sari.

1. Name of dress: Sari
2. Country of origin: India (also commonly worn in other countries such as Sri Lanka, Nepal, and Bangladesh)
3. Continent of origin: Asia",meta-llama/Llama-3.1-8B-Instruct,77,0.020928462709284626
"Name a cultural wear and provide: 1) Name of dress, 2) Country of origin, 3) Continent of origin","Here's an example: 

1. Name of dress: Kente cloth
2. Country of origin: Ghana
3. Continent of origin: Africa",meta-llama/Llama-3.1-8B-Instruct,46,0.02054794520547945
"Name a cultural wear and provide: 1) Name of dress, 2) Country of origin, 3) Continent of origin","Let's take the example of a traditional cultural wear: ""Sari"".

1. Name of dress: Sari
2. Country of origin: India, Sri Lanka, and other parts of South Asia
3. Continent of origin: Asia",meta-llama/Llama-3.1-8B-Instruct,10,0.019406392694063926
"Name a cultural wear and provide: 1) Name of dress, 2) Country of origin, 3) Continent of origin","Let's take the example of the ""Sari"".

1. Name of dress: Sari
2. Country of origin: India 
3. Continent of origin: Asia",meta-llama/Llama-3.1-8B-Instruct,57,0.019406392694063926
"Name a cultural wear and provide: 1) Name of dress, 2) Country of origin, 3) Continent of origin","Let's take the example of a traditional cultural wear: the ""Sari"".

1. Name of dress: Sari
2. Country of origin: India
3. Continent of origin: Asia",meta-llama/Llama-3.1-8B-Instruct,5,0.019406392694063926
"Name a cultural wear and provide: 1) Name of dress, 2) Country of origin, 3) Continent of origin","Here's an example:

**Kimonos**

1. **Name of dress**: Kimono
2. **Country of origin**: Japan
3. **Continent of origin**: Asia",meta-llama/Llama-3.1-8B-Instruct,30,0.01902587519025875
"Name a cultural wear and provide: 1) Name of dress, 2) Country of origin, 3) Continent of origin","Let's take the ""Sari"".

1. Name of dress: Sari
2. Country of origin: India
3. Continent of origin: Asia",meta-llama/Llama-3.1-8B-Instruct,49,0.018645357686453576
"Name a cultural wear and provide: 1) Name of dress, 2) Country of origin, 3) Continent of origin","Kimonos are the cultural wear I'd like to name.

1. **Name of dress:** Kimono
2. **Country of origin:** Japan
3. **Continent of origin:** Asia",meta-llama/Llama-3.1-8B-Instruct,70,0.0182648401826484
"Name a cultural wear and provide: 1) Name of dress, 2) Country of origin, 3) Continent of origin","Let's consider the ""Sari"".

1. Name of dress: Sari
2. Country of origin: India, Sri Lanka, and various other countries in South Asia
3. Continent of origin: Asia",meta-llama/Llama-3.1-8B-Instruct,75,0.017884322678843226
"Name a cultural wear and provide: 1) Name of dress, 2) Country of origin, 3) Continent of origin","The cultural wear I'd like to mention is the ""Sari"".

1. Name of dress: Sari
2. Country of origin: India (and other countries in the Indian subcontinent, such as Sri Lanka and Bangladesh)
3. Continent of origin: Asia",meta-llama/Llama-3.1-8B-Instruct,23,0.017884322678843226
"Name a cultural wear and provide: 1) Name of dress, 2) Country of origin, 3) Continent of origin","Let's consider the ""Sari"".

1. Name of dress: Sari
2. Country of origin: India
3. Continent of origin: Asia",meta-llama/Llama-3.1-8B-Instruct,66,0.01750380517503805
"Name a cultural wear and provide: 1) Name of dress, 2) Country of origin, 3) Continent of origin","Here's a cultural wear example:

1. Name of dress: Sari
2. Country of origin: India
3. Continent of origin: Asia",meta-llama/Llama-3.1-8B-Instruct,24,0.017123287671232876
"Name a cultural wear and provide: 1) Name of dress, 2) Country of origin, 3) Continent of origin","Here's a cultural wear example:

1. Name of dress: Sari
2. Country of origin: India
3. Continent of origin: Asia",meta-llama/Llama-3.1-8B-Instruct,7,0.017123287671232876
"Name a cultural wear and provide: 1) Name of dress, 2) Country of origin, 3) Continent of origin","Here's a cultural wear example:

1. Name of dress: Sari
2. Country of origin: India
3. Continent of origin: Asia",meta-llama/Llama-3.1-8B-Instruct,73,0.017123287671232876
"Name a cultural wear and provide: 1) Name of dress, 2) Country of origin, 3) Continent of origin","Here's a cultural wear example:

1. Name of dress: Sari
2. Country of origin: India
3. Continent of origin: Asia",meta-llama/Llama-3.1-8B-Instruct,72,0.017123287671232876
"Name a cultural wear and provide: 1) Name of dress, 2) Country of origin, 3) Continent of origin","An example of a traditional cultural dress is the ""Sari"".

1. Name of dress: Sari
2. Country of origin: India
3. Continent of origin: Asia",meta-llama/Llama-3.1-8B-Instruct,64,0.0167427701674277
"Name a cultural wear and provide: 1) Name of dress, 2) Country of origin, 3) Continent of origin","Here's an example: 

1) Name of dress: Sari
2) Country of origin: India
3) Continent of origin: Asia",meta-llama/Llama-3.1-8B-Instruct,56,0.0167427701674277
"Name a cultural wear and provide: 1) Name of dress, 2) Country of origin, 3) Continent of origin","Let's consider a cultural wear: Saree.

1. Name of dress: Saree
2. Country of origin: India
3. Continent of origin: Asia",meta-llama/Llama-3.1-8B-Instruct,58,0.01598173515981735
"Name a cultural wear and provide: 1) Name of dress, 2) Country of origin, 3) Continent of origin","Here's an example: 

1. Name of dress: Sari
2. Country of origin: India
3. Continent of origin: Asia",meta-llama/Llama-3.1-8B-Instruct,53,0.01598173515981735
"Name a cultural wear and provide: 1) Name of dress, 2) Country of origin, 3) Continent of origin","Here's an example: 

1. Name of dress: Sari
2. Country of origin: India
3. Continent of origin: Asia",meta-llama/Llama-3.1-8B-Instruct,43,0.01598173515981735
"Name a cultural wear and provide: 1) Name of dress, 2) Country of origin, 3) Continent of origin","Here's an example of a cultural wear:

1. Name of dress: Sari
2. Country of origin: India
3. Continent of origin: Asia",meta-llama/Llama-3.1-8B-Instruct,35,0.015601217656012176
"Name a cultural wear and provide: 1) Name of dress, 2) Country of origin, 3) Continent of origin","Here's an example of a cultural wear:

1. Name of dress: Sari
2. Country of origin: India, Sri Lanka, and other parts of South Asia
3. Continent of origin: Asia",meta-llama/Llama-3.1-8B-Instruct,52,0.014840182648401826
"Name a cultural wear and provide: 1) Name of dress, 2) Country of origin, 3) Continent of origin","One cultural wear is the Lehenga. 

1. Name of dress: Lehenga
2. Country of origin: India
3. Continent of origin: Asia",meta-llama/Llama-3.1-8B-Instruct,40,0.014840182648401826
"Name a cultural wear and provide: 1) Name of dress, 2) Country of origin, 3) Continent of origin","A cultural wear is: Kimono 

1. Name of dress: Kimono
2. Country of origin: Japan
3. Continent of origin: Asia",meta-llama/Llama-3.1-8B-Instruct,34,0.014840182648401826
"Name a cultural wear and provide: 1) Name of dress, 2) Country of origin, 3) Continent of origin","Here's an example of a cultural wear:

1. **Name of dress:** Sari
2. **Country of origin:** India
3. **Continent of origin:** Asia",meta-llama/Llama-3.1-8B-Instruct,17,0.0136986301369863
"Name a cultural wear and provide: 1) Name of dress, 2) Country of origin, 3) Continent of origin","Here's a cultural wear example:

1. Name of dress: Sarong
2. Country of origin: Indonesia
3. Continent of origin: Asia",meta-llama/Llama-3.1-8B-Instruct,1,0.013318112633181126
"Name a cultural wear and provide: 1) Name of dress, 2) Country of origin, 3) Continent of origin","Sari is a cultural wear. 

1. Name of dress: Sari
2. Country of origin: India, Sri Lanka, and other parts of South Asia
3. Continent of origin: Asia",meta-llama/Llama-3.1-8B-Instruct,51,0.013318112633181126
"Name a cultural wear and provide: 1) Name of dress, 2) Country of origin, 3) Continent of origin","Let's take the example of a traditional dress: 

1. Name of dress: Sari
2. Country of origin: India
3. Continent of origin: Asia",meta-llama/Llama-3.1-8B-Instruct,27,0.01293759512937595
"Name a cultural wear and provide: 1) Name of dress, 2) Country of origin, 3) Continent of origin","Kurta.

1. Name of dress: Kurta
2. Country of origin: India
3. Continent of origin: Asia",meta-llama/Llama-3.1-8B-Instruct,79,0.01293759512937595
"Name a cultural wear and provide: 1) Name of dress, 2) Country of origin, 3) Continent of origin","Kurta: 
1. Name of dress - Kurta
2. Country of origin - India
3. Continent of origin - Asia",meta-llama/Llama-3.1-8B-Instruct,15,0.012557077625570776
"Name a cultural wear and provide: 1) Name of dress, 2) Country of origin, 3) Continent of origin","I will choose the ""Sari"" as the cultural wear.

1. Name of dress: Sari
2. Country of origin: India
3. Continent of origin: Asia",meta-llama/Llama-3.1-8B-Instruct,54,0.0121765601217656
"Name a cultural wear and provide: 1) Name of dress, 2) Country of origin, 3) Continent of origin","Sari is a type of cultural wear. 

1. Name of dress: Sari
2. Country of origin: India
3. Continent of origin: Asia",meta-llama/Llama-3.1-8B-Instruct,32,0.0121765601217656
"Name a cultural wear and provide: 1) Name of dress, 2) Country of origin, 3) Continent of origin","Let's consider the ""Kurta"".

1. Name of dress: Kurta
2. Country of origin: India
3. Continent of origin: Asia",meta-llama/Llama-3.1-8B-Instruct,20,0.0121765601217656
"Name a cultural wear and provide: 1) Name of dress, 2) Country of origin, 3) Continent of origin","One cultural wear is the 'Sari'. 

1) Name of dress: Sari
2) Country of origin: India
3) Continent of origin: Asia",meta-llama/Llama-3.1-8B-Instruct,42,0.011035007610350075
"Name a cultural wear and provide: 1) Name of dress, 2) Country of origin, 3) Continent of origin","Sari is a cultural wear. 

1. Name of dress: Sari
2. Country of origin: India (originated in the Indian subcontinent)
3. Continent of origin: Asia",meta-llama/Llama-3.1-8B-Instruct,33,0.0106544901065449
"Name a cultural wear and provide: 1) Name of dress, 2) Country of origin, 3) Continent of origin","One example is the Sari.

1. Name of dress: Sari
2. Country of origin: India
3. Continent of origin: Asia",meta-llama/Llama-3.1-8B-Instruct,14,0.010273972602739725
"Name a cultural wear and provide: 1) Name of dress, 2) Country of origin, 3) Continent of origin","One cultural wear is the ""Sari"".

1. Name of dress: Sari
2. Country of origin: India
3. Continent of origin: Asia",meta-llama/Llama-3.1-8B-Instruct,61,0.010273972602739725
"Name a cultural wear and provide: 1) Name of dress, 2) Country of origin, 3) Continent of origin","One cultural wear is the ""Sari"".

1. Name of dress: Sari
2. Country of origin: India
3. Continent of origin: Asia",meta-llama/Llama-3.1-8B-Instruct,74,0.010273972602739725
"Name a cultural wear and provide: 1) Name of dress, 2) Country of origin, 3) Continent of origin","One cultural wear is the ""Sari"".

1. **Name of dress:** Sari
2. **Country of origin:** India
3. **Continent of origin:** Asia",meta-llama/Llama-3.1-8B-Instruct,6,0.00989345509893455
"Name a cultural wear and provide: 1) Name of dress, 2) Country of origin, 3) Continent of origin","Here's a cultural wear:

1. **Name of dress**: Kaftan
2. **Country of origin**: Egypt (Although also widely used in other Middle Eastern and North African countries)
3. **Continent of origin**: Asia/Africa (Middle East/North Africa)",meta-llama/Llama-3.1-8B-Instruct,8,0.009512937595129375
"Name a cultural wear and provide: 1) Name of dress, 2) Country of origin, 3) Continent of origin","I'll provide information about the ""Burqa"".

1. Name of dress: Burqa
2. Country of origin: Afghanistan
3. Continent of origin: Asia",meta-llama/Llama-3.1-8B-Instruct,29,0.0091324200913242
"Name a cultural wear and provide: 1) Name of dress, 2) Country of origin, 3) Continent of origin","The Sari is a cultural wear.

1. Name of dress: Sari
2. Country of origin: India (However, it is also worn in other countries such as Sri Lanka, Nepal, and Pakistan)
3. Continent of origin: Asia",meta-llama/Llama-3.1-8B-Instruct,18,0.008751902587519025
"Name a cultural wear and provide: 1) Name of dress, 2) Country of origin, 3) Continent of origin","I'd like to introduce the ""Sari"".

1. Name of dress: Sari
2. Country of origin: India (originally) and Sri Lanka (also has its own version)
3. Continent of origin: Asia",meta-llama/Llama-3.1-8B-Instruct,76,0.00837138508371385
"Name a cultural wear and provide: 1) Name of dress, 2) Country of origin, 3) Continent of origin","Here's a cultural wear:

1. Name of dress: Sari
2. Country of origin: India
3. Continent of origin: Asia",meta-llama/Llama-3.1-8B-Instruct,37,0.00837138508371385
"Name a cultural wear and provide: 1) Name of dress, 2) Country of origin, 3) Continent of origin","Sari is a cultural wear. 

1. Name of dress: Sari
2. Country of origin: India 
3. Continent of origin: Asia",meta-llama/Llama-3.1-8B-Instruct,22,0.00837138508371385
"Name a cultural wear and provide: 1) Name of dress, 2) Country of origin, 3) Continent of origin","Sari is a cultural wear. 
1) Name of dress: Sari
2) Country of origin: India
3) Continent of origin: Asia",meta-llama/Llama-3.1-8B-Instruct,21,0.00837138508371385
"Name a cultural wear and provide: 1) Name of dress, 2) Country of origin, 3) Continent of origin","Sari is a cultural wear. 

1. Name of dress: Sari
2. Country of origin: India
3. Continent of origin: Asia",meta-llama/Llama-3.1-8B-Instruct,45,0.007990867579908675
"Name a cultural wear and provide: 1) Name of dress, 2) Country of origin, 3) Continent of origin","The cultural wear I'd like to name is the ""Sari"".

1. Name of dress: Sari
2. Country of origin: India
3. Continent of origin: Asia",meta-llama/Llama-3.1-8B-Instruct,67,0.0076103500761035
"Name a cultural wear and provide: 1) Name of dress, 2) Country of origin, 3) Continent of origin","A cultural wear is the Sari. 

1. Name of dress: Sari
2. Country of origin: India
3. Continent of origin: Asia",meta-llama/Llama-3.1-8B-Instruct,12,0.0076103500761035
"Name a cultural wear and provide: 1) Name of dress, 2) Country of origin, 3) Continent of origin","Kurta - 

1. Name of dress: Kurta
2. Country of origin: India
3. Continent of origin: Asia",meta-llama/Llama-3.1-8B-Instruct,39,0.0076103500761035
"Name a cultural wear and provide: 1) Name of dress, 2) Country of origin, 3) Continent of origin","Here's an example:

1. Name of dress: Sarong
2. Country of origin: Indonesia
3. Continent of origin: Asia",meta-llama/Llama-3.1-8B-Instruct,41,0.007229832572298325
"Name a cultural wear and provide: 1) Name of dress, 2) Country of origin, 3) Continent of origin","I'll name a cultural wear: Sari.

1. Name of dress: Sari
2. Country of origin: India
3. Continent of origin: Asia",meta-llama/Llama-3.1-8B-Instruct,59,0.0060882800608828
"Name a cultural wear and provide: 1) Name of dress, 2) Country of origin, 3) Continent of origin","The cultural wear is a Sari.

1. Name of dress: Sari
2. Country of origin: India
3. Continent of origin: Asia",meta-llama/Llama-3.1-8B-Instruct,36,0.0060882800608828
"Name a cultural wear and provide: 1) Name of dress, 2) Country of origin, 3) Continent of origin","Here's an example of a cultural wear:

1. Name of dress: Sarong
2. Country of origin: Indonesia, Malaysia, and other Southeast Asian countries
3. Continent of origin: Asia",meta-llama/Llama-3.1-8B-Instruct,26,0.00532724505327245
"Name a cultural wear and provide: 1) Name of dress, 2) Country of origin, 3) Continent of origin","Kurta: 
1. Name of dress: Kurta
2. Country of origin: India, Pakistan
3. Continent of origin: Asia",meta-llama/Llama-3.1-8B-Instruct,4,0.004946727549467275
"Name a cultural wear and provide: 1) Name of dress, 2) Country of origin, 3) Continent of origin","Let's take the example of the Sarong.

1. Name of dress: Sarong
2. Country of origin: Indonesia and Malaysia
3. Continent of origin: Asia

The Sarong is a common garment in many Southeast Asian cultures, particularly in Indonesia, Malaysia, and the Philippines. It is a long piece of fabric that is wrapped around the waist and can be worn in various ways, symbolizing modesty and cultural identity.",meta-llama/Llama-3.1-8B-Instruct,55,0.0045662100456621
"Name a cultural wear and provide: 1) Name of dress, 2) Country of origin, 3) Continent of origin","A Sari:

1. Name of dress: Sari
2. Country of origin: India
3. Continent of origin: Asia",meta-llama/Llama-3.1-8B-Instruct,13,0.004185692541856925
"Name a cultural wear and provide: 1) Name of dress, 2) Country of origin, 3) Continent of origin","I'll name the Burqa as the cultural wear.

1. Name of dress: Burqa
2. Country of origin: Afghanistan
3. Continent of origin: Asia",meta-llama/Llama-3.1-8B-Instruct,2,0.004185692541856925
"Name a cultural wear and provide: 1) Name of dress, 2) Country of origin, 3) Continent of origin","One cultural wear is the Sari. 

 1) Name of dress: Sari
 2) Country of origin: India (However, the Sari is also widely worn in other countries such as Sri Lanka, Nepal, Pakistan and Bangladesh with similar origins. The definition of ""country of origin"" can sometimes be difficult to pinpoint with clothing items.)
 3) Continent of origin: Asia",meta-llama/Llama-3.1-8B-Instruct,65,0.001902587519025875
"Name a cultural wear and provide: 1) Name of dress, 2) Country of origin, 3) Continent of origin","Here's a cultural wear:

1. Name of dress: Sarong
2. Country of origin: Indonesia
3. Continent of origin: Asia

However, the Sarong is also commonly worn in other Southeast Asian countries such as Malaysia and Thailand.",meta-llama/Llama-3.1-8B-Instruct,62,0.0015220700152207
"Name a cultural wear and provide: 1) Name of dress, 2) Country of origin, 3) Continent of origin","Sari is a cultural dress that I will describe:

1. Name of dress: Sari
2. Country of origin: India, Sri Lanka, and other parts of the Indian subcontinent as well as Southeast Asia 
3. Continent of origin: Asia",meta-llama/Llama-3.1-8B-Instruct,44,0.0015220700152207
"Name a cultural wear and provide: 1) Name of dress, 2) Country of origin, 3) Continent of origin","Here's a cultural wear example:

1. Name of dress: Kaftan
2. Country of origin: Egypt
3. Continent of origin: Asia (specifically, North Africa which is sometimes considered a transcontinental region but generally categorized under the continent of Africa",meta-llama/Llama-3.1-8B-Instruct,16,0.00076103500761035
"Name a cultural wear and provide: 1) Name of dress, 2) Country of origin, 3) Continent of origin","I'll name the ""Kanga"" dress. 

1. Name of dress: Kanga Dress
2. Country of origin: Australia
3. Continent of origin: Oceania",meta-llama/Llama-3.1-8B-Instruct,69,0.000380517503805175
"Name a cultural wear and provide: 1) Name of dress, 2) Country of origin, 3) Continent of origin","Let's take the ""Harambee Sash"" as an example of a cultural wear.

1. **Name of dress:** Harambee Sash
2. **Country of origin:** Kenya
3. **Continent of origin:** Africa",meta-llama/Llama-3.1-8B-Instruct,63,0.000380517503805175
"Name a traditional clothing and provide: 1) Name of clothing, 2) Country of origin, 3) Continent of origin","Here's an example:

1. Name of clothing: Kimono
2. Country of origin: Japan
3. Continent of origin: Asia

The Kimono is a traditional garment originating from Japan, often worn on special occasions such as weddings and festivals. It's a long, wrap-around robe made from silk or other materials, typically adorned with intricate designs and patterns.",meta-llama/Llama-3.1-8B-Instruct,25,0.03770739064856712
"Name a traditional clothing and provide: 1) Name of clothing, 2) Country of origin, 3) Continent of origin","Here's a traditional clothing item:

1. Name of clothing: Kimono
2. Country of origin: Japan
3. Continent of origin: Asia

The Kimono is a traditional Japanese garment that is worn on special occasions such as weddings, tea ceremonies, and New Year's celebrations. It is a long, draped robe with intricate designs and patterns, often made of silk.",meta-llama/Llama-3.1-8B-Instruct,7,0.03770739064856712
"Name a traditional clothing and provide: 1) Name of clothing, 2) Country of origin, 3) Continent of origin","Here are a few examples of traditional clothing:

1. **Kimonos**
   - 1) Name of clothing: Kimono
   - 2) Country of origin: Japan
   - 3) Continent of origin: Asia

2. **Tunics (Dhoti)**
   - 1) Name of clothing: Dhoti (Tunic)
   - 2) Country of origin: India
   - 3) Continent of origin: Asia

3. **Hijab**
   - 1) Name of clothing: Hijab
   - 2) Country of origin: Middle East (Commonly worn in countries such as Iran, Saudi Arabia, etc.)
   - 3) Continent of origin: Asia

4. **Togas**
   - 1) Name of clothing: Toga
   - 2) Country of origin: Ancient Rome (Worn in what is now modern Italy)
   - 3) Continent of origin: Europe

5. **Kilts**
   - 1) Name of clothing: Kilt
   - 2) Country of origin: Scotland
   - 3) Continent of origin: Europe",meta-llama/Llama-3.1-8B-Instruct,19,0.03770739064856712
"Name a traditional clothing and provide: 1) Name of clothing, 2) Country of origin, 3) Continent of origin","I'll name a traditional clothing item:

1. **Kimono**: The Kimono is a traditional garment originating from Japan.

2. Country of Origin: Japan

3. Continent of Origin: Asia",meta-llama/Llama-3.1-8B-Instruct,74,0.033936651583710405
"Name a traditional clothing and provide: 1) Name of clothing, 2) Country of origin, 3) Continent of origin","Here's an example of traditional clothing:

1. Name of clothing: Kimono
2. Country of origin: Japan
3. Continent of origin: Asia

The Kimono is a traditional garment in Japan that has been worn for centuries, symbolizing elegance, beauty, and cultural heritage. It is a long, often intricately designed, robe-like garment that is typically worn on special occasions.",meta-llama/Llama-3.1-8B-Instruct,18,0.033936651583710405
"Name a traditional clothing and provide: 1) Name of clothing, 2) Country of origin, 3) Continent of origin","Here's a traditional clothing item with the requested information:

1. Name of clothing: Kimono
2. Country of origin: Japan
3. Continent of origin: Asia",meta-llama/Llama-3.1-8B-Instruct,78,0.033182503770739065
"Name a traditional clothing and provide: 1) Name of clothing, 2) Country of origin, 3) Continent of origin","Here's a traditional clothing item:

1. **Kimono**: 
   * The Kimono is a traditional garment originating from Japan, specifically designed for special occasions.
   * 2. Country of origin: **Japan**
   * 3. Continent of origin: **Asia**",meta-llama/Llama-3.1-8B-Instruct,0,0.03167420814479638
"Name a traditional clothing and provide: 1) Name of clothing, 2) Country of origin, 3) Continent of origin","I'll provide information about the traditional clothing ""Kimono"".

1. **Name of clothing:** Kimono
2. **Country of origin:** Japan
3. **Continent of origin:** Asia",meta-llama/Llama-3.1-8B-Instruct,38,0.03167420814479638
"Name a traditional clothing and provide: 1) Name of clothing, 2) Country of origin, 3) Continent of origin","I'll choose the traditional clothing ""Kimono."" 

1. Name of clothing: Kimono
2. Country of origin: Japan
3. Continent of origin: Asia",meta-llama/Llama-3.1-8B-Instruct,22,0.03092006033182504
"Name a traditional clothing and provide: 1) Name of clothing, 2) Country of origin, 3) Continent of origin","1. Name of clothing: Kimono
2. Country of origin: Japan
3. Continent of origin: Asia",meta-llama/Llama-3.1-8B-Instruct,49,0.030165912518853696
"Name a traditional clothing and provide: 1) Name of clothing, 2) Country of origin, 3) Continent of origin","Kimonos are traditional Japanese clothing.

1. Name of clothing: Kimono
2. Country of origin: Japan
3. Continent of origin: Asia",meta-llama/Llama-3.1-8B-Instruct,17,0.029411764705882353
"Name a traditional clothing and provide: 1) Name of clothing, 2) Country of origin, 3) Continent of origin","Here's a traditional clothing item:

1. Name of clothing: Sarong
2. Country of origin: Indonesia
3. Continent of origin: Asia",meta-llama/Llama-3.1-8B-Instruct,5,0.02790346907993967
"Name a traditional clothing and provide: 1) Name of clothing, 2) Country of origin, 3) Continent of origin","Here's a traditional clothing example: 

1. Name of clothing: Sarong
2. Country of origin: Indonesia
3. Continent of origin: Asia",meta-llama/Llama-3.1-8B-Instruct,67,0.026395173453996983
"Name a traditional clothing and provide: 1) Name of clothing, 2) Country of origin, 3) Continent of origin","Kimonos 
1) Name of clothing:  Kimono
2) Country of origin: Japan
3) Continent of origin: Asia",meta-llama/Llama-3.1-8B-Instruct,50,0.026395173453996983
"Name a traditional clothing and provide: 1) Name of clothing, 2) Country of origin, 3) Continent of origin","Kimonos 
1. Name of clothing:  Kimono
2. Country of origin:  Japan
3. Continent of origin: Asia",meta-llama/Llama-3.1-8B-Instruct,79,0.024886877828054297
"Name a traditional clothing and provide: 1) Name of clothing, 2) Country of origin, 3) Continent of origin","Here's a traditional clothing item:

1. **Name of clothing:** Kente cloth
2. **Country of origin:** Ghana
3. **Continent of origin:** Africa",meta-llama/Llama-3.1-8B-Instruct,34,0.024886877828054297
"Name a traditional clothing and provide: 1) Name of clothing, 2) Country of origin, 3) Continent of origin","Let's take the traditional clothing of ""Kimono"".

1. Name of clothing: Kimono
2. Country of origin: Japan
3. Continent of origin: Asia",meta-llama/Llama-3.1-8B-Instruct,68,0.024132730015082957
"Name a traditional clothing and provide: 1) Name of clothing, 2) Country of origin, 3) Continent of origin","Let's take the traditional clothing of ""Kimono"".

1. Name of clothing: Kimono
2. Country of origin: Japan
3. Continent of origin: Asia",meta-llama/Llama-3.1-8B-Instruct,6,0.024132730015082957
"Name a traditional clothing and provide: 1) Name of clothing, 2) Country of origin, 3) Continent of origin","Here's an example:

1. **Name of clothing:** Kimono
2. **Country of origin:** Japan
3. **Continent of origin:** Asia",meta-llama/Llama-3.1-8B-Instruct,26,0.024132730015082957
"Name a traditional clothing and provide: 1) Name of clothing, 2) Country of origin, 3) Continent of origin","Here's an example:

1. **Name of clothing:** Kimono
2. **Country of origin:** Japan
3. **Continent of origin:** Asia",meta-llama/Llama-3.1-8B-Instruct,48,0.024132730015082957
"Name a traditional clothing and provide: 1) Name of clothing, 2) Country of origin, 3) Continent of origin","Here's an example: 

1. Name of clothing: Kimono
2. Country of origin: Japan
3. Continent of origin: Asia",meta-llama/Llama-3.1-8B-Instruct,14,0.024132730015082957
"Name a traditional clothing and provide: 1) Name of clothing, 2) Country of origin, 3) Continent of origin","Here's an example:

1. Traditional clothing: Kimono
2. Country of origin: Japan
3. Continent of origin: Asia",meta-llama/Llama-3.1-8B-Instruct,61,0.024132730015082957
"Name a traditional clothing and provide: 1) Name of clothing, 2) Country of origin, 3) Continent of origin","Here's an example:

1. Traditional clothing: Kimono
2. Country of origin: Japan
3. Continent of origin: Asia",meta-llama/Llama-3.1-8B-Instruct,73,0.024132730015082957
"Name a traditional clothing and provide: 1) Name of clothing, 2) Country of origin, 3) Continent of origin","Kimonos 
1. Name of clothing: Kimono
2. Country of origin: Japan
3. Continent of origin: Asia",meta-llama/Llama-3.1-8B-Instruct,43,0.024132730015082957
"Name a traditional clothing and provide: 1) Name of clothing, 2) Country of origin, 3) Continent of origin","Here's an example:

1. Name of clothing: Kimono
2. Country of origin: Japan
3. Continent of origin: Asia",meta-llama/Llama-3.1-8B-Instruct,28,0.023378582202111614
"Name a traditional clothing and provide: 1) Name of clothing, 2) Country of origin, 3) Continent of origin","Here's an example:

1. Name of clothing: Kimono
2. Country of origin: Japan
3. Continent of origin: Asia",meta-llama/Llama-3.1-8B-Instruct,15,0.023378582202111614
"Name a traditional clothing and provide: 1) Name of clothing, 2) Country of origin, 3) Continent of origin","Here's an example:

1. Name of clothing: Kimono
2. Country of origin: Japan
3. Continent of origin: Asia",meta-llama/Llama-3.1-8B-Instruct,60,0.023378582202111614
"Name a traditional clothing and provide: 1) Name of clothing, 2) Country of origin, 3) Continent of origin","Here's an example:

1. Name of clothing: Kimono
2. Country of origin: Japan
3. Continent of origin: Asia",meta-llama/Llama-3.1-8B-Instruct,52,0.023378582202111614
"Name a traditional clothing and provide: 1) Name of clothing, 2) Country of origin, 3) Continent of origin","I'll provide information about the Kimono:

1. Name of clothing: Kimono
2. Country of origin: Japan
3. Continent of origin: Asia",meta-llama/Llama-3.1-8B-Instruct,69,0.02262443438914027
"Name a traditional clothing and provide: 1) Name of clothing, 2) Country of origin, 3) Continent of origin","Here's one:

1. **Name of clothing:** Kimono
2. **Country of origin:** Japan
3. **Continent of origin:** Asia",meta-llama/Llama-3.1-8B-Instruct,39,0.02262443438914027
"Name a traditional clothing and provide: 1) Name of clothing, 2) Country of origin, 3) Continent of origin","Sari  
1. Name of clothing: Sari
2. Country of origin: India (although it's also worn in other countries like Sri Lanka and Nepal)
3. Continent of origin: Asia",meta-llama/Llama-3.1-8B-Instruct,35,0.020361990950226245
"Name a traditional clothing and provide: 1) Name of clothing, 2) Country of origin, 3) Continent of origin","Here's a traditional clothing example:

1. **Name of clothing:** Kimono
2. **Country of origin:** Japan
3. **Continent of origin:** Asia",meta-llama/Llama-3.1-8B-Instruct,12,0.0196078431372549
"Name a traditional clothing and provide: 1) Name of clothing, 2) Country of origin, 3) Continent of origin","Here's a traditional clothing example:

1. **Name of clothing:** Kimono
2. **Country of origin:** Japan
3. **Continent of origin:** Asia",meta-llama/Llama-3.1-8B-Instruct,56,0.0196078431372549
"Name a traditional clothing and provide: 1) Name of clothing, 2) Country of origin, 3) Continent of origin","Here's a traditional clothing item:

1. **Name of clothing:** Kimono
2. **Country of origin:** Japan
3. **Continent of origin:** Asia",meta-llama/Llama-3.1-8B-Instruct,8,0.01885369532428356
"Name a traditional clothing and provide: 1) Name of clothing, 2) Country of origin, 3) Continent of origin","Here's a traditional clothing item:

1. **Name of clothing:** Kimono
2. **Country of origin:** Japan
3. **Continent of origin:** Asia",meta-llama/Llama-3.1-8B-Instruct,63,0.01885369532428356
"Name a traditional clothing and provide: 1) Name of clothing, 2) Country of origin, 3) Continent of origin","Traditional clothing: ""Kimono""

1. Name of clothing: Kimono
2. Country of origin: Japan
3. Continent of origin: Asia",meta-llama/Llama-3.1-8B-Instruct,20,0.017345399698340876
"Name a traditional clothing and provide: 1) Name of clothing, 2) Country of origin, 3) Continent of origin","Here's a traditional clothing example:

1. Name of clothing: Kimono
2. Country of origin: Japan
3. Continent of origin: Asia",meta-llama/Llama-3.1-8B-Instruct,2,0.016591251885369532
"Name a traditional clothing and provide: 1) Name of clothing, 2) Country of origin, 3) Continent of origin","Here's a traditional clothing example:

1. Name of clothing: Kimono
2. Country of origin: Japan
3. Continent of origin: Asia",meta-llama/Llama-3.1-8B-Instruct,46,0.016591251885369532
"Name a traditional clothing and provide: 1) Name of clothing, 2) Country of origin, 3) Continent of origin","Here's a traditional clothing example:

1. Name of clothing: Kimono
2. Country of origin: Japan
3. Continent of origin: Asia",meta-llama/Llama-3.1-8B-Instruct,42,0.016591251885369532
"Name a traditional clothing and provide: 1) Name of clothing, 2) Country of origin, 3) Continent of origin","Here's a traditional clothing example:

1. Name of clothing: Kimono
2. Country of origin: Japan
3. Continent of origin: Asia",meta-llama/Llama-3.1-8B-Instruct,41,0.016591251885369532
"Name a traditional clothing and provide: 1) Name of clothing, 2) Country of origin, 3) Continent of origin","Here's a traditional clothing example:

1. Name of clothing: Kimono
2. Country of origin: Japan
3. Continent of origin: Asia",meta-llama/Llama-3.1-8B-Instruct,77,0.016591251885369532
"Name a traditional clothing and provide: 1) Name of clothing, 2) Country of origin, 3) Continent of origin","Here's a traditional clothing example:

1. Name of clothing: Kimono
2. Country of origin: Japan
3. Continent of origin: Asia",meta-llama/Llama-3.1-8B-Instruct,76,0.016591251885369532
"Name a traditional clothing and provide: 1) Name of clothing, 2) Country of origin, 3) Continent of origin","Here's an example of traditional clothing:

1. **Name of clothing:** Kimono
2. **Country of origin:** Japan
3. **Continent of origin:** Asia",meta-llama/Llama-3.1-8B-Instruct,53,0.016591251885369532
"Name a traditional clothing and provide: 1) Name of clothing, 2) Country of origin, 3) Continent of origin","Here's an example of traditional clothing:

1. Name of clothing: Kimono
2. Country of origin: Japan
3. Continent of origin: Asia",meta-llama/Llama-3.1-8B-Instruct,24,0.015082956259426848
"Name a traditional clothing and provide: 1) Name of clothing, 2) Country of origin, 3) Continent of origin","Here's an example of traditional clothing:

1. Name of clothing: Kimono
2. Country of origin: Japan
3. Continent of origin: Asia",meta-llama/Llama-3.1-8B-Instruct,62,0.015082956259426848
"Name a traditional clothing and provide: 1) Name of clothing, 2) Country of origin, 3) Continent of origin","Here's an example of traditional clothing:

1. Name of clothing: Kimono
2. Country of origin: Japan
3. Continent of origin: Asia",meta-llama/Llama-3.1-8B-Instruct,1,0.015082956259426848
"Name a traditional clothing and provide: 1) Name of clothing, 2) Country of origin, 3) Continent of origin","Here's an example of traditional clothing:

1. Name of clothing: Kimono
2. Country of origin: Japan
3. Continent of origin: Asia",meta-llama/Llama-3.1-8B-Instruct,23,0.015082956259426848
"Name a traditional clothing and provide: 1) Name of clothing, 2) Country of origin, 3) Continent of origin","Here's a traditional clothing:

1. **Name of clothing:** Kimono
2. **Country of origin:** Japan
3. **Continent of origin:** Asia",meta-llama/Llama-3.1-8B-Instruct,75,0.015082956259426848
"Name a traditional clothing and provide: 1) Name of clothing, 2) Country of origin, 3) Continent of origin","Here's an example of traditional clothing: 

1. Name of clothing: Kimono
2. Country of origin: Japan
3. Continent of origin: Asia",meta-llama/Llama-3.1-8B-Instruct,29,0.014328808446455505
"Name a traditional clothing and provide: 1) Name of clothing, 2) Country of origin, 3) Continent of origin","I'll name a traditional clothing item: 

1. Name of clothing: Kimono
2. Country of origin: Japan
3. Continent of origin: Asia",meta-llama/Llama-3.1-8B-Instruct,30,0.014328808446455505
"Name a traditional clothing and provide: 1) Name of clothing, 2) Country of origin, 3) Continent of origin","Here's a traditional clothing item:

 1. Name of clothing: Kimono
 2. Country of origin: Japan
 3. Continent of origin: Asia",meta-llama/Llama-3.1-8B-Instruct,40,0.013574660633484163
"Name a traditional clothing and provide: 1) Name of clothing, 2) Country of origin, 3) Continent of origin","Here's a traditional clothing item:

1. Name of clothing: Kimono
2. Country of origin: Japan
3. Continent of origin: Asia",meta-llama/Llama-3.1-8B-Instruct,57,0.01282051282051282
"Name a traditional clothing and provide: 1) Name of clothing, 2) Country of origin, 3) Continent of origin","Here's a traditional clothing item:

1. Name of clothing: Kimono
2. Country of origin: Japan
3. Continent of origin: Asia",meta-llama/Llama-3.1-8B-Instruct,3,0.01282051282051282
"Name a traditional clothing and provide: 1) Name of clothing, 2) Country of origin, 3) Continent of origin","Here's a traditional clothing item:

1. Name of clothing: Kimono
2. Country of origin: Japan
3. Continent of origin: Asia",meta-llama/Llama-3.1-8B-Instruct,4,0.01282051282051282
"Name a traditional clothing and provide: 1) Name of clothing, 2) Country of origin, 3) Continent of origin","Here's a traditional clothing item:

1. Name of clothing: Kimono
2. Country of origin: Japan
3. Continent of origin: Asia",meta-llama/Llama-3.1-8B-Instruct,37,0.01282051282051282
"Name a traditional clothing and provide: 1) Name of clothing, 2) Country of origin, 3) Continent of origin","Here's a traditional clothing item:

1. Name of clothing: Kimono
2. Country of origin: Japan
3. Continent of origin: Asia",meta-llama/Llama-3.1-8B-Instruct,21,0.01282051282051282
"Name a traditional clothing and provide: 1) Name of clothing, 2) Country of origin, 3) Continent of origin","One example of traditional clothing is the:

 **Kimono**

 1. Name of clothing: Kimono
 2. Country of origin: Japan
 3. Continent of origin: Asia",meta-llama/Llama-3.1-8B-Instruct,51,0.01282051282051282
"Name a traditional clothing and provide: 1) Name of clothing, 2) Country of origin, 3) Continent of origin","I'll provide an example:

1. **Name of clothing:** Kimono
2. **Country of origin:** Japan
3. **Continent of origin:** Asia",meta-llama/Llama-3.1-8B-Instruct,31,0.012066365007541479
"Name a traditional clothing and provide: 1) Name of clothing, 2) Country of origin, 3) Continent of origin","Here's a traditional clothing example:

 1. **Name of clothing**: Kimono
2. **Country of origin**: Japan
3. **Continent of origin**: Asia",meta-llama/Llama-3.1-8B-Instruct,55,0.011312217194570135
"Name a traditional clothing and provide: 1) Name of clothing, 2) Country of origin, 3) Continent of origin","Here's a traditional clothing example:

1. **Name of clothing**: Kimono
2. **Country of origin**: Japan
3. **Continent of origin**: Asia",meta-llama/Llama-3.1-8B-Instruct,58,0.010558069381598794
"Name a traditional clothing and provide: 1) Name of clothing, 2) Country of origin, 3) Continent of origin","Here's a traditional clothing example:

1. **Name of clothing**: Kimono
2. **Country of origin**: Japan
3. **Continent of origin**: Asia",meta-llama/Llama-3.1-8B-Instruct,36,0.010558069381598794
"Name a traditional clothing and provide: 1) Name of clothing, 2) Country of origin, 3) Continent of origin","Here's an example:

1. **Name of Clothing**: Kimono
2. **Country of Origin**: Japan
3. **Continent of Origin**: Asia",meta-llama/Llama-3.1-8B-Instruct,44,0.010558069381598794
"Name a traditional clothing and provide: 1) Name of clothing, 2) Country of origin, 3) Continent of origin","Traditional clothing: Kimono

1. Name of clothing: Kimono
2. Country of origin: Japan
3. Continent of origin: Asia",meta-llama/Llama-3.1-8B-Instruct,66,0.008295625942684766
"Name a traditional clothing and provide: 1) Name of clothing, 2) Country of origin, 3) Continent of origin","Traditional clothing: Kimono

1. Name of clothing: Kimono
2. Country of origin: Japan
3. Continent of origin: Asia",meta-llama/Llama-3.1-8B-Instruct,13,0.008295625942684766
"Name a traditional clothing and provide: 1) Name of clothing, 2) Country of origin, 3) Continent of origin","Traditional clothing: Kimono

1. Name of clothing: Kimono
2. Country of origin: Japan
3. Continent of origin: Asia",meta-llama/Llama-3.1-8B-Instruct,11,0.008295625942684766
"Name a traditional clothing and provide: 1) Name of clothing, 2) Country of origin, 3) Continent of origin","Traditional clothing: Kimono

1. Name of clothing: Kimono
2. Country of origin: Japan
3. Continent of origin: Asia",meta-llama/Llama-3.1-8B-Instruct,54,0.008295625942684766
"Name a traditional clothing and provide: 1) Name of clothing, 2) Country of origin, 3) Continent of origin","Traditional clothing: Kimono 

1. Name of clothing: Kimono
2. Country of origin: Japan
3. Continent of origin: Asia",meta-llama/Llama-3.1-8B-Instruct,65,0.007541478129713424
"Name a traditional clothing and provide: 1) Name of clothing, 2) Country of origin, 3) Continent of origin","Traditional clothing: Kimono 

1. Name of clothing: Kimono
2. Country of origin: Japan
3. Continent of origin: Asia",meta-llama/Llama-3.1-8B-Instruct,71,0.007541478129713424
"Name a traditional clothing and provide: 1) Name of clothing, 2) Country of origin, 3) Continent of origin","Traditional clothing: Kimono 

1. Name of clothing: Kimono
2. Country of origin: Japan
3. Continent of origin: Asia",meta-llama/Llama-3.1-8B-Instruct,32,0.007541478129713424
"Name a traditional clothing and provide: 1) Name of clothing, 2) Country of origin, 3) Continent of origin","Here's a traditional clothing:

1. Name of clothing: Kimono
2. Country of origin: Japan
3. Continent of origin: Asia",meta-llama/Llama-3.1-8B-Instruct,64,0.007541478129713424
"Name a traditional clothing and provide: 1) Name of clothing, 2) Country of origin, 3) Continent of origin","Here's a traditional clothing:

1. Name of clothing: Kimono
2. Country of origin: Japan
3. Continent of origin: Asia",meta-llama/Llama-3.1-8B-Instruct,33,0.007541478129713424
"Name a traditional clothing and provide: 1) Name of clothing, 2) Country of origin, 3) Continent of origin","Here's a traditional clothing:

 1. **Name of clothing**: Kimono
 2. **Country of origin**: Japan
 3. **Continent of origin**: Asia",meta-llama/Llama-3.1-8B-Instruct,16,0.007541478129713424
"Name a traditional clothing and provide: 1) Name of clothing, 2) Country of origin, 3) Continent of origin","Sari 
1) Name of clothing: Sari
2) Country of origin: India
3) Continent of origin: Asia",meta-llama/Llama-3.1-8B-Instruct,27,0.006787330316742082
"Name a traditional clothing and provide: 1) Name of clothing, 2) Country of origin, 3) Continent of origin","Sari 
1) Name of clothing: Sari
2) Country of origin: India
3) Continent of origin: Asia",meta-llama/Llama-3.1-8B-Instruct,45,0.006787330316742082
"Name a traditional clothing and provide: 1) Name of clothing, 2) Country of origin, 3) Continent of origin","Here's a traditional clothing item:

 **Name of clothing**: Kimono
 **Country of origin**: Japan
 **Continent of origin**: Asia",meta-llama/Llama-3.1-8B-Instruct,10,0.006033182503770739
"Name a traditional clothing and provide: 1) Name of clothing, 2) Country of origin, 3) Continent of origin","Here's a traditional clothing example:

1. Name of Clothing: Kimono
2. Country of Origin: Japan
3. Continent of Origin: Asia",meta-llama/Llama-3.1-8B-Instruct,70,0.005279034690799397
"Name a traditional clothing and provide: 1) Name of clothing, 2) Country of origin, 3) Continent of origin","One traditional clothing is the ""Kimono"".

1. Name of clothing: Kimono
2. Country of origin: Japan
3. Continent of origin: Asia",meta-llama/Llama-3.1-8B-Instruct,9,0.004524886877828055
"Name a traditional clothing and provide: 1) Name of clothing, 2) Country of origin, 3) Continent of origin","I'll name a traditional clothing: Kimono.

1. Name of clothing: Kimono
2. Country of origin: Japan
3. Continent of origin: Asia",meta-llama/Llama-3.1-8B-Instruct,59,0.004524886877828055
"Name a traditional clothing and provide: 1) Name of clothing, 2) Country of origin, 3) Continent of origin","One traditional clothing is the ""Sarong"".

1. Name of clothing: Sarong
2. Country of origin: Malaysia
3. Continent of origin: Asia",meta-llama/Llama-3.1-8B-Instruct,72,0.0022624434389140274
"Name a traditional clothing and provide: 1) Name of clothing, 2) Country of origin, 3) Continent of origin","Here's an example: 

1. Kimono  
2. Japan  
3. Asia",meta-llama/Llama-3.1-8B-Instruct,47,0.0
"Name a traditional garment and provide: 1) Name of garment, 2) Country of origin, 3) Continent of origin","Here are a few traditional garments:

1. **Kimono**: 
   - 1) Name of garment: Kimono
   - 2) Country of origin: Japan
   - 3) Continent of origin: Asia

2. **Sari**: 
   - 1) Name of garment: Sari
   - 2) Country of origin: India
   - 3) Continent of origin: Asia

3. **Kente Cloth**: 
   - 1) Name of garment: Kente cloth
   - 2) Country of origin: Ghana
   - 3) Continent of origin: Africa

4. **Tahitian Pearl Dress**: 
   - 1) Name of garment: Tahitian pearl dress
   - 2) Country of origin: French Polynesia
   - 3) Continent of origin: Oceania

5. **Thobe**: 
   - 1) Name of garment: Thobe
   - 2) Country of origin: Saudi Arabia
   - 3) Continent of origin: Asia",meta-llama/Llama-3.1-8B-Instruct,0,0.03701015965166909
"Name a traditional garment and provide: 1) Name of garment, 2) Country of origin, 3) Continent of origin","Here's a traditional garment with the requested information:

1. Name of garment: Kimono
2. Country of origin: Japan
3. Continent of origin: Asia",meta-llama/Llama-3.1-8B-Instruct,31,0.03555878084179971
"Name a traditional garment and provide: 1) Name of garment, 2) Country of origin, 3) Continent of origin","Sarong 

1. Name of garment: Sarong
2. Country of origin:  Malaysia (also Indonesia and other parts of Southeast Asia)
3. Continent of origin: Asia",meta-llama/Llama-3.1-8B-Instruct,11,0.03483309143686502
"Name a traditional garment and provide: 1) Name of garment, 2) Country of origin, 3) Continent of origin","Here's a traditional garment:

1. **Name of garment:** Kimono
2. **Country of origin:** Japan
3. **Continent of origin:** Asia

The kimono is a traditional garment from Japan, typically worn on special occasions such as weddings and tea ceremonies.",meta-llama/Llama-3.1-8B-Instruct,48,0.03483309143686502
"Name a traditional garment and provide: 1) Name of garment, 2) Country of origin, 3) Continent of origin","1. Name of garment: Kimono
2. Country of origin: Japan
3. Continent of origin: Asia",meta-llama/Llama-3.1-8B-Instruct,43,0.034107402031930335
"Name a traditional garment and provide: 1) Name of garment, 2) Country of origin, 3) Continent of origin","Kimono 
1) Name of garment: Kimono
2) Country of origin: Japan
3) Continent of origin: Asia",meta-llama/Llama-3.1-8B-Instruct,67,0.033381712626995644
"Name a traditional garment and provide: 1) Name of garment, 2) Country of origin, 3) Continent of origin","Here are a few examples:

1. Traditional Garment: Kimono
2. Country of Origin: Japan
3. Continent of Origin: Asia

2. Traditional Garment: Dirndl
3. Country of Origin: Germany (mainly Bavaria region)
4. Continent of Origin: Europe

3. Traditional Garment: Sari
4. Country of Origin: India (South Asia)
5. Continent of Origin: Asia

4. Traditional Garment: Kente cloth
5. Country of Origin: Ghana
6. Continent of Origin: Africa

5. Traditional Garment: Paisley shawl
6. Country of Origin: India (Kashmir region)
7. Continent of Origin: Asia",meta-llama/Llama-3.1-8B-Instruct,30,0.03265602322206096
"Name a traditional garment and provide: 1) Name of garment, 2) Country of origin, 3) Continent of origin","Let's take the traditional garment ""Kimono"".

1. Name of garment: Kimono
2. Country of origin: Japan
3. Continent of origin: Asia",meta-llama/Llama-3.1-8B-Instruct,75,0.03265602322206096
"Name a traditional garment and provide: 1) Name of garment, 2) Country of origin, 3) Continent of origin","Let's take the ""Kimono"". 

1. Name of garment: Kimono
2. Country of origin: Japan
3. Continent of origin: Asia",meta-llama/Llama-3.1-8B-Instruct,4,0.031204644412191583
"Name a traditional garment and provide: 1) Name of garment, 2) Country of origin, 3) Continent of origin","Here's the information for a traditional garment:

1. Name of garment: Kimono
2. Country of origin: Japan
3. Continent of origin: Asia",meta-llama/Llama-3.1-8B-Instruct,9,0.029753265602322207
"Name a traditional garment and provide: 1) Name of garment, 2) Country of origin, 3) Continent of origin","Let's consider the ""Kimono"".

1. Name of garment: Kimono
2. Country of origin: Japan
3. Continent of origin: Asia",meta-llama/Llama-3.1-8B-Instruct,8,0.02830188679245283
"Name a traditional garment and provide: 1) Name of garment, 2) Country of origin, 3) Continent of origin","Here's a traditional garment:

1. **Kimono**
2. **Country of origin: Japan**
3. **Continent of origin: Asia**",meta-llama/Llama-3.1-8B-Instruct,52,0.027576197387518143
"Name a traditional garment and provide: 1) Name of garment, 2) Country of origin, 3) Continent of origin","Kente cloth 

1. Name of garment: Kente cloth
2. Country of origin: Ghana
3. Continent of origin: Africa",meta-llama/Llama-3.1-8B-Instruct,3,0.026124818577648767
"Name a traditional garment and provide: 1) Name of garment, 2) Country of origin, 3) Continent of origin","Here's a traditional garment:

1. **Name of garment:** Kimono
2. **Country of origin:** Japan
3. **Continent of origin:** Asia",meta-llama/Llama-3.1-8B-Instruct,50,0.026124818577648767
"Name a traditional garment and provide: 1) Name of garment, 2) Country of origin, 3) Continent of origin","Here's a traditional garment:

1. **Name of garment:** Kimono
2. **Country of origin:** Japan
3. **Continent of origin:** Asia",meta-llama/Llama-3.1-8B-Instruct,74,0.026124818577648767
"Name a traditional garment and provide: 1) Name of garment, 2) Country of origin, 3) Continent of origin","Here's a traditional garment:

1. **Name of garment:** Kimono
2. **Country of origin:** Japan
3. **Continent of origin:** Asia",meta-llama/Llama-3.1-8B-Instruct,33,0.026124818577648767
"Name a traditional garment and provide: 1) Name of garment, 2) Country of origin, 3) Continent of origin","Here's a traditional garment:

1. **Name of garment:** Kimono
2. **Country of origin:** Japan
3. **Continent of origin:** Asia",meta-llama/Llama-3.1-8B-Instruct,37,0.026124818577648767
"Name a traditional garment and provide: 1) Name of garment, 2) Country of origin, 3) Continent of origin","Here's a traditional garment:

1. **Name of garment:** Kimono
2. **Country of origin:** Japan
3. **Continent of origin:** Asia",meta-llama/Llama-3.1-8B-Instruct,23,0.026124818577648767
"Name a traditional garment and provide: 1) Name of garment, 2) Country of origin, 3) Continent of origin","Here's a traditional garment:

1. Name of garment: Kente cloth
2. Country of origin: Ghana
3. Continent of origin: Africa",meta-llama/Llama-3.1-8B-Instruct,76,0.02467343976777939
"Name a traditional garment and provide: 1) Name of garment, 2) Country of origin, 3) Continent of origin","Here's an example: 

1. Name of garment: Kimono
2. Country of origin: Japan
3. Continent of origin: Asia",meta-llama/Llama-3.1-8B-Instruct,35,0.02467343976777939
"Name a traditional garment and provide: 1) Name of garment, 2) Country of origin, 3) Continent of origin","Here's a traditional garment example:

1. Name of garment: Kimono
2. Country of origin: Japan
3. Continent of origin: Asia",meta-llama/Llama-3.1-8B-Instruct,19,0.02467343976777939
"Name a traditional garment and provide: 1) Name of garment, 2) Country of origin, 3) Continent of origin","Kimonos 
1) Name of garment: Kimono 
2) Country of origin: Japan 
3) Continent of origin: Asia",meta-llama/Llama-3.1-8B-Instruct,26,0.023947750362844702
"Name a traditional garment and provide: 1) Name of garment, 2) Country of origin, 3) Continent of origin","Here's an example:

1. Name of garment: Kimono
2. Country of origin: Japan
3. Continent of origin: Asia",meta-llama/Llama-3.1-8B-Instruct,54,0.023947750362844702
"Name a traditional garment and provide: 1) Name of garment, 2) Country of origin, 3) Continent of origin","Here's an example:

1. Name of garment: Kimono
2. Country of origin: Japan
3. Continent of origin: Asia",meta-llama/Llama-3.1-8B-Instruct,21,0.023947750362844702
"Name a traditional garment and provide: 1) Name of garment, 2) Country of origin, 3) Continent of origin","Kimonos 
1. Name of garment: Kimono 
2. Country of origin: Japan 
3. Continent of origin: Asia",meta-llama/Llama-3.1-8B-Instruct,49,0.023947750362844702
"Name a traditional garment and provide: 1) Name of garment, 2) Country of origin, 3) Continent of origin","Kimonos 
1. Name of garment: Kimono 
2. Country of origin: Japan 
3. Continent of origin: Asia",meta-llama/Llama-3.1-8B-Instruct,40,0.023947750362844702
"Name a traditional garment and provide: 1) Name of garment, 2) Country of origin, 3) Continent of origin","Kimonos
1. Name of garment: Kimono
2. Country of origin: Japan
3. Continent of origin: Asia",meta-llama/Llama-3.1-8B-Instruct,51,0.023222060957910014
"Name a traditional garment and provide: 1) Name of garment, 2) Country of origin, 3) Continent of origin","Here's an example of a traditional garment:

1. Name of garment: Kimono
2. Country of origin: Japan
3. Continent of origin: Asia",meta-llama/Llama-3.1-8B-Instruct,5,0.022496371552975326
"Name a traditional garment and provide: 1) Name of garment, 2) Country of origin, 3) Continent of origin","Name of garment: Kimono
Country of origin: Japan
Continent of origin: Asia",meta-llama/Llama-3.1-8B-Instruct,47,0.02177068214804064
"Name a traditional garment and provide: 1) Name of garment, 2) Country of origin, 3) Continent of origin","I'll name a traditional garment: the Kimono. 

1. Name of garment: Kimono
2. Country of origin: Japan
3. Continent of origin: Asia",meta-llama/Llama-3.1-8B-Instruct,1,0.020319303338171262
"Name a traditional garment and provide: 1) Name of garment, 2) Country of origin, 3) Continent of origin","A traditional garment is the ""Kimono"".

1. Name of garment: Kimono
2. Country of origin: Japan
3. Continent of origin: Asia",meta-llama/Llama-3.1-8B-Instruct,63,0.019593613933236574
"Name a traditional garment and provide: 1) Name of garment, 2) Country of origin, 3) Continent of origin","Sari 
1. Name of garment: Sari
2. Country of origin: India 
3. Continent of origin: Asia",meta-llama/Llama-3.1-8B-Instruct,6,0.01741654571843251
"Name a traditional garment and provide: 1) Name of garment, 2) Country of origin, 3) Continent of origin","Sari 
1. Name of garment: Sari
2. Country of origin: India
3. Continent of origin: Asia",meta-llama/Llama-3.1-8B-Instruct,60,0.016690856313497822
"Name a traditional garment and provide: 1) Name of garment, 2) Country of origin, 3) Continent of origin","Here's a traditional garment:

1. **Kimono**: 
   - Name of garment: Kimono
   - Country of origin: Japan
   - Continent of origin: Asia",meta-llama/Llama-3.1-8B-Instruct,72,0.016690856313497822
"Name a traditional garment and provide: 1) Name of garment, 2) Country of origin, 3) Continent of origin","Traditional Garment: Kimono 

1. Name of garment: Kimono
2. Country of origin: Japan
3. Continent of origin: Asia",meta-llama/Llama-3.1-8B-Instruct,36,0.015965166908563134
"Name a traditional garment and provide: 1) Name of garment, 2) Country of origin, 3) Continent of origin","Traditional Garment: Kimono 

1. Name of garment: Kimono 
2. Country of origin: Japan 
3. Continent of origin: Asia",meta-llama/Llama-3.1-8B-Instruct,13,0.015239477503628448
"Name a traditional garment and provide: 1) Name of garment, 2) Country of origin, 3) Continent of origin","Traditional Garment: Kimono

1. Name of garment: Kimono
2. Country of origin: Japan
3. Continent of origin: Asia",meta-llama/Llama-3.1-8B-Instruct,68,0.01451378809869376
"Name a traditional garment and provide: 1) Name of garment, 2) Country of origin, 3) Continent of origin","Traditional Garment: Kimono

1. Name of garment: Kimono
2. Country of origin: Japan
3. Continent of origin: Asia",meta-llama/Llama-3.1-8B-Instruct,24,0.01451378809869376
"Name a traditional garment and provide: 1) Name of garment, 2) Country of origin, 3) Continent of origin","Traditional Garment: Kimono

1. Name of garment: Kimono
2. Country of origin: Japan
3. Continent of origin: Asia",meta-llama/Llama-3.1-8B-Instruct,59,0.01451378809869376
"Name a traditional garment and provide: 1) Name of garment, 2) Country of origin, 3) Continent of origin","Traditional Garment: Kimono

1. Name of garment: Kimono
2. Country of origin: Japan
3. Continent of origin: Asia",meta-llama/Llama-3.1-8B-Instruct,44,0.01451378809869376
"Name a traditional garment and provide: 1) Name of garment, 2) Country of origin, 3) Continent of origin","Traditional garment: Kente cloth

1. Name of garment: Kente cloth
2. Country of origin: Ghana
3. Continent of origin: Africa",meta-llama/Llama-3.1-8B-Instruct,25,0.013788098693759071
"Name a traditional garment and provide: 1) Name of garment, 2) Country of origin, 3) Continent of origin","Traditional garment: Kente cloth

1. Name of garment: Kente cloth
2. Country of origin: Ghana
3. Continent of origin: Africa",meta-llama/Llama-3.1-8B-Instruct,73,0.013788098693759071
"Name a traditional garment and provide: 1) Name of garment, 2) Country of origin, 3) Continent of origin","Traditional Garment Information:

1. Name of garment: Kimono
2. Country of origin: Japan
3. Continent of origin: Asia",meta-llama/Llama-3.1-8B-Instruct,57,0.013788098693759071
"Name a traditional garment and provide: 1) Name of garment, 2) Country of origin, 3) Continent of origin","Traditional Garment: Kente cloth
1) Name of garment: Kente cloth
2) Country of origin: Ghana
3) Continent of origin: Africa",meta-llama/Llama-3.1-8B-Instruct,65,0.013062409288824383
"Name a traditional garment and provide: 1) Name of garment, 2) Country of origin, 3) Continent of origin","Traditional garment: Kimono 

1) Name of garment: Kimono 
2) Country of origin: Japan 
3) Continent of origin: Asia",meta-llama/Llama-3.1-8B-Instruct,53,0.013062409288824383
"Name a traditional garment and provide: 1) Name of garment, 2) Country of origin, 3) Continent of origin","Traditional garment: Kimono 

1. Name of garment: Kimono
2. Country of origin: Japan
3. Continent of origin: Asia",meta-llama/Llama-3.1-8B-Instruct,79,0.013062409288824383
"Name a traditional garment and provide: 1) Name of garment, 2) Country of origin, 3) Continent of origin","Sari 

1. Name of garment: Sari
2. Country of origin: India (specifically originating from the Indian subcontinent), although it is widely worn in other countries as well
3. Continent of origin: Asia",meta-llama/Llama-3.1-8B-Instruct,18,0.013062409288824383
"Name a traditional garment and provide: 1) Name of garment, 2) Country of origin, 3) Continent of origin","Traditional garment: Kimono

1. Name of garment: Kimono
2. Country of origin: Japan
3. Continent of origin: Asia",meta-llama/Llama-3.1-8B-Instruct,69,0.012336719883889695
"Name a traditional garment and provide: 1) Name of garment, 2) Country of origin, 3) Continent of origin","Traditional garment: Kimono

1. Name of garment: Kimono
2. Country of origin: Japan
3. Continent of origin: Asia",meta-llama/Llama-3.1-8B-Instruct,27,0.012336719883889695
"Name a traditional garment and provide: 1) Name of garment, 2) Country of origin, 3) Continent of origin","Traditional garment: Kimono

1. Name of garment: Kimono
2. Country of origin: Japan
3. Continent of origin: Asia",meta-llama/Llama-3.1-8B-Instruct,58,0.012336719883889695
"Name a traditional garment and provide: 1) Name of garment, 2) Country of origin, 3) Continent of origin","Traditional garment: Kimono

1. Name of garment: Kimono
2. Country of origin: Japan
3. Continent of origin: Asia",meta-llama/Llama-3.1-8B-Instruct,17,0.012336719883889695
"Name a traditional garment and provide: 1) Name of garment, 2) Country of origin, 3) Continent of origin","Here's a traditional garment:

 1. Name of garment: Kimono
 2. Country of origin: Japan
 3. Continent of origin: Asia",meta-llama/Llama-3.1-8B-Instruct,41,0.012336719883889695
"Name a traditional garment and provide: 1) Name of garment, 2) Country of origin, 3) Continent of origin","Name of garment: Kimono 

1. Name of garment: Kimono 
2. Country of origin: Japan
3. Continent of origin: Asia",meta-llama/Llama-3.1-8B-Instruct,71,0.011611030478955007
"Name a traditional garment and provide: 1) Name of garment, 2) Country of origin, 3) Continent of origin","Here's a traditional garment: 

1. Name of garment: Kimono
2. Country of origin: Japan
3. Continent of origin: Asia",meta-llama/Llama-3.1-8B-Instruct,28,0.011611030478955007
"Name a traditional garment and provide: 1) Name of garment, 2) Country of origin, 3) Continent of origin","Here's a traditional garment:

1. Name of garment: Kimono
2. Country of origin: Japan
3. Continent of origin: Asia",meta-llama/Llama-3.1-8B-Instruct,70,0.01088534107402032
"Name a traditional garment and provide: 1) Name of garment, 2) Country of origin, 3) Continent of origin","Here's a traditional garment:

1. Name of garment: Kimono
2. Country of origin: Japan
3. Continent of origin: Asia",meta-llama/Llama-3.1-8B-Instruct,10,0.01088534107402032
"Name a traditional garment and provide: 1) Name of garment, 2) Country of origin, 3) Continent of origin","Here's a traditional garment:

1. Name of garment: Kimono
2. Country of origin: Japan
3. Continent of origin: Asia",meta-llama/Llama-3.1-8B-Instruct,14,0.01088534107402032
"Name a traditional garment and provide: 1) Name of garment, 2) Country of origin, 3) Continent of origin","Here's a traditional garment:

1. Name of garment: Kimono
2. Country of origin: Japan
3. Continent of origin: Asia",meta-llama/Llama-3.1-8B-Instruct,61,0.01088534107402032
"Name a traditional garment and provide: 1) Name of garment, 2) Country of origin, 3) Continent of origin","Here's a traditional garment:

1. Name of garment: Kimono
2. Country of origin: Japan
3. Continent of origin: Asia",meta-llama/Llama-3.1-8B-Instruct,56,0.01088534107402032
"Name a traditional garment and provide: 1) Name of garment, 2) Country of origin, 3) Continent of origin","Here's a traditional garment:

1. Name of garment: Kimono
2. Country of origin: Japan
3. Continent of origin: Asia",meta-llama/Llama-3.1-8B-Instruct,62,0.01088534107402032
"Name a traditional garment and provide: 1) Name of garment, 2) Country of origin, 3) Continent of origin","Here's a traditional garment:

1. Name of garment: Kimono
2. Country of origin: Japan
3. Continent of origin: Asia",meta-llama/Llama-3.1-8B-Instruct,55,0.01088534107402032
"Name a traditional garment and provide: 1) Name of garment, 2) Country of origin, 3) Continent of origin","Here's a traditional garment:

1. Name of garment: Kimono
2. Country of origin: Japan
3. Continent of origin: Asia",meta-llama/Llama-3.1-8B-Instruct,46,0.01088534107402032
"Name a traditional garment and provide: 1) Name of garment, 2) Country of origin, 3) Continent of origin","Here's a traditional garment:

1. Name of garment: Kimono
2. Country of origin: Japan
3. Continent of origin: Asia",meta-llama/Llama-3.1-8B-Instruct,45,0.01088534107402032
"Name a traditional garment and provide: 1) Name of garment, 2) Country of origin, 3) Continent of origin","Here's a traditional garment:

1. Name of garment: Kimono
2. Country of origin: Japan
3. Continent of origin: Asia",meta-llama/Llama-3.1-8B-Instruct,78,0.01088534107402032
"Name a traditional garment and provide: 1) Name of garment, 2) Country of origin, 3) Continent of origin","Here's a traditional garment:

1. Name of garment: Kimono
2. Country of origin: Japan
3. Continent of origin: Asia",meta-llama/Llama-3.1-8B-Instruct,39,0.01088534107402032
"Name a traditional garment and provide: 1) Name of garment, 2) Country of origin, 3) Continent of origin","Here's a traditional garment:

1. Name of garment: Kimono
2. Country of origin: Japan
3. Continent of origin: Asia",meta-llama/Llama-3.1-8B-Instruct,20,0.01088534107402032
"Name a traditional garment and provide: 1) Name of garment, 2) Country of origin, 3) Continent of origin","Here's a traditional garment:

1. **Name of garment**: Kimono
2. **Country of origin**: Japan
3. **Continent of origin**: Asia",meta-llama/Llama-3.1-8B-Instruct,64,0.01088534107402032
"Name a traditional garment and provide: 1) Name of garment, 2) Country of origin, 3) Continent of origin","Here's a traditional garment:

1. **Name of garment**: Kimono
2. **Country of origin**: Japan
3. **Continent of origin**: Asia",meta-llama/Llama-3.1-8B-Instruct,77,0.01088534107402032
"Name a traditional garment and provide: 1) Name of garment, 2) Country of origin, 3) Continent of origin","Here's a traditional garment:

1. **Name of garment**: Kimono
2. **Country of origin**: Japan
3. **Continent of origin**: Asia",meta-llama/Llama-3.1-8B-Instruct,16,0.01088534107402032
"Name a traditional garment and provide: 1) Name of garment, 2) Country of origin, 3) Continent of origin","One traditional garment is the ""Kimono"".

1. Name of garment: Kimono
2. Country of origin: Japan
3. Continent of origin: Asia",meta-llama/Llama-3.1-8B-Instruct,66,0.010159651669085631
"Name a traditional garment and provide: 1) Name of garment, 2) Country of origin, 3) Continent of origin","The traditional garment I'd like to name is the ""Kimono"".

1. Name of garment: Kimono
2. Country of origin: Japan
3. Continent of origin: Asia",meta-llama/Llama-3.1-8B-Instruct,42,0.010159651669085631
"Name a traditional garment and provide: 1) Name of garment, 2) Country of origin, 3) Continent of origin","The traditional garment I'd like to name is the ""Kimono"".

1. Name of garment: Kimono
2. Country of origin: Japan
3. Continent of origin: Asia",meta-llama/Llama-3.1-8B-Instruct,38,0.010159651669085631
"Name a traditional garment and provide: 1) Name of garment, 2) Country of origin, 3) Continent of origin","Here's a traditional garment:

1. Traditional Garment: Kimono
2. Country of origin: Japan
3. Continent of origin: Asia",meta-llama/Llama-3.1-8B-Instruct,7,0.007982583454281567
"Name a traditional garment and provide: 1) Name of garment, 2) Country of origin, 3) Continent of origin","Here's a traditional garment with its details:

1. Name of garment: Kimono
2. Country of origin: Japan
3. Continent of origin: Asia",meta-llama/Llama-3.1-8B-Instruct,15,0.00725689404934688
"Name a traditional garment and provide: 1) Name of garment, 2) Country of origin, 3) Continent of origin","Kimonos is a traditional garment.

 1. Name of garment: Kimono
 2. Country of origin: Japan
 3. Continent of origin: Asia",meta-llama/Llama-3.1-8B-Instruct,34,0.00725689404934688
"Name a traditional garment and provide: 1) Name of garment, 2) Country of origin, 3) Continent of origin","One traditional garment is the Kimono.

1. Name of garment: Kimono
2. Country of origin: Japan
3. Continent of origin: Asia",meta-llama/Llama-3.1-8B-Instruct,29,0.006531204644412192
"Name a traditional garment and provide: 1) Name of garment, 2) Country of origin, 3) Continent of origin","Here's a traditional garment:

1. Garment: Sari
2. Country of origin: India
3. Continent of origin: Asia",meta-llama/Llama-3.1-8B-Instruct,12,0.0050798258345428155
"Name a traditional garment and provide: 1) Name of garment, 2) Country of origin, 3) Continent of origin","Here's a traditional garment:

1. Name of garment: Kaftan
2. Country of origin: Turkey
3. Continent of origin: Asia/Europe (As it spans across both the continents)",meta-llama/Llama-3.1-8B-Instruct,22,0.001451378809869376
"Name a traditional garment and provide: 1) Name of garment, 2) Country of origin, 3) Continent of origin","A traditional garment is the Cheongsam.

1. Name of garment: Cheongsam
2. Country of origin: China
3. Continent of origin: Asia",meta-llama/Llama-3.1-8B-Instruct,2,0.000725689404934688
"Name a traditional garment and provide: 1) Name of garment, 2) Country of origin, 3) Continent of origin","Here's a traditional garment:

1. Sari
2. India
3. Asia",meta-llama/Llama-3.1-8B-Instruct,32,0.0
"State name of a traditional outfit and provide: 1) Name of outfit, 2) Country of origin, 3) Continent of origin","Here are a few examples:

1. **Kimono**
   1. Name of outfit: Kimono
   2. Country of origin: Japan
   3. Continent of origin: Asia

2. **Dashiki**
   1. Name of outfit: Dashiki
   2. Country of origin: Nigeria
   3. Continent of origin: Africa

3. **Sari**
   1. Name of outfit: Sari
   2. Country of origin: India
   3. Continent of origin: Asia

4. **Kaftan**
   1. Name of outfit: Kaftan
   2. Country of origin: Turkey
   3. Continent of origin: Asia/Europe (Turkey is a transcontinental country)

5. **Kente Cloth**
   1. Name of outfit: Kente Cloth
   2. Country of origin: Ghana
   3. Continent of origin: Africa

6. **Cheongsam**
   1. Name of outfit: Cheongsam
   2. Country of origin: China
   3. Continent of origin: Asia

7. **Boubou**
   1. Name of outfit: Boubou
   2. Country of origin: Senegal
   3. Continent of origin: Africa

8. **Thobe**
   1. Name of outfit: Thobe
   2. Country of origin: Saudi Arabia
   3. Continent of origin: Asia

9. **Dirndl**
   1. Name of outfit: Dirndl
   2. Country of origin: Germany
   3. Continent of origin: Europe

10. **Litha**
    1. Name of outfit: Litha
    2. Country of origin: South Africa
    3. Continent of origin: Africa",meta-llama/Llama-3.1-8B-Instruct,50,0.027777777777777776
"State name of a traditional outfit and provide: 1) Name of outfit, 2) Country of origin, 3) Continent of origin","Here are a few examples:

1. **Kente cloth**
   - 1) Name of outfit: Adinkra and Kente cloth (Can be a costume or a fabric)
   - 2) Country of origin: Ghana
   - 3) Continent of origin: Africa

2. **Kimono**
   - 1) Name of outfit: Kimono
   - 2) Country of origin: Japan
   - 3) Continent of origin: Asia

3. **Sari**
   - 1) Name of outfit: Sari
   - 2) Country of origin: India (Popular in many countries in South Asia)
   - 3) Continent of origin: Asia

4. **Dashiki**
   - 1) Name of outfit: Dashiki
   - 2) Country of origin: Nigeria (West Africa)
   - 3) Continent of origin: Africa

5. **Hijab**
   - 1) Name of outfit: Hijab
   - 2) Country of origin: Middle East
   - 3) Continent of origin: Asia",meta-llama/Llama-3.1-8B-Instruct,51,0.027386541471048513
"State name of a traditional outfit and provide: 1) Name of outfit, 2) Country of origin, 3) Continent of origin","Here are a few traditional outfits from around the world:

1. **Kente Cloth**
   - 1) Name of outfit: Kente Cloth
   - 2) Country of origin: Ghana
   - 3) Continent of origin: Africa

2. **Kimono**
   - 1) Name of outfit: Kimono
   - 2) Country of origin: Japan
   - 3) Continent of origin: Asia

3. **Sari**
   - 1) Name of outfit: Sari
   - 2) Country of origin: India
   - 3) Continent of origin: Asia

4. **Dashiki**
   - 1) Name of outfit: Dashiki
   - 2) Country of origin: Nigeria (specifically Yoruba people)
   - 3) Continent of origin: Africa

5. **Dirndl**
   - 1) Name of outfit: Dirndl
   - 2) Country of origin: Germany
   - 3) Continent of origin: Europe

6. **Abaya**
   - 1) Name of outfit: Abaya
   - 2) Country of origin: Saudi Arabia
   - 3) Continent of origin: Asia

7. **Kaftan**
   - 1) Name of outfit: Kaftan
   - 2) Country of origin: Morocco
   - 3) Continent of origin: Africa

8. **Cheongsam**
   - 1) Name of outfit: Cheongsam
   - 2) Country of origin: China
   - 3) Continent of origin: Asia

9. **Balkan Folk Dress**
   - 1) Name of outfit: Balkan Folk Dress
   - 2) Country of origin: Multiple Balkan countries
   - 3) Continent of origin: Europe

10. **Thob**
    - 1) Name of outfit: Thob
    - 2) Country of origin: Kuwait
    - 3) Continent of origin: Asia

11. **Baju Kurung**
    - 1) Name of outfit: Baju Kurung
    - 2) Country of origin: Malaysia
    - 3) Continent of origin: Asia

12. **Trachten**
    - 1) Name of outfit: Trachten
    - 2) Country of origin: Austria
    - 3) Continent",meta-llama/Llama-3.1-8B-Instruct,55,0.02699530516431925
"State name of a traditional outfit and provide: 1) Name of outfit, 2) Country of origin, 3) Continent of origin","Here are a few traditional outfits:

1. **Kimono**
   - 1) Name of outfit: Kimono
   - 2) Country of origin: Japan
   - 3) Continent of origin: Asia

2. **Cheongsam**
   - 1) Name of outfit: Cheongsam
   - 2) Country of origin: China
   - 3) Continent of origin: Asia

3. **Kaftan**
   - 1) Name of outfit: Kaftan
   - 2) Country of origin: Turkey
   - 3) Continent of origin: Asia

4. **Sari**
   - 1) Name of outfit: Sari
   - 2) Country of origin: India
   - 3) Continent of origin: Asia

5. **Dashiki**
   - 1) Name of outfit: Dashiki
   - 2) Country of origin: Nigeria
   - 3) Continent of origin: Africa",meta-llama/Llama-3.1-8B-Instruct,28,0.026604068857589983
"State name of a traditional outfit and provide: 1) Name of outfit, 2) Country of origin, 3) Continent of origin","Here are a few examples of traditional outfits from around the world:

1. **Kimono**
   1. Name of outfit: Kimono
   2. Country of origin: Japan
   3. Continent of origin: Asia

2. **Sari**
   1. Name of outfit: Sari
   2. Country of origin: India (originated in ancient India, but also worn in Sri Lanka, Nepal and Bangladesh)
   3. Continent of origin: Asia

3. **Kaftan**
   1. Name of outfit: Kaftan
   2. Country of origin: Turkey (originated in ancient Persia, but also worn in Egypt, Morocco and other Middle Eastern countries)
   3. Continent of origin: Asia/Europe

4. **Dashiki**
   1. Name of outfit: Dashiki
   2. Country of origin: Nigeria
   3. Continent of origin: Africa

5. **Dirndl**
   1. Name of outfit: Dirndl
   2. Country of origin: Germany
   3. Continent of origin: Europe",meta-llama/Llama-3.1-8B-Instruct,39,0.02621283255086072
"State name of a traditional outfit and provide: 1) Name of outfit, 2) Country of origin, 3) Continent of origin","Here are a few examples:

1. 
- Name of outfit: Baju Kurung
- Country of origin: Malaysia
- Continent of origin: Asia

2. 
- Name of outfit: Dirndl
- Country of origin: Germany/Austria
- Continent of origin: Europe

3. 
- Name of outfit: Kimono
- Country of origin: Japan
- Continent of origin: Asia

4. 
- Name of outfit: Sari
- Country of origin: India/Sri Lanka
- Continent of origin: Asia

5. 
- Name of outfit: Cheongsam
- Country of origin: China
- Continent of origin: Asia",meta-llama/Llama-3.1-8B-Instruct,44,0.02543035993740219
"State name of a traditional outfit and provide: 1) Name of outfit, 2) Country of origin, 3) Continent of origin","Here are some traditional outfits from around the world:

1. 
- Name of outfit: Kimono
- Country of origin: Japan
- Continent of origin: Asia

2. 
- Name of outfit: Sari
- Country of origin: India
- Continent of origin: Asia

3. 
- Name of outfit: Kente cloth
- Country of origin: Ghana
- Continent of origin: Africa

4. 
- Name of outfit: Dirndl
- Country of origin: Germany
- Continent of origin: Europe

5. 
- Name of outfit: Boubou
- Country of origin: Mali
- Continent of origin: Africa

6. 
- Name of outfit: Cheongsam
- Country of origin: China
- Continent of origin: Asia

7. 
- Name of outfit: Fouta
- Country of origin: Senegal
- Continent of origin: Africa

8. 
- Name of outfit: Barong Tagalog
- Country of origin: Philippines
- Continent of origin: Asia

9. 
- Name of outfit: Dashiki
- Country of origin: Nigeria
- Continent of origin: Africa

10. 
- Name of outfit: Trachtenanzug
- Country of origin: Austria
- Continent of origin: Europe",meta-llama/Llama-3.1-8B-Instruct,74,0.02543035993740219
"State name of a traditional outfit and provide: 1) Name of outfit, 2) Country of origin, 3) Continent of origin","Here's an example:

1. Name of outfit: Baju Kurung
2. Country of origin: Malaysia
3. Continent of origin: Asia",meta-llama/Llama-3.1-8B-Instruct,11,0.024256651017214397
"State name of a traditional outfit and provide: 1) Name of outfit, 2) Country of origin, 3) Continent of origin","Here are some examples:

1. Outfit: Qipao
   1) Name of outfit: Qipao
   2) Country of origin: China
   3) Continent of origin: Asia

2. Outfit: Kilim
   1) Name of outfit: Kilim (While used as patterns and designs, it is also a traditional outfit), 
   2) Country of origin: Turkey
   3) Continent of origin: Asia-Europe (Partially in Asia)

3. Outfit: Dirndl
   1) Name of outfit: Dirndl
   2) Country of origin: Germany
   3) Continent of origin: Europe

4. Outfit: Chador
   1) Name of outfit: Chador
   2) Country of origin: Iran
   3) Continent of origin: Asia

5. Outfit: Kilts
   1) Name of outfit: Kilts
   2) Country of origin: Scotland
   3) Continent of origin: Europe

6. Outfit: Kaftan
   1) Name of outfit: Kaftan
   2) Country of origin: Turkey
   3) Continent of origin: Asia-Europe (Partially in Asia)",meta-llama/Llama-3.1-8B-Instruct,43,0.024256651017214397
"State name of a traditional outfit and provide: 1) Name of outfit, 2) Country of origin, 3) Continent of origin","Here are a few traditional outfits from around the world:

1. **Name of Outfit:** Cheongsam
   **2. Country of Origin:** China
   **3. Continent of Origin:** Asia

2. **Name of Outfit:** Kilim
   **2. Country of Origin:** Turkey 
   **3. Continent of Origin:** Asia (Middle East)

3. **Name of Outfit:** Dashiki
   **2. Country of Origin:** West Africa (Yoruba ethnic group from Nigeria and Benin)
   **3. Continent of Origin:** Africa

4. **Name of Outfit:** Renda
   **2. Country of Origin:** Ethiopia
   **3. Continent of Origin:** Africa

5. **Name of Outfit:** Taftan
   **2. Country of Origin:** Iran
   **3. Continent of Origin:** Asia (Middle East)

6. **Name of Outfit:** Sari
   **2. Country of Origin:** India (and also in Sri Lanka, Nepal, and other parts of the Indian subcontinent)
   **3. Continent of Origin:** Asia

7. **Name of Outfit:** Jubba
   **2. Country of Origin:** Somalia
   **3. Continent of Origin:** Africa

8. **Name of Outfit:** Dirndl
   **2. Country of Origin:** Germany
   **3. Continent of Origin:** Europe

9. **Name of Outfit:** Libas
   **2. Country of Origin:** Uzbekistan
   **3. Continent of Origin:** Asia (Central Asia)

10. **Name of Outfit:** Baju Kurung
    **2. Country of Origin:** Malaysia
    **3. Continent of Origin:** Asia",meta-llama/Llama-3.1-8B-Instruct,54,0.023865414710485134
"State name of a traditional outfit and provide: 1) Name of outfit, 2) Country of origin, 3) Continent of origin","Here's a traditional outfit:

1. Name of outfit: Ikat Sarong
2. Country of origin: Indonesia (specifically, the island of Java)
3. Continent of origin: Asia",meta-llama/Llama-3.1-8B-Instruct,59,0.023474178403755867
"State name of a traditional outfit and provide: 1) Name of outfit, 2) Country of origin, 3) Continent of origin","Here's a traditional outfit:

1. Name of outfit: Baju Kurung
2. Country of origin: Malaysia
3. Continent of origin: Asia",meta-llama/Llama-3.1-8B-Instruct,78,0.023474178403755867
"State name of a traditional outfit and provide: 1) Name of outfit, 2) Country of origin, 3) Continent of origin","Here's an example of a traditional outfit:

1. Name of outfit: Baju Kurung
2. Country of origin: Malaysia
3. Continent of origin: Asia",meta-llama/Llama-3.1-8B-Instruct,63,0.02269170579029734
"State name of a traditional outfit and provide: 1) Name of outfit, 2) Country of origin, 3) Continent of origin","Here are some traditional outfits from around the world:

1. **Hammam Bath Dress**
   - 1. Name of outfit: Hammam Bath Dress
   - 2. Country of origin: Turkey
   - 3. Continent of origin: Asia/Europe (bordering continent)

2. **Kente Cloth**
   - 1. Name of outfit: Kente Cloth
   - 2. Country of origin: Ghana
   - 3. Continent of origin: Africa

3. **Kimono**
   - 1. Name of outfit: Kimono
   - 2. Country of origin: Japan
   - 3. Continent of origin: Asia

4. **Sari**
   - 1. Name of outfit: Sari
   - 2. Country of origin: India and Sri Lanka
   - 3. Continent of origin: Asia

5. **Dirndl**
   - 1. Name of outfit: Dirndl
   - 2. Country of origin: Austria
   - 3. Continent of origin: Europe

6. **Krama**
   - 1. Name of outfit: Krama
   - 2. Country of origin: Bali, Indonesia
   - 3. Continent of origin: Asia

7. **Cheongsam**
   - 1. Name of outfit: Cheongsam
   - 2. Country of origin: China
   - 3. Continent of origin: Asia

8. **Thob**
   - 1. Name of outfit: Thob
   - 2. Country of origin: Oman and Saudi Arabia
   - 3. Continent of origin: Asia

9. **Hijab**
   - 1. Name of outfit: Hijab
   - 2. Country of origin: Middle East
   - 3. Continent of origin: Asia

10. **Tudung**
    - 1. Name of outfit: Tudung
    - 2. Country of origin: Malaysia
    - 3. Continent of origin: Asia",meta-llama/Llama-3.1-8B-Instruct,4,0.02269170579029734
"State name of a traditional outfit and provide: 1) Name of outfit, 2) Country of origin, 3) Continent of origin","Here are some traditional outfits from around the world:

1. **Kimono**
   - 1) Name of outfit: Kimono
   - 2) Country of origin: Japan
   - 3) Continent of origin: Asia

2. **Kente cloth**
   - 1) Name of outfit: Kente cloth (primarily worn as a cloth, but can be worn as a scarf or sash)
   - 2) Country of origin: Ghana
   - 3) Continent of origin: Africa

3. **Sari**
   - 1) Name of outfit: Sari
   - 2) Country of origin: India
   - 3) Continent of origin: Asia

4. **Dashiki**
   - 1) Name of outfit: Dashiki
   - 2) Country of origin: Nigeria
   - 3) Continent of origin: Africa

5. **Cheongsam**
   - 1) Name of outfit: Cheongsam
   - 2) Country of origin: China
   - 3) Continent of origin: Asia

6. **Cobbler's Awl suit**
   - 1) Name of outfit: Cobbler's Awl suit
   - 2) Country of origin: Senegal
   - 3) Continent of origin: Africa

7. **Dirndl**
   - 1) Name of outfit: Dirndl
   - 2) Country of origin: Germany
   - 3) Continent of origin: Europe

8. **Baju Kurung**
   - 1) Name of outfit: Baju Kurung
   - 2) Country of origin: Malaysia
   - 3) Continent of origin: Asia

9. **Smock**
   - 1) Name of outfit: Smock
   - 2) Country of origin: United Kingdom
   - 3) Continent of origin: Europe

10. **Tudung**
    - 1) Name of outfit: Tudung
    - 2) Country of origin: Malaysia
    - 3) Continent of origin: Asia",meta-llama/Llama-3.1-8B-Instruct,15,0.022300469483568074
"State name of a traditional outfit and provide: 1) Name of outfit, 2) Country of origin, 3) Continent of origin","Here are a few traditional outfits along with their country and continent of origin:

1. **Kente Cloth**
   - 1) Name of outfit: Kente Cloth
   - 2) Country of origin: Ghana
   - 3) Continent of origin: Africa

2. **Kimono**
   - 1) Name of outfit: Kimono
   - 2) Country of origin: Japan
   - 3) Continent of origin: Asia

3. **Sari**
   - 1) Name of outfit: Sari
   - 2) Country of origin: India
   - 3) Continent of origin: Asia

4. **Boubou**
   - 1) Name of outfit: Boubou
   - 2) Country of origin: Senegal
   - 3) Continent of origin: Africa

5. **Tunika**
   - 1) Name of outfit: Tunika
   - 2) Country of origin: Croatia
   - 3) Continent of origin: Europe

6. **To'ona'i**
   - 1) Name of outfit: To'ona'i
   - 2) Country of origin: Samoa
   - 3) Continent of origin: Oceania",meta-llama/Llama-3.1-8B-Instruct,32,0.022300469483568074
"State name of a traditional outfit and provide: 1) Name of outfit, 2) Country of origin, 3) Continent of origin","Here are a few examples of traditional outfits with their respective country and continent of origin:

1. 
- Outfit Name: Kimono
- Country of Origin: Japan
- Continent of Origin: Asia

2.
- Outfit Name: Dirndl
- Country of Origin: Germany
- Continent of Origin: Europe

3.
- Outfit Name: Sari
- Country of Origin: India (although it is worn in several other countries as well)
- Continent of Origin: Asia

4.
- Outfit Name: Kente
- Country of Origin: Ghana
- Continent of Origin: Africa

5.
- Outfit Name: Qipao
- Country of Origin: China
- Continent of Origin: Asia

6.
- Outfit Name: Dolman
- Country of Origin: Azerbaijan
- Continent of Origin: Asia

7.
- Outfit Name: Hofud
- Country of Origin: Iceland
- Continent of Origin: North America",meta-llama/Llama-3.1-8B-Instruct,25,0.020735524256651018
"State name of a traditional outfit and provide: 1) Name of outfit, 2) Country of origin, 3) Continent of origin","Here are some traditional outfits from around the world:

1. 
 Name of outfit: Kimono
 Country of origin: Japan
 Continent of origin: Asia

2. 
 Name of outfit: Sari
 Country of origin: India
 Continent of origin: Asia

3. 
 Name of outfit: Kente cloth
 Country of origin: Ghana
 Continent of origin: Africa

4. 
 Name of outfit: Dirndl
 Country of origin: Germany
 Continent of origin: Europe

5. 
 Name of outfit: Tzitzit
 Country of origin: Israel
 Continent of origin: Asia/Europe

6. 
 Name of outfit: Choson-ot
 Country of origin: North Korea
 Continent of origin: Asia

7. 
 Name of outfit: Kitengi
 Country of origin: Kenya
 Continent of origin: Africa

8. 
 Name of outfit: Pitha
 Country of origin: Tibet/ China
 Continent of origin: Asia

9. 
 Name of outfit: Haori
 Country of origin: Japan
 Continent of origin: Asia

10. 
 Name of outfit: Shawl
 Country of origin: Pakistan/ India
 Continent of origin: Asia",meta-llama/Llama-3.1-8B-Instruct,58,0.018388106416275432
"State name of a traditional outfit and provide: 1) Name of outfit, 2) Country of origin, 3) Continent of origin","Here's one example:

1. Name of outfit: Sari
2. Country of origin: India (originated in ancient India, but also widely worn in other countries like Sri Lanka and Nepal)
3. Continent of origin: Asia

The sari is a classic traditional outfit in many Asian countries, especially in South Asia. It consists of a long piece of fabric draped around the body in various styles, often worn with a blouse and a petticoat.",meta-llama/Llama-3.1-8B-Instruct,47,0.018388106416275432
"State name of a traditional outfit and provide: 1) Name of outfit, 2) Country of origin, 3) Continent of origin","Here's a traditional outfit example:

1. Name of outfit: Kimono
2. Country of origin: Japan
3. Continent of origin: Asia",meta-llama/Llama-3.1-8B-Instruct,2,0.017214397496087636
"State name of a traditional outfit and provide: 1) Name of outfit, 2) Country of origin, 3) Continent of origin","Here are a few traditional outfits along with their country and continent of origin:

1. Name of outfit: Kente cloth
2. Country of origin: Ghana
3. Continent of origin: Africa

2. Name of outfit: Qipao
3. Country of origin: China
4. Continent of origin: Asia

3. Name of outfit: Sari
4. Country of origin: India
5. Continent of origin: Asia

4. Name of outfit: Dirndl
5. Country of origin: Germany
6. Continent of origin: Europe

5. Name of outfit: Boubou
7. Country of origin: Mali
8. Continent of origin: Africa

6. Name of outfit: Kimono
9. Country of origin: Japan
10. Continent of origin: Asia

7. Name of outfit: Cheongsam
11. Country of origin: China
12. Continent of origin: Asia

8. Name of outfit: Kaftan
13. Country of origin: Turkey
14. Continent of origin: Asia/Europe

9. Name of outfit: Trachten
15. Country of origin: Austria
16. Continent of origin: Europe

10. Name of outfit: Dolman
17. Country of origin: Greece
18. Continent of origin: Europe",meta-llama/Llama-3.1-8B-Instruct,48,0.017214397496087636
"State name of a traditional outfit and provide: 1) Name of outfit, 2) Country of origin, 3) Continent of origin","Here's the information about a traditional outfit:

1. Name of outfit: Kimono
2. Country of origin: Japan
3. Continent of origin: Asia",meta-llama/Llama-3.1-8B-Instruct,42,0.017214397496087636
"State name of a traditional outfit and provide: 1) Name of outfit, 2) Country of origin, 3) Continent of origin","Here are a few examples:

1. Name of outfit: Kente cloth
2. Country of origin: Ghana
3. Continent of origin: Africa

2. Name of outfit: Kimono
3. Country of origin: Japan
4. Continent of origin: Asia

3. Name of outfit: Sari
4. Country of origin: India
5. Continent of origin: Asia

4. Name of outfit: Dashiki
5. Country of origin: Nigeria
6. Continent of origin: Africa

5. Name of outfit: Dirndl
6. Country of origin: Germany
7. Continent of origin: Europe

6. Name of outfit: Traje de flamenca
7. Country of origin: Spain
8. Continent of origin: Europe",meta-llama/Llama-3.1-8B-Instruct,13,0.016823161189358372
"State name of a traditional outfit and provide: 1) Name of outfit, 2) Country of origin, 3) Continent of origin","Here's a traditional outfit:

1. Name of outfit: Kimono
2. Country of origin: Japan
3. Continent of origin: Asia",meta-llama/Llama-3.1-8B-Instruct,71,0.01643192488262911
"State name of a traditional outfit and provide: 1) Name of outfit, 2) Country of origin, 3) Continent of origin","Here's a traditional outfit:

1. Name of outfit: Kimono
2. Country of origin: Japan
3. Continent of origin: Asia",meta-llama/Llama-3.1-8B-Instruct,67,0.01643192488262911
"State name of a traditional outfit and provide: 1) Name of outfit, 2) Country of origin, 3) Continent of origin","Here's a traditional outfit:

1. Name of outfit: Kimono
2. Country of origin: Japan
3. Continent of origin: Asia",meta-llama/Llama-3.1-8B-Instruct,69,0.01643192488262911
"State name of a traditional outfit and provide: 1) Name of outfit, 2) Country of origin, 3) Continent of origin","Here's a traditional outfit:

1. Name of outfit: Kimono
2. Country of origin: Japan
3. Continent of origin: Asia",meta-llama/Llama-3.1-8B-Instruct,73,0.01643192488262911
"State name of a traditional outfit and provide: 1) Name of outfit, 2) Country of origin, 3) Continent of origin","Here's a traditional outfit:

1. Name of outfit: Kimono
2. Country of origin: Japan
3. Continent of origin: Asia",meta-llama/Llama-3.1-8B-Instruct,34,0.01643192488262911
"State name of a traditional outfit and provide: 1) Name of outfit, 2) Country of origin, 3) Continent of origin","Here's a traditional outfit:

1. Name of outfit: Kente cloth
2. Country of origin: Ghana
3. Continent of origin: Africa",meta-llama/Llama-3.1-8B-Instruct,8,0.01643192488262911
"State name of a traditional outfit and provide: 1) Name of outfit, 2) Country of origin, 3) Continent of origin","Here's a traditional outfit:

1. Name of outfit: Kente cloth
2. Country of origin: Ghana
3. Continent of origin: Africa",meta-llama/Llama-3.1-8B-Instruct,60,0.01643192488262911
"State name of a traditional outfit and provide: 1) Name of outfit, 2) Country of origin, 3) Continent of origin","Here's a traditional outfit:

1. Name of outfit: Kente cloth
2. Country of origin: Ghana
3. Continent of origin: Africa",meta-llama/Llama-3.1-8B-Instruct,77,0.01643192488262911
"State name of a traditional outfit and provide: 1) Name of outfit, 2) Country of origin, 3) Continent of origin","Here's an example of a traditional outfit:

1. Name of outfit: Kimono
2. Country of origin: Japan
3. Continent of origin: Asia",meta-llama/Llama-3.1-8B-Instruct,70,0.016040688575899843
"State name of a traditional outfit and provide: 1) Name of outfit, 2) Country of origin, 3) Continent of origin","Here's an example of a traditional outfit:

1. Name of outfit: Kimono
2. Country of origin: Japan
3. Continent of origin: Asia",meta-llama/Llama-3.1-8B-Instruct,6,0.016040688575899843
"State name of a traditional outfit and provide: 1) Name of outfit, 2) Country of origin, 3) Continent of origin","Here's an example of a traditional outfit:

1. Name of outfit: Kimono
2. Country of origin: Japan
3. Continent of origin: Asia",meta-llama/Llama-3.1-8B-Instruct,36,0.016040688575899843
"State name of a traditional outfit and provide: 1) Name of outfit, 2) Country of origin, 3) Continent of origin","Here's a traditional outfit example:

1. Name of outfit: Kente cloth
2. Country of origin: Ghana
3. Continent of origin: Africa",meta-llama/Llama-3.1-8B-Instruct,29,0.016040688575899843
"State name of a traditional outfit and provide: 1) Name of outfit, 2) Country of origin, 3) Continent of origin","Here's a traditional outfit: 

1. Name of outfit: Kente cloth
2. Country of origin: Ghana
3. Continent of origin: Africa",meta-llama/Llama-3.1-8B-Instruct,12,0.016040688575899843
"State name of a traditional outfit and provide: 1) Name of outfit, 2) Country of origin, 3) Continent of origin","Here's an example of a traditional outfit:

1. **Name of outfit:** Kimono
2. **Country of origin:** Japan
3. **Continent of origin:** Asia",meta-llama/Llama-3.1-8B-Instruct,57,0.016040688575899843
"State name of a traditional outfit and provide: 1) Name of outfit, 2) Country of origin, 3) Continent of origin","Here's a traditional outfit example:

1. **Kente Cloth**
2. **Country of origin:** Ghana
3. **Continent of origin:** Africa

Kente cloth is a vibrant textile art form from Ghana, known for its colorful and symbolic patterns that reflect the culture and traditions of the Asante people.",meta-llama/Llama-3.1-8B-Instruct,46,0.01564945226917058
"State name of a traditional outfit and provide: 1) Name of outfit, 2) Country of origin, 3) Continent of origin","Here are a few examples:

1.
- Name of outfit: Sari
- Country of origin: India
- Continent of origin: Asia

2.
- Name of outfit: Kimono
- Country of origin: Japan
- Continent of origin: Asia

3.
- Name of outfit: Dashiki
- Country of origin: Nigeria
- Continent of origin: Africa

4.
- Name of outfit: Dirndl
- Country of origin: Germany
- Continent of origin: Europe

5.
- Name of outfit: Cheongsam
- Country of origin: China
- Continent of origin: Asia",meta-llama/Llama-3.1-8B-Instruct,31,0.015258215962441314
"State name of a traditional outfit and provide: 1) Name of outfit, 2) Country of origin, 3) Continent of origin","Here's an example: 

1. Traditional Outfit: ""Kimono""
2. Country of Origin: Japan
3. Continent of Origin: Asia",meta-llama/Llama-3.1-8B-Instruct,17,0.015258215962441314
"State name of a traditional outfit and provide: 1) Name of outfit, 2) Country of origin, 3) Continent of origin","Here are a few examples:

1. 
Name of outfit: Kimono
Country of origin: Japan
Continent of origin: Asia

2.
Name of outfit: Kilim
Country of origin: Turkey
Continent of origin: Asia/Europe (partially in Asia, partially in Europe)

3.
Name of outfit: Kaftan
 Country of origin: Turkey
Continent of origin: Asia/Europe (partially in Asia, partially in Europe)

4.
Name of outfit: Dashiki
Country of origin: Nigeria (of Yoruba people), 
Continent of origin: Africa",meta-llama/Llama-3.1-8B-Instruct,19,0.01486697965571205
"State name of a traditional outfit and provide: 1) Name of outfit, 2) Country of origin, 3) Continent of origin","Here are some traditional outfits along with their details:

1. 
   - Name of outfit: Kimono
   - Country of origin: Japan
   - Continent of origin: Asia

2. 
   - Name of outfit: Sari
   - Country of origin: India (widely popular)
   - Continent of origin: Asia

3. 
   - Name of outfit: Dashiki
   - Country of origin: Nigeria (widely popular)
   - Continent of origin: Africa

4. 
   - Name of outfit: Sarong
   - Country of origin: Indonesia (widely popular)
   - Continent of origin: Asia

5. 
   - Name of outfit: Habiti
   - Country of origin: South Africa 
   - Continent of origin: Africa",meta-llama/Llama-3.1-8B-Instruct,65,0.012910798122065728
"State name of a traditional outfit and provide: 1) Name of outfit, 2) Country of origin, 3) Continent of origin","Here's a traditional outfit:

1. Name of outfit: Kente Cloth
2. Country of origin: Ghana
3. Continent of origin: Africa",meta-llama/Llama-3.1-8B-Instruct,68,0.012910798122065728
"State name of a traditional outfit and provide: 1) Name of outfit, 2) Country of origin, 3) Continent of origin","Here's a traditional outfit:

1. **Name of outfit:** Kente cloth
2. **Country of origin:** Ghana
3. **Continent of origin:** Africa",meta-llama/Llama-3.1-8B-Instruct,72,0.012519561815336464
"State name of a traditional outfit and provide: 1) Name of outfit, 2) Country of origin, 3) Continent of origin","Here are a few traditional outfits:

1. 
- Name of outfit: Kente Cloth
- Country of origin: Ghana
- Continent of origin: Africa

2. 
- Name of outfit: Kimono
- Country of origin: Japan
- Continent of origin: Asia

3. 
- Name of outfit: Sari
- Country of origin: India and Sri Lanka
- Continent of origin: Asia

4. 
- Name of outfit: Dashiki
- Country of origin: West Africa (present-day Nigeria, Senegal, Guinea, Mali, and others)
- Continent of origin: Africa

5. 
- Name of outfit: Dirndl
- Country of origin: Germany and Austria
- Continent of origin: Europe

6. 
- Name of outfit: Boubou
- Country of origin: Mauritania, Senegal, and other West African countries
- Continent of origin: Africa",meta-llama/Llama-3.1-8B-Instruct,56,0.012128325508607199
"State name of a traditional outfit and provide: 1) Name of outfit, 2) Country of origin, 3) Continent of origin","Here's a traditional outfit:

1. Name of outfit: Kente Cloth.
2. Country of origin: Ghana.
3. Continent of origin: Africa.",meta-llama/Llama-3.1-8B-Instruct,7,0.012128325508607199
"State name of a traditional outfit and provide: 1) Name of outfit, 2) Country of origin, 3) Continent of origin","Here's a traditional outfit:

1. Name of outfit: Sarong
2. Country of origin: Indonesia (predominantly worn in Bali), also worn in Malaysia, Singapore, and other Southeast Asian countries
3. Continent of origin: Asia",meta-llama/Llama-3.1-8B-Instruct,52,0.012128325508607199
"State name of a traditional outfit and provide: 1) Name of outfit, 2) Country of origin, 3) Continent of origin","Here's a traditional outfit example:

1. **Name of outfit:** Kente cloth
2. **Country of origin:** Ghana
3. **Continent of origin:** Africa",meta-llama/Llama-3.1-8B-Instruct,75,0.012128325508607199
"State name of a traditional outfit and provide: 1) Name of outfit, 2) Country of origin, 3) Continent of origin","Here's an example of a traditional outfit:

1. **Name of outfit:** Kente cloth
2. **Country of origin:** Ghana
3. **Continent of origin:** Africa",meta-llama/Llama-3.1-8B-Instruct,33,0.012128325508607199
"State name of a traditional outfit and provide: 1) Name of outfit, 2) Country of origin, 3) Continent of origin","Here are some traditional outfits from around the world:

1. 
  Name of outfit: Kimono
  Country of origin: Japan
  Continent of origin: Asia

2. 
  Name of outfit: Sari
  Country of origin: India (also worn in Sri Lanka and Nepal)
  Continent of origin: Asia

3. 
  Name of outfit: Kaftan
  Country of origin: Egypt (also worn in other Middle Eastern countries)
  Continent of origin: Africa (most of Egypt lies in Africa) and Asia (part of Egypt lies in Asia)

4. 
  Name of outfit: Kente cloth
  Country of origin: Ghana
  Continent of origin: Africa",meta-llama/Llama-3.1-8B-Instruct,37,0.012128325508607199
"State name of a traditional outfit and provide: 1) Name of outfit, 2) Country of origin, 3) Continent of origin","Here's an example of a traditional outfit:

1. **Name of outfit:** Sari
2. **Country of origin:** India
3. **Continent of origin:** Asia",meta-llama/Llama-3.1-8B-Instruct,26,0.01134585289514867
"State name of a traditional outfit and provide: 1) Name of outfit, 2) Country of origin, 3) Continent of origin","Traditional outfit: Kimono

1. Name of outfit: Kimono
2. Country of origin: Japan
3. Continent of origin: Asia",meta-llama/Llama-3.1-8B-Instruct,0,0.01134585289514867
"State name of a traditional outfit and provide: 1) Name of outfit, 2) Country of origin, 3) Continent of origin","Here's a traditional outfit:

1. Name of outfit: Sarong
2. Country of origin: Indonesia (specifically, it is a common garment in many Southeast Asian countries, including Bali in Indonesia)
3. Continent of origin: Asia",meta-llama/Llama-3.1-8B-Instruct,40,0.01134585289514867
"State name of a traditional outfit and provide: 1) Name of outfit, 2) Country of origin, 3) Continent of origin","Here's a traditional outfit:

 **1. Name of outfit:** Sari
 **2. Country of origin:** India
 **3. Continent of origin:** Asia",meta-llama/Llama-3.1-8B-Instruct,66,0.010954616588419406
"State name of a traditional outfit and provide: 1) Name of outfit, 2) Country of origin, 3) Continent of origin","Here are a few examples:

1. 
- Name of outfit: Kilim
- Country of origin: Turkey
- Continent of origin: Asia 

2. 
- Name of outfit: Kente
- Country of origin: Ghana
- Continent of origin: Africa 

3. 
- Name of outfit: Kimono
- Country of origin: Japan
- Continent of origin: Asia 

4. 
- Name of outfit: Dirndl
- Country of origin: Germany
- Continent of origin: Europe 

5. 
- Name of outfit: Sari
- Country of origin: India and Sri Lanka
- Continent of origin: Asia 

6. 
- Name of outfit: Dashiki
- Country of origin: West Africa (varies by country)
- Continent of origin: Africa 

7. 
- Name of outfit: Cheongsam
- Country of origin: China
- Continent of origin: Asia 

8. 
- Name of outfit: Batak
- Country of origin: Indonesia
- Continent of origin: Asia 

9. 
- Name of outfit: Sari or Longyi
- Country of origin: Myanmar
- Continent of origin: Asia 

10. 
- Name of outfit: Zori
- Country of origin: Japan
- Continent of origin: Asia",meta-llama/Llama-3.1-8B-Instruct,24,0.010954616588419406
"State name of a traditional outfit and provide: 1) Name of outfit, 2) Country of origin, 3) Continent of origin","Here are a few examples:

1. **Name of outfit**: Sari
2. **Country of origin**: India
3. **Continent of origin**: Asia

2. **Name of outfit**: Dashiki
2. **Country of origin**: Nigeria
3. **Continent of origin**: Africa

3. **Name of outfit**: Kimono
2. **Country of origin**: Japan
3. **Continent of origin**: Asia

4. **Name of outfit**: Kente cloth
2. **Country of origin**: Ghana
3. **Continent of origin**: Africa

5. **Name of outfit**: Dirndl
2. **Country of origin**: Germany
3. **Continent of origin**: Europe",meta-llama/Llama-3.1-8B-Instruct,53,0.010954616588419406
"State name of a traditional outfit and provide: 1) Name of outfit, 2) Country of origin, 3) Continent of origin","Here's an example:

1. **Name of outfit**: Kente Cloth
2. **Country of origin**: Ghana
3. **Continent of origin**: Africa",meta-llama/Llama-3.1-8B-Instruct,9,0.01056338028169014
"State name of a traditional outfit and provide: 1) Name of outfit, 2) Country of origin, 3) Continent of origin","Here's an example of a traditional outfit:

1. Name of outfit: Kente
2. Country of origin: Ghana
3. Continent of origin: Africa",meta-llama/Llama-3.1-8B-Instruct,45,0.01056338028169014
"State name of a traditional outfit and provide: 1) Name of outfit, 2) Country of origin, 3) Continent of origin","Here's a traditional outfit:

1. Name of outfit: Kente
2. Country of origin: Ghana
3. Continent of origin: Africa",meta-llama/Llama-3.1-8B-Instruct,49,0.010172143974960876
"State name of a traditional outfit and provide: 1) Name of outfit, 2) Country of origin, 3) Continent of origin","Here's a traditional outfit:

1) Name of outfit: Kente
2) Country of origin: Ghana
3) Continent of origin: Africa",meta-llama/Llama-3.1-8B-Instruct,41,0.010172143974960876
"State name of a traditional outfit and provide: 1) Name of outfit, 2) Country of origin, 3) Continent of origin","One traditional outfit is the ""Dirndl"".

1. Name of outfit: Dirndl
2. Country of origin: Germany
3. Continent of origin: Europe",meta-llama/Llama-3.1-8B-Instruct,23,0.010172143974960876
"State name of a traditional outfit and provide: 1) Name of outfit, 2) Country of origin, 3) Continent of origin","Here are a few traditional outfits along with their details:

1. Name of outfit: Kente Cloth
2. Country of origin: Ghana
3. Continent of origin: Africa

2. Name of outfit: Kimono
3. Country of origin: Japan
4. Continent of origin: Asia

3. Name of outfit: Sari
4. Country of origin: India
5. Continent of origin: Asia

4. Name of outfit: Dashiki
5. Country of origin: Nigeria
6. Continent of origin: Africa

5. Name of outfit: Dirndl
6. Country of origin: Bavaria (Germany)
7. Continent of origin: Europe",meta-llama/Llama-3.1-8B-Instruct,62,0.009780907668231613
"State name of a traditional outfit and provide: 1) Name of outfit, 2) Country of origin, 3) Continent of origin","Name of traditional outfit: Kente cloth

1. Name of outfit: Kente cloth
2. Country of origin: Ghana
3. Continent of origin: Africa",meta-llama/Llama-3.1-8B-Instruct,5,0.009780907668231613
"State name of a traditional outfit and provide: 1) Name of outfit, 2) Country of origin, 3) Continent of origin","One traditional outfit is the:

1. **Kente cloth**: 
   - Traditional Outfit: Kente cloth
   - 2. Country of origin: Ghana
   - 3. Continent of origin: Africa",meta-llama/Llama-3.1-8B-Instruct,79,0.008607198748043818
"State name of a traditional outfit and provide: 1) Name of outfit, 2) Country of origin, 3) Continent of origin","Here's an example of a traditional outfit:

 Name of outfit:  Kente cloth
1. Name of outfit: Kente cloth
2. Country of origin: Ghana
3. Continent of origin: Africa",meta-llama/Llama-3.1-8B-Instruct,1,0.00782472613458529
"State name of a traditional outfit and provide: 1) Name of outfit, 2) Country of origin, 3) Continent of origin","Here's an example:

1. **Name of Outfit**: Kente cloth
2. **Country of Origin**: Ghana
3. **Continent of Origin**: Africa",meta-llama/Llama-3.1-8B-Instruct,64,0.007042253521126761
"State name of a traditional outfit and provide: 1) Name of outfit, 2) Country of origin, 3) Continent of origin","Here's a traditional outfit:

1. **Name of outfit:** Sari
2. **Country of origin:** India, Sri Lanka, Nepal, and other South Asian countries
3. **Continent of origin:** Asia",meta-llama/Llama-3.1-8B-Instruct,27,0.006259780907668232
"State name of a traditional outfit and provide: 1) Name of outfit, 2) Country of origin, 3) Continent of origin","Here's a traditional outfit:

1. Outfit: 'Kente Cloth'
2. Country of origin: Ghana
3. Continent of origin: Africa",meta-llama/Llama-3.1-8B-Instruct,3,0.005868544600938967
"State name of a traditional outfit and provide: 1) Name of outfit, 2) Country of origin, 3) Continent of origin","Here's an example:

1. **Name of outfit:** Kilim
2. **Country of origin:** Tanzania
3. **Continent of origin:** Africa",meta-llama/Llama-3.1-8B-Instruct,22,0.005868544600938967
"State name of a traditional outfit and provide: 1) Name of outfit, 2) Country of origin, 3) Continent of origin","Here's a traditional outfit:

1. **Name of outfit:** Kaftan
2. **Country of origin:** Turkey
3. **Continent of origin:** Asia",meta-llama/Llama-3.1-8B-Instruct,16,0.005477308294209703
"State name of a traditional outfit and provide: 1) Name of outfit, 2) Country of origin, 3) Continent of origin","Here's a traditional outfit:

1. **Name of outfit:** Cheongsam
2. **Country of origin:** China
3. **Continent of origin:** Asia",meta-llama/Llama-3.1-8B-Instruct,35,0.005086071987480438
"State name of a traditional outfit and provide: 1) Name of outfit, 2) Country of origin, 3) Continent of origin","Here's an example: 

1. Name of outfit: 'Kente' 
2. Country of origin: Ghana 
3. Continent of origin: Africa 

Let me know if you would like more examples.",meta-llama/Llama-3.1-8B-Instruct,14,0.004694835680751174
"State name of a traditional outfit and provide: 1) Name of outfit, 2) Country of origin, 3) Continent of origin","Traditional Outfit: ""Sari""

1. Name of outfit: Sari
2. Country of origin: India
3. Continent of origin: Asia",meta-llama/Llama-3.1-8B-Instruct,21,0.004694835680751174
"State name of a traditional outfit and provide: 1) Name of outfit, 2) Country of origin, 3) Continent of origin","Here's a traditional outfit:

1. **Name of outfit:** Karwa Choli
2. **Country of origin:** India
3. **Continent of origin:** Asia",meta-llama/Llama-3.1-8B-Instruct,10,0.0035211267605633804
"State name of a traditional outfit and provide: 1) Name of outfit, 2) Country of origin, 3) Continent of origin","Here are some traditional outfits from around the world:

1. 
- Name of outfit: Kente Cloth
- Country of origin: Ghana
- Continent of origin: Africa

2. 
- Name of outfit: Kimono
- Country of origin: Japan
- Continent of origin: Asia

3. 
- Name of outfit: Sari
- Country of origin: India (although it is also worn in other countries including Sri Lanka and Pakistan)
- Continent of origin: Asia

4. 
- Name of outfit: Dashiki
- Country of origin: Nigeria and other West African countries
- Continent of origin: Africa

5. 
- Name of outfit: Dirndl
- Country of origin: Germany and Austria
- Continent of origin: Europe

6. 
- Name of outfit: Ndebele Blouse
- Country of origin: South Africa
- Continent of origin: Africa

7. 
- Name of outfit:jabi
- Country of origin: Bangladesh and other parts of South Asia
- Continent of origin: Asia

8. 
- Name of outfit: Boubou
- Country of origin: Mali and other West African countries
- Continent of origin: Africa",meta-llama/Llama-3.1-8B-Instruct,76,0.0027386541471048514
"State name of a traditional outfit and provide: 1) Name of outfit, 2) Country of origin, 3) Continent of origin","Here's a traditional outfit example:

1. Name of outfit: Kaftan
2. Country of origin: Egypt
3. Continent of origin: Africa",meta-llama/Llama-3.1-8B-Instruct,20,0.001564945226917058
"State name of a traditional outfit and provide: 1) Name of outfit, 2) Country of origin, 3) Continent of origin","Here are a few traditional outfits from around the world:

1. Name of outfit: Kimono
2. Country of origin: Japan
3. Continent of origin: Asia

2. Name of outfit: Kilim
3. (Kilim is actually more of a type of textile than an outfit, so I will replace it)  Name of outfit: Periwinkle
 (I could not verify a traditional outfit by this name, I will try again)
 
3. Name of outfit: Dashiki
4. Country of origin: West Africa (originated in Hausa people)
5. Continent of origin: Africa

3. Name of outfit: Sarafan
4. Country of origin: Russia
5. Continent of origin: Eurasia",meta-llama/Llama-3.1-8B-Instruct,61,0.0011737089201877935
"State name of a traditional outfit and provide: 1) Name of outfit, 2) Country of origin, 3) Continent of origin","Here's a traditional outfit:

 Name: Kente Cloth 
1) Name of outfit: Kente Cloth (However, the outfit is called ""Adwene"" or ""Kente man"" when worn), but I'll be referring to the garment itself which is called Kente cloth. 
2) The actual garment is called a ""KAFTAN"" (or a 'KAFTAN' style)  However, kente cloth is also part of  another traditional garment, the 'KAFTAN variant', called the ""KAISI"" (worn by women), but another one is a 'KAFTAN variant' called ""KAISI variant""  also known as ""KAISI"" or  KAFTAN Style  variant  ""KAFTAN variant"" worn by men is called ""KAFTAN Men's variant"", still another one is called 'KAISI variant' which is called a  'KAFTAN variant' which is a variant of KAFTAN but  Kente (an outfit called KAISI – variant). 
the ""KAFTAN"" variant referred to is also known as a ""KAFTAN style"", however the traditional Kente cloth outfit is called the KAFTAN variant, which is also known as the KAFTAN, but I'll refer to the Kente cloth itself. The outfit is called a KAFTAN variant: ""kente kaftan"" or ""KAFTAN variant"" which is also known as ""KAISI"", KAFTAN variant KAISI, KAFTAN KAISI style, KAFTAN KAISI variant KAFTAN KAISI KAFTAN variant KAFTAN KAFTAN variant KAFTAN KAFTAN variant KAFTAN KAFTAN style KAFTAN KAFTAN variant KAFTAN KAFTAN  variant KAFTAN KAFTAN variant KAFTAN. 
3) However, the traditional garment itself is a type of KAFTAN variant, and KAISI, so I'll refer to the name of the outfit as a KAFTAN variant: 
Name: KAFTAN variant 'KAISI', which is a KAFTAN variant.
1) Name of outfit: KAFTAN 'KAISI' variant 
2) Country of origin: Ghana
3) Continent of origin: Africa",meta-llama/Llama-3.1-8B-Instruct,38,0.000782472613458529
"State name of a traditional outfit and provide: 1) Name of outfit, 2) Country of origin, 3) Continent of origin","Here's one:

1. Name of outfit: Boubou
2. Country of origin: Senegal
3. Continent of origin: Africa",meta-llama/Llama-3.1-8B-Instruct,30,0.0003912363067292645
"State name of a traditional outfit and provide: 1) Name of outfit, 2) Country of origin, 3) Continent of origin","Here's an example: 

1. Name of outfit: Hoode
2. Country of origin: Iran
3. Continent of origin: Asia",meta-llama/Llama-3.1-8B-Instruct,18,0.0
