Prompt,Response,Model,ID,Score
"Give me a name festive food and provide: 1) Name of food, 2) Country of origin, 3) Continent of origin","Here's a festive food:

1. **Trifle**
2. **United Kingdom**
3. **Europe**

Trifle is a traditional English dessert that's often served at Christmas and other special occasions. It's a layered dessert made with sponge cake, fruit, custard, and whipped cream.",meta-llama/Llama-3.1-8B-Instruct,5,0.046511627906976744
"Give me a name festive food and provide: 1) Name of food, 2) Country of origin, 3) Continent of origin","Here's a festive food for you:

1. Name of food: Panettone
2. Country of origin: Italy
3. Continent of origin: Europe

Panettone is a traditional Italian sweet bread loaf, typically served during the Christmas season. It's known for its rich, buttery flavor and dried fruit.",meta-llama/Llama-3.1-8B-Instruct,44,0.044296788482835
"Give me a name festive food and provide: 1) Name of food, 2) Country of origin, 3) Continent of origin","Here's a festive food with the requested information:

 **Name of food:** Panettone
**2. Country of origin:** Italy
**3. Continent of origin:** Europe",meta-llama/Llama-3.1-8B-Instruct,62,0.042081949058693245
"Give me a name festive food and provide: 1) Name of food, 2) Country of origin, 3) Continent of origin","Here's a festive food with the requested information:

1. **Name of food**: Panettone
2. **Country of origin**: Italy
3. **Continent of origin**: Europe",meta-llama/Llama-3.1-8B-Instruct,71,0.04097452934662237
"Give me a name festive food and provide: 1) Name of food, 2) Country of origin, 3) Continent of origin","Here's a festive food:

1. **Trdelník**
2. Country of origin: **Slovakia**
3. Continent of origin: **Europe**

Trdelník is a traditional festive food in Slovakia, usually sold during the Christmas season. It's a sweet pastry made from rolled dough, topped with sugar and walnuts.",meta-llama/Llama-3.1-8B-Instruct,74,0.03875968992248062
"Give me a name festive food and provide: 1) Name of food, 2) Country of origin, 3) Continent of origin","Here's a festive food:

 1. Name of food: Panettone
 2. Country of origin: Italy
 3. Continent of origin: Europe",meta-llama/Llama-3.1-8B-Instruct,24,0.03765227021040975
"Give me a name festive food and provide: 1) Name of food, 2) Country of origin, 3) Continent of origin","Here's a festive food:

1. Name of food: Panettone
2. Country of origin: Italy
3. Continent of origin: Europe",meta-llama/Llama-3.1-8B-Instruct,66,0.036544850498338874
"Give me a name festive food and provide: 1) Name of food, 2) Country of origin, 3) Continent of origin","Here's a festive food:

1. Name of food: Panettone
2. Country of origin: Italy
3. Continent of origin: Europe",meta-llama/Llama-3.1-8B-Instruct,25,0.036544850498338874
"Give me a name festive food and provide: 1) Name of food, 2) Country of origin, 3) Continent of origin","Here's a festive food:

1. Name of food: Panettone
2. Country of origin: Italy
3. Continent of origin: Europe",meta-llama/Llama-3.1-8B-Instruct,15,0.036544850498338874
"Give me a name festive food and provide: 1) Name of food, 2) Country of origin, 3) Continent of origin","Here's a festive food:

1. Name of food: Panettone
2. Country of origin: Italy
3. Continent of origin: Europe",meta-llama/Llama-3.1-8B-Instruct,9,0.036544850498338874
"Give me a name festive food and provide: 1) Name of food, 2) Country of origin, 3) Continent of origin","Here's a festive food:

1. Name of food: Panettone
2. Country of origin: Italy
3. Continent of origin: Europe",meta-llama/Llama-3.1-8B-Instruct,11,0.036544850498338874
"Give me a name festive food and provide: 1) Name of food, 2) Country of origin, 3) Continent of origin","Here's a festive food:

1. Name of food: Panettone
2. Country of origin: Italy
3. Continent of origin: Europe",meta-llama/Llama-3.1-8B-Instruct,58,0.036544850498338874
"Give me a name festive food and provide: 1) Name of food, 2) Country of origin, 3) Continent of origin","Here's a festive food:

1. Name of food: Panettone
2. Country of origin: Italy
3. Continent of origin: Europe",meta-llama/Llama-3.1-8B-Instruct,56,0.036544850498338874
"Give me a name festive food and provide: 1) Name of food, 2) Country of origin, 3) Continent of origin","Here's a festive food:

1. Name of food: Panettone
2. Country of origin: Italy
3. Continent of origin: Europe",meta-llama/Llama-3.1-8B-Instruct,2,0.036544850498338874
"Give me a name festive food and provide: 1) Name of food, 2) Country of origin, 3) Continent of origin","Here's a festive food:

1. Name of food: Panettone
2. Country of origin: Italy
3. Continent of origin: Europe",meta-llama/Llama-3.1-8B-Instruct,55,0.036544850498338874
"Give me a name festive food and provide: 1) Name of food, 2) Country of origin, 3) Continent of origin","Here's a festive food:

1. Name of food: Panettone
2. Country of origin: Italy
3. Continent of origin: Europe",meta-llama/Llama-3.1-8B-Instruct,53,0.036544850498338874
"Give me a name festive food and provide: 1) Name of food, 2) Country of origin, 3) Continent of origin","Here's a festive food:

1. Name of food: Panettone
2. Country of origin: Italy
3. Continent of origin: Europe",meta-llama/Llama-3.1-8B-Instruct,79,0.036544850498338874
"Give me a name festive food and provide: 1) Name of food, 2) Country of origin, 3) Continent of origin","Here's a festive food:

1. Name of food: Panettone
2. Country of origin: Italy
3. Continent of origin: Europe",meta-llama/Llama-3.1-8B-Instruct,73,0.036544850498338874
"Give me a name festive food and provide: 1) Name of food, 2) Country of origin, 3) Continent of origin","Here's a festive food:

1. Name of food: Panettone
2. Country of origin: Italy
3. Continent of origin: Europe",meta-llama/Llama-3.1-8B-Instruct,34,0.036544850498338874
"Give me a name festive food and provide: 1) Name of food, 2) Country of origin, 3) Continent of origin","Here's a festive food example:

1. Food name: Panettone
2. Country of origin: Italy
3. Continent of origin: Europe",meta-llama/Llama-3.1-8B-Instruct,48,0.036544850498338874
"Give me a name festive food and provide: 1) Name of food, 2) Country of origin, 3) Continent of origin","Here's a festive food example:

1. **Trifle**
2. **United Kingdom**
3. **Europe**

Trifle is a traditional English dessert often served at holiday gatherings and celebrations, particularly Christmas and New Year's Eve. It's a layered dessert consisting of sponge cake, fruit, custard, and whipped cream.",meta-llama/Llama-3.1-8B-Instruct,61,0.035437430786267994
"Give me a name festive food and provide: 1) Name of food, 2) Country of origin, 3) Continent of origin","Here's a festive food with the details you requested:

1. **Name of food:** Panettone
2. **Country of origin:** Italy
3. **Continent of origin:** Europe",meta-llama/Llama-3.1-8B-Instruct,35,0.035437430786267994
"Give me a name festive food and provide: 1) Name of food, 2) Country of origin, 3) Continent of origin","Here's a festive food:

1. Name of food: Gingerbread
2. Country of origin: Germany
3. Continent of origin: Europe",meta-llama/Llama-3.1-8B-Instruct,46,0.03433001107419712
"Give me a name festive food and provide: 1) Name of food, 2) Country of origin, 3) Continent of origin","Here's a festive food:

1. **Name of food:** Panettone
2. **Country of origin:** Italy
3. **Continent of origin:** Europe",meta-llama/Llama-3.1-8B-Instruct,68,0.03211517165005537
"Give me a name festive food and provide: 1) Name of food, 2) Country of origin, 3) Continent of origin","Here's a festive food:

1. **Name of food:** Panettone
2. **Country of origin:** Italy
3. **Continent of origin:** Europe",meta-llama/Llama-3.1-8B-Instruct,12,0.03211517165005537
"Give me a name festive food and provide: 1) Name of food, 2) Country of origin, 3) Continent of origin","Here's a festive food:

1. **Name of food:** Panettone
2. **Country of origin:** Italy
3. **Continent of origin:** Europe",meta-llama/Llama-3.1-8B-Instruct,3,0.03211517165005537
"Give me a name festive food and provide: 1) Name of food, 2) Country of origin, 3) Continent of origin","Here's a festive food:

1. **Name of food:** Panettone
2. **Country of origin:** Italy
3. **Continent of origin:** Europe",meta-llama/Llama-3.1-8B-Instruct,39,0.03211517165005537
"Give me a name festive food and provide: 1) Name of food, 2) Country of origin, 3) Continent of origin","Here's a festive food:

1. **Name of food:** Panettone
2. **Country of origin:** Italy
3. **Continent of origin:** Europe",meta-llama/Llama-3.1-8B-Instruct,38,0.03211517165005537
"Give me a name festive food and provide: 1) Name of food, 2) Country of origin, 3) Continent of origin","Here's a festive food:

1. **Name of food:** Panettone
2. **Country of origin:** Italy
3. **Continent of origin:** Europe",meta-llama/Llama-3.1-8B-Instruct,22,0.03211517165005537
"Give me a name festive food and provide: 1) Name of food, 2) Country of origin, 3) Continent of origin","Here's a festive food:

1. **Name of food:** Panettone
2. **Country of origin:** Italy
3. **Continent of origin:** Europe",meta-llama/Llama-3.1-8B-Instruct,21,0.03211517165005537
"Give me a name festive food and provide: 1) Name of food, 2) Country of origin, 3) Continent of origin","Here's a festive food item:

1. Name of food: Panettone
2. Country of origin: Italy
3. Continent of origin: Europe",meta-llama/Llama-3.1-8B-Instruct,78,0.03211517165005537
"Give me a name festive food and provide: 1) Name of food, 2) Country of origin, 3) Continent of origin","Here's a festive food item:

1. Name of food: Panettone
2. Country of origin: Italy
3. Continent of origin: Europe",meta-llama/Llama-3.1-8B-Instruct,36,0.03211517165005537
"Give me a name festive food and provide: 1) Name of food, 2) Country of origin, 3) Continent of origin","Here's a festive food:

1. Food: Panettone
2. Country of origin: Italy
3. Continent of origin: Europe",meta-llama/Llama-3.1-8B-Instruct,33,0.03211517165005537
"Give me a name festive food and provide: 1) Name of food, 2) Country of origin, 3) Continent of origin","Here's a festive food:

1. **Turrón**: 
2. Country of origin: **Spain** 
3. Continent of origin: **Europe**

Turrón is a traditional Spanish sweet made of ground almonds, honey, and sometimes other ingredients like citrus peel or chocolate. It's often served as a dessert during Christmas and other holidays in Spain.",meta-llama/Llama-3.1-8B-Instruct,47,0.031007751937984496
"Give me a name festive food and provide: 1) Name of food, 2) Country of origin, 3) Continent of origin","Here's a festive food:

1. **Name of food**: Panettone
2. **Country of origin**: Italy
3. **Continent of origin**: Europe",meta-llama/Llama-3.1-8B-Instruct,30,0.029900332225913623
"Give me a name festive food and provide: 1) Name of food, 2) Country of origin, 3) Continent of origin","Here's a festive food example:

1. Name of food: Panettone
2. Country of origin: Italy
3. Continent of origin: Europe",meta-llama/Llama-3.1-8B-Instruct,63,0.028792912513842746
"Give me a name festive food and provide: 1) Name of food, 2) Country of origin, 3) Continent of origin","Here's a festive food example:

1. Name of food: Panettone
2. Country of origin: Italy
3. Continent of origin: Europe",meta-llama/Llama-3.1-8B-Instruct,0,0.028792912513842746
"Give me a name festive food and provide: 1) Name of food, 2) Country of origin, 3) Continent of origin","Here's a festive food item:

1. **Name of food:** Panettone
2. **Country of origin:** Italy
3. **Continent of origin:** Europe",meta-llama/Llama-3.1-8B-Instruct,57,0.028792912513842746
"Give me a name festive food and provide: 1) Name of food, 2) Country of origin, 3) Continent of origin","Here's a festive food item:

1. **Name of food:** Panettone
2. **Country of origin:** Italy
3. **Continent of origin:** Europe",meta-llama/Llama-3.1-8B-Instruct,52,0.028792912513842746
"Give me a name festive food and provide: 1) Name of food, 2) Country of origin, 3) Continent of origin","Here's a festive food item:

1. **Name of food:** Panettone
2. **Country of origin:** Italy
3. **Continent of origin:** Europe",meta-llama/Llama-3.1-8B-Instruct,43,0.028792912513842746
"Give me a name festive food and provide: 1) Name of food, 2) Country of origin, 3) Continent of origin","Here's one:

 1. Name of food: Baklava
 2. Country of origin: Greece 
 3. Continent of origin: Asia",meta-llama/Llama-3.1-8B-Instruct,40,0.028792912513842746
"Give me a name festive food and provide: 1) Name of food, 2) Country of origin, 3) Continent of origin","Here's a festive food:

1. Name of food: Trdelník
2. Country of origin: Czech Republic
3. Continent of origin: Europe",meta-llama/Llama-3.1-8B-Instruct,70,0.02547065337763012
"Give me a name festive food and provide: 1) Name of food, 2) Country of origin, 3) Continent of origin","Here's a festive food for you:

1. Food Name: Panettone
2. Country of Origin: Italy
3. Continent of Origin: Europe",meta-llama/Llama-3.1-8B-Instruct,1,0.024363233665559248
"Give me a name festive food and provide: 1) Name of food, 2) Country of origin, 3) Continent of origin","Here's a festive food for you:

1. Name of food: Panettone
2. Country of origin: Italy
3. Continent of origin: Europe",meta-llama/Llama-3.1-8B-Instruct,65,0.023255813953488372
"Give me a name festive food and provide: 1) Name of food, 2) Country of origin, 3) Continent of origin","Here's a festive food for you:

1. Name of food: Panettone
2. Country of origin: Italy
3. Continent of origin: Europe",meta-llama/Llama-3.1-8B-Instruct,26,0.023255813953488372
"Give me a name festive food and provide: 1) Name of food, 2) Country of origin, 3) Continent of origin","Here's a festive food for you:

1. Name of food: Panettone
2. Country of origin: Italy
3. Continent of origin: Europe",meta-llama/Llama-3.1-8B-Instruct,29,0.023255813953488372
"Give me a name festive food and provide: 1) Name of food, 2) Country of origin, 3) Continent of origin","Here's a festive food for you:

1. Name of food: Panettone
2. Country of origin: Italy
3. Continent of origin: Europe",meta-llama/Llama-3.1-8B-Instruct,31,0.023255813953488372
"Give me a name festive food and provide: 1) Name of food, 2) Country of origin, 3) Continent of origin","Here's a festive food for you:

1. Name of food: Panettone
2. Country of origin: Italy
3. Continent of origin: Europe",meta-llama/Llama-3.1-8B-Instruct,14,0.023255813953488372
"Give me a name festive food and provide: 1) Name of food, 2) Country of origin, 3) Continent of origin","Here's a festive food for you:

1. Name of food: Panettone
2. Country of origin: Italy
3. Continent of origin: Europe",meta-llama/Llama-3.1-8B-Instruct,13,0.023255813953488372
"Give me a name festive food and provide: 1) Name of food, 2) Country of origin, 3) Continent of origin","Here's a festive food for you:

1. Name of food: Panettone
2. Country of origin: Italy
3. Continent of origin: Europe",meta-llama/Llama-3.1-8B-Instruct,41,0.023255813953488372
"Give me a name festive food and provide: 1) Name of food, 2) Country of origin, 3) Continent of origin","Here's a festive food for you:

1. Name of food: Panettone
2. Country of origin: Italy
3. Continent of origin: Europe",meta-llama/Llama-3.1-8B-Instruct,75,0.023255813953488372
"Give me a name festive food and provide: 1) Name of food, 2) Country of origin, 3) Continent of origin","Here's a festive food for you:

1. Name of food: Panettone
2. Country of origin: Italy
3. Continent of origin: Europe",meta-llama/Llama-3.1-8B-Instruct,16,0.023255813953488372
"Give me a name festive food and provide: 1) Name of food, 2) Country of origin, 3) Continent of origin","Here's a festive food:

1. **Food Name:** Panettone
2. **Country of Origin:** Italy
3. **Continent of Origin:** Europe",meta-llama/Llama-3.1-8B-Instruct,60,0.023255813953488372
"Give me a name festive food and provide: 1) Name of food, 2) Country of origin, 3) Continent of origin","Here's a name for a festive food: ""Panettone"".

1. **Name of food:** Panettone
2. **Country of origin:** Italy
3. **Continent of origin:** Europe",meta-llama/Llama-3.1-8B-Instruct,37,0.0221483942414175
"Give me a name festive food and provide: 1) Name of food, 2) Country of origin, 3) Continent of origin","Here's a festive food example:

1. **Name of food:** Panettone
2. **Country of origin:** Italy
3. **Continent of origin:** Europe",meta-llama/Llama-3.1-8B-Instruct,77,0.021040974529346623
"Give me a name festive food and provide: 1) Name of food, 2) Country of origin, 3) Continent of origin","Here's a festive food example:

1. **Name of food:** Panettone
2. **Country of origin:** Italy
3. **Continent of origin:** Europe",meta-llama/Llama-3.1-8B-Instruct,20,0.021040974529346623
"Give me a name festive food and provide: 1) Name of food, 2) Country of origin, 3) Continent of origin","Here's an example of festive food:

1. **Name of food**: Panettone
2. **Country of origin**: Italy
3. **Continent of origin**: Europe",meta-llama/Llama-3.1-8B-Instruct,76,0.018826135105204873
"Give me a name festive food and provide: 1) Name of food, 2) Country of origin, 3) Continent of origin","Here's a festive food for you:

1. **Name of food:** Panettone
2. **Country of origin:** Italy
3. **Continent of origin:** Europe",meta-llama/Llama-3.1-8B-Instruct,67,0.015503875968992248
"Give me a name festive food and provide: 1) Name of food, 2) Country of origin, 3) Continent of origin","Here's a festive food for you:

1. **Name of food:** Panettone
2. **Country of origin:** Italy
3. **Continent of origin:** Europe",meta-llama/Llama-3.1-8B-Instruct,64,0.015503875968992248
"Give me a name festive food and provide: 1) Name of food, 2) Country of origin, 3) Continent of origin","Here's a festive food for you:

1. **Name of food:** Panettone
2. **Country of origin:** Italy
3. **Continent of origin:** Europe",meta-llama/Llama-3.1-8B-Instruct,8,0.015503875968992248
"Give me a name festive food and provide: 1) Name of food, 2) Country of origin, 3) Continent of origin","Here's a festive food for you:

1. **Name of food:** Panettone
2. **Country of origin:** Italy
3. **Continent of origin:** Europe",meta-llama/Llama-3.1-8B-Instruct,18,0.015503875968992248
"Give me a name festive food and provide: 1) Name of food, 2) Country of origin, 3) Continent of origin","Here's a festive food for you:

1. **Name of food:** Panettone
2. **Country of origin:** Italy
3. **Continent of origin:** Europe",meta-llama/Llama-3.1-8B-Instruct,19,0.015503875968992248
"Give me a name festive food and provide: 1) Name of food, 2) Country of origin, 3) Continent of origin","Here's a festive food:

1. Name of food: Kulich
2. Country of origin: Russia
3. Continent of origin: Europe",meta-llama/Llama-3.1-8B-Instruct,49,0.015503875968992248
"Give me a name festive food and provide: 1) Name of food, 2) Country of origin, 3) Continent of origin","Here's a festive food:

1. **Name of Food:** Panettone
2. **Country of Origin:** Italy
3. **Continent of Origin:** Europe",meta-llama/Llama-3.1-8B-Instruct,23,0.015503875968992248
"Give me a name festive food and provide: 1) Name of food, 2) Country of origin, 3) Continent of origin","Here's a festive food suggestion:

1. Name of food: Panettone
2. Country of origin: Italy
3. Continent of origin: Europe",meta-llama/Llama-3.1-8B-Instruct,10,0.014396456256921373
"Give me a name festive food and provide: 1) Name of food, 2) Country of origin, 3) Continent of origin","Food: ""Panettone""

1. Name of food: Panettone
2. Country of origin: Italy
3. Continent of origin: Europe",meta-llama/Llama-3.1-8B-Instruct,59,0.014396456256921373
"Give me a name festive food and provide: 1) Name of food, 2) Country of origin, 3) Continent of origin","Here's a festive food item:

 Name of food: Panettone
 Country of origin: Italy
 Continent of origin: Europe",meta-llama/Llama-3.1-8B-Instruct,32,0.014396456256921373
"Give me a name festive food and provide: 1) Name of food, 2) Country of origin, 3) Continent of origin","Here's a festive food:

1. **Food Name:** Trdelník
2. **Country of Origin:** Czech Republic
3. **Continent of Origin:** Europe",meta-llama/Llama-3.1-8B-Instruct,27,0.012181616832779624
"Give me a name festive food and provide: 1) Name of food, 2) Country of origin, 3) Continent of origin","Here's a festive food suggestion:

1. **Name of food:** Panettone
2. **Country of origin:** Italy
3. **Continent of origin:** Europe",meta-llama/Llama-3.1-8B-Instruct,28,0.012181616832779624
"Give me a name festive food and provide: 1) Name of food, 2) Country of origin, 3) Continent of origin","Here's a festive food suggestion:

1. **Name of food:** Panettone
2. **Country of origin:** Italy
3. **Continent of origin:** Europe",meta-llama/Llama-3.1-8B-Instruct,45,0.012181616832779624
"Give me a name festive food and provide: 1) Name of food, 2) Country of origin, 3) Continent of origin","Here's a festive food:

 (1) **Name of food:** Melomakarona
 (2) **Country of origin:** Greece
 (3) **Continent of origin:** Europe

Melomakarona is a traditional Greek Christmas cookie that is often served during the holiday season.",meta-llama/Llama-3.1-8B-Instruct,6,0.01107419712070875
"Give me a name festive food and provide: 1) Name of food, 2) Country of origin, 3) Continent of origin","Here's a festive food for you:

**Food Name:** Panettone
**Country of Origin:** Italy
**Continent of Origin:** Europe",meta-llama/Llama-3.1-8B-Instruct,54,0.009966777408637873
"Give me a name festive food and provide: 1) Name of food, 2) Country of origin, 3) Continent of origin","Here's a festive food:

1. **Name of food:** Trifle
2. **Country of origin:** England
3. **Continent of origin:** Europe",meta-llama/Llama-3.1-8B-Instruct,51,0.008859357696566999
"Give me a name festive food and provide: 1) Name of food, 2) Country of origin, 3) Continent of origin","Here's a festive food:

1. **Name of food:** Trifle
2. **Country of origin:** England
3. **Continent of origin:** Europe",meta-llama/Llama-3.1-8B-Instruct,72,0.008859357696566999
"Give me a name festive food and provide: 1) Name of food, 2) Country of origin, 3) Continent of origin","Here's a festive food:

1. Name of food: Tamagoyaki
2. Country of origin: Japan
3. Continent of origin: Asia",meta-llama/Llama-3.1-8B-Instruct,17,0.008859357696566999
"Give me a name festive food and provide: 1) Name of food, 2) Country of origin, 3) Continent of origin","Here are a few festive food options:

1. **Name of food:** Panettone
2. **Country of origin:** Italy
3. **Continent of origin:** Europe

2. **Name of food:** Christstollen
3. **Country of origin:** Germany
4. **Continent of origin:** Europe

3. **Name of food:** Tres Leches Cake
4. **Country of origin:** The Caribbean (predominantly in Cuba and Puerto Rico)
5. **Continent of origin:** North America",meta-llama/Llama-3.1-8B-Instruct,42,0.006644518272425249
"Give me a name festive food and provide: 1) Name of food, 2) Country of origin, 3) Continent of origin","Here's a festive food:

1. **Dumplings** - In many countries, dumplings are a festive food, especially steamed dumplings filled with sweet fillings (like red bean paste) are especially popular in China during Chinese New Year.
2. **Country of origin:** While dumplings as a food item originated in China, similar dishes are found in other countries and cultures. Here I'll associate dumplings with China as it is a very popular dish there.
3. **Continent of origin:** Asia",meta-llama/Llama-3.1-8B-Instruct,50,0.005537098560354375
"Give me a name festive food and provide: 1) Name of food, 2) Country of origin, 3) Continent of origin","Here's a festive food:

1. **Name of food:** Kourabiedes 
2. **Country of origin:** Greece
3. **Continent of origin:** Europe",meta-llama/Llama-3.1-8B-Instruct,4,0.0022148394241417496
"Give me a name festive food and provide: 1) Name of food, 2) Country of origin, 3) Continent of origin","Let's say the food is a festive treat. 

1. Food:   Kourabiedes
2. Country of origin: Greece
3. Continent of origin: Europe",meta-llama/Llama-3.1-8B-Instruct,69,0.0011074197120708748
"Give me a name festive food and provide: 1) Name of food, 2) Country of origin, 3) Continent of origin","Here are some festive food suggestions:

1. **Name of food**: Trifle
- **2. Country of origin**: England
- **3. Continent of origin**: Europe

2. **Name of food**: Buche de Noel
- **2. Country of origin**: France
- **3. Continent of origin**: Europe

3. **Name of food**: Panettone
- **2. Country of origin**: Italy
- **3. Continent of origin**: Europe

4. **Name of food**: Kourabiedes
- **2. Country of origin**: Greece
- **3. Continent of origin**: Europe

5. **Name of food**: Pan Dulce
- **2. Country of origin**: Mexico
- **3. Continent of origin**: North America",meta-llama/Llama-3.1-8B-Instruct,7,0.0011074197120708748
"Name a local food and provide: 1) Name of food, 2) Country of origin, 3) Continent of origin","Let's take ""Nasi Lemak"" as an example of a local food.

1. Name of food: Nasi Lemak
2. Country of origin: Malaysia
3. Continent of origin: Asia",meta-llama/Llama-3.1-8B-Instruct,9,0.024683544303797468
"Name a local food and provide: 1) Name of food, 2) Country of origin, 3) Continent of origin","I'll choose a local food: 

1. Name of food: Injera
2. Country of origin: Ethiopia
3. Continent of origin: Africa",meta-llama/Llama-3.1-8B-Instruct,72,0.024050632911392405
"Name a local food and provide: 1) Name of food, 2) Country of origin, 3) Continent of origin","Let's consider the local food ""Feijoada"".

1. **Name of food:** Feijoada
2. **Country of origin:** Brazil
3. **Continent of origin:** South America",meta-llama/Llama-3.1-8B-Instruct,7,0.023734177215189875
"Name a local food and provide: 1) Name of food, 2) Country of origin, 3) Continent of origin","One local food is ""Po' Boy"".

1. Name of food: Po' Boy
2. Country of origin: United States (specifically, Louisiana)
3. Continent of origin: North America",meta-llama/Llama-3.1-8B-Instruct,32,0.023734177215189875
"Name a local food and provide: 1) Name of food, 2) Country of origin, 3) Continent of origin","I'll choose a local food from the Philippines. 

1. Name of food: Adobo
2. Country of origin: Philippines
3. Continent of origin: Asia",meta-llama/Llama-3.1-8B-Instruct,18,0.023734177215189875
"Name a local food and provide: 1) Name of food, 2) Country of origin, 3) Continent of origin","Sushi 
1) Name of food: Sushi
2) Country of origin: Japan
3) Continent of origin: Asia",meta-llama/Llama-3.1-8B-Instruct,64,0.02341772151898734
"Name a local food and provide: 1) Name of food, 2) Country of origin, 3) Continent of origin","I'd be happy to name a local food. 

1. Name of food: Poutine
2. Country of origin: Canada
3. Continent of origin: North America",meta-llama/Llama-3.1-8B-Instruct,2,0.023101265822784812
"Name a local food and provide: 1) Name of food, 2) Country of origin, 3) Continent of origin","Here's an example of a local food:

1. **Name of food:** Injera
2. **Country of origin:** Ethiopia
3. **Continent of origin:** Africa",meta-llama/Llama-3.1-8B-Instruct,12,0.02278481012658228
"Name a local food and provide: 1) Name of food, 2) Country of origin, 3) Continent of origin","Let's consider a popular local food. 

1. Name of food: Pączki
2. Country of origin: Poland
3. Continent of origin: Europe",meta-llama/Llama-3.1-8B-Instruct,43,0.022151898734177215
"Name a local food and provide: 1) Name of food, 2) Country of origin, 3) Continent of origin","A local food is 'Bánh Mì'. 

1. Name of the food: Bánh Mì
2. Country of origin: Vietnam
3. Continent of origin: Asia",meta-llama/Llama-3.1-8B-Instruct,73,0.021835443037974682
"Name a local food and provide: 1) Name of food, 2) Country of origin, 3) Continent of origin","One local food is ""Sjømannskake"". 

1. Name of food: Sjømannskake 
2. Country of origin: Norway 
3. Continent of origin: Europe",meta-llama/Llama-3.1-8B-Instruct,16,0.021518987341772152
"Name a local food and provide: 1) Name of food, 2) Country of origin, 3) Continent of origin","One local food I can name is ""Tacos al pastor"".

1. Name of food: Tacos al pastor
2. Country of origin: Mexico
3. Continent of origin: North America",meta-llama/Llama-3.1-8B-Instruct,56,0.020569620253164556
"Name a local food and provide: 1) Name of food, 2) Country of origin, 3) Continent of origin","I'll name a local food: ""Tacos al pastor.""

1. Name of food: Tacos al pastor
2. Country of origin: Mexico
3. Continent of origin: North America",meta-llama/Llama-3.1-8B-Instruct,33,0.020253164556962026
"Name a local food and provide: 1) Name of food, 2) Country of origin, 3) Continent of origin","I'll choose a local food: Pad Thai.

1. Name of food: Pad Thai
2. Country of origin: Thailand
3. Continent of origin: Asia",meta-llama/Llama-3.1-8B-Instruct,68,0.019936708860759492
"Name a local food and provide: 1) Name of food, 2) Country of origin, 3) Continent of origin","Let's take the example of ""Pad Thai"".

1. Name of food: Pad Thai
2. Country of origin: Thailand
3. Continent of origin: Asia",meta-llama/Llama-3.1-8B-Instruct,0,0.019620253164556962
"Name a local food and provide: 1) Name of food, 2) Country of origin, 3) Continent of origin","Let's take ""Kimchi"" as the local food.

1. Name of food: Kimchi
2. Country of origin: South Korea
3. Continent of origin: Asia",meta-llama/Llama-3.1-8B-Instruct,6,0.01930379746835443
"Name a local food and provide: 1) Name of food, 2) Country of origin, 3) Continent of origin","Let's take ""Sushi"" as an example:

1. Name of food: Sushi
2. Country of origin: Japan
3. Continent of origin: Asia",meta-llama/Llama-3.1-8B-Instruct,34,0.0189873417721519
"Name a local food and provide: 1) Name of food, 2) Country of origin, 3) Continent of origin","Let's take ""Pad Thai"" as an example of a local food.

1. Name of food: Pad Thai
2. Country of origin: Thailand
3. Continent of origin: Asia",meta-llama/Llama-3.1-8B-Instruct,67,0.018037974683544303
"Name a local food and provide: 1) Name of food, 2) Country of origin, 3) Continent of origin","Let's take the example of ""Sushi"".

1. **Name of food:** Sushi
2. **Country of origin:** Japan
3. **Continent of origin:** Asia",meta-llama/Llama-3.1-8B-Instruct,20,0.01708860759493671
"Name a local food and provide: 1) Name of food, 2) Country of origin, 3) Continent of origin","Let's consider a local food: 'Gyro'. 

1. Name of food: Gyro
2. Country of origin: Greece
3. Continent of origin: Europe",meta-llama/Llama-3.1-8B-Instruct,66,0.016772151898734176
"Name a local food and provide: 1) Name of food, 2) Country of origin, 3) Continent of origin","One local food is:

1. Name of food: Kimchi
2. Country of origin: South Korea
3. Continent of origin: Asia",meta-llama/Llama-3.1-8B-Instruct,28,0.016772151898734176
"Name a local food and provide: 1) Name of food, 2) Country of origin, 3) Continent of origin","I'll provide information about a local food.

1. Name of food: Arepas
2. Country of origin: Venezuela
3. Continent of origin: South America",meta-llama/Llama-3.1-8B-Instruct,44,0.016772151898734176
"Name a local food and provide: 1) Name of food, 2) Country of origin, 3) Continent of origin","Let's consider an example: 

1. Name of food: Sushi
2. Country of origin: Japan
3. Continent of origin: Asia",meta-llama/Llama-3.1-8B-Instruct,15,0.016455696202531647
"Name a local food and provide: 1) Name of food, 2) Country of origin, 3) Continent of origin","Let's take the example of 'Sushi.'

1. Name of food: Sushi
2. Country of origin: Japan
3. Continent of origin: Asia",meta-llama/Llama-3.1-8B-Instruct,37,0.016455696202531647
"Name a local food and provide: 1) Name of food, 2) Country of origin, 3) Continent of origin","Here's a local food example:

1. Name of food: Kimbap
2. Country of origin: South Korea
3. Continent of origin: Asia",meta-llama/Llama-3.1-8B-Instruct,13,0.016139240506329113
"Name a local food and provide: 1) Name of food, 2) Country of origin, 3) Continent of origin","Let's take the food ""Sag paneer"".

1. Name of food: Sag paneer
2. Country of origin: India
3. Continent of origin: Asia",meta-llama/Llama-3.1-8B-Instruct,39,0.016139240506329113
"Name a local food and provide: 1) Name of food, 2) Country of origin, 3) Continent of origin","A popular local food is ""Kimchi"".

1. Name of food: Kimchi
2. Country of origin: South Korea
3. Continent of origin: Asia",meta-llama/Llama-3.1-8B-Instruct,65,0.015822784810126583
"Name a local food and provide: 1) Name of food, 2) Country of origin, 3) Continent of origin","Here's a local food example:

1. **Name of food:** Kimbap
2. **Country of origin:** South Korea
3. **Continent of origin:** Asia",meta-llama/Llama-3.1-8B-Instruct,76,0.015189873417721518
"Name a local food and provide: 1) Name of food, 2) Country of origin, 3) Continent of origin","Here's a local food example:

1. Name of food: Sushi
2. Country of origin: Japan
3. Continent of origin: Asia",meta-llama/Llama-3.1-8B-Instruct,78,0.015189873417721518
"Name a local food and provide: 1) Name of food, 2) Country of origin, 3) Continent of origin","Let's take the food ""Pierogi"". 

1. Name of food: Pierogi
2. Country of origin: Poland
3. Continent of origin: Europe",meta-llama/Llama-3.1-8B-Instruct,62,0.014873417721518987
"Name a local food and provide: 1) Name of food, 2) Country of origin, 3) Continent of origin","Here's a local food example:

 1. Name of food: Sushi
 2. Country of origin: Japan
 3. Continent of origin: Asia",meta-llama/Llama-3.1-8B-Instruct,48,0.014873417721518987
"Name a local food and provide: 1) Name of food, 2) Country of origin, 3) Continent of origin","The local food I've chosen is ""S'mores"".

1. Name of food: S'mores
2. Country of origin: The United States (but popular in many countries)
3. Continent of origin: North America",meta-llama/Llama-3.1-8B-Instruct,23,0.014556962025316455
"Name a local food and provide: 1) Name of food, 2) Country of origin, 3) Continent of origin","I'll provide information on a local food.

Local Food: Arepas

1. Name of food: Arepas
2. Country of origin: Venezuela
3. Continent of origin: South America",meta-llama/Llama-3.1-8B-Instruct,55,0.014240506329113924
"Name a local food and provide: 1) Name of food, 2) Country of origin, 3) Continent of origin","Here's a local food example:

1. Name of food: Hummus
2. Country of origin: Lebanon
3. Continent of origin: Asia",meta-llama/Llama-3.1-8B-Instruct,61,0.01360759493670886
"Name a local food and provide: 1) Name of food, 2) Country of origin, 3) Continent of origin","I'd be happy to provide information on a local food. Here's one:

1. **Name of food:** Kimbap
2. **Country of origin:** South Korea
3. **Continent of origin:** Asia",meta-llama/Llama-3.1-8B-Instruct,45,0.01360759493670886
"Name a local food and provide: 1) Name of food, 2) Country of origin, 3) Continent of origin","Here's an example of a local food:

1. Name of food: Gyro
2. Country of origin: Greece
3. Continent of origin: Europe",meta-llama/Llama-3.1-8B-Instruct,51,0.013291139240506329
"Name a local food and provide: 1) Name of food, 2) Country of origin, 3) Continent of origin","Here's a local food example:

1. Name of food: Sfenj
2. Country of origin: Morocco
3. Continent of origin: Africa",meta-llama/Llama-3.1-8B-Instruct,63,0.012974683544303797
"Name a local food and provide: 1) Name of food, 2) Country of origin, 3) Continent of origin","I'll choose a popular local food from around the world. Here's the information:

1. Food: Humitas
2. Country of origin: Peru
3. Continent of origin: South America",meta-llama/Llama-3.1-8B-Instruct,19,0.012974683544303797
"Name a local food and provide: 1) Name of food, 2) Country of origin, 3) Continent of origin","A local food is: Pad Thai

1. Name of food: Pad Thai
2. Country of origin: Thailand
3. Continent of origin: Asia",meta-llama/Llama-3.1-8B-Instruct,21,0.012658227848101266
"Name a local food and provide: 1) Name of food, 2) Country of origin, 3) Continent of origin","I'll name a local food from Ireland. 

1. Name of food: Boxty
2. Country of origin: Ireland
3. Continent of origin: Europe",meta-llama/Llama-3.1-8B-Instruct,70,0.012341772151898734
"Name a local food and provide: 1) Name of food, 2) Country of origin, 3) Continent of origin","I'll choose a local food: ""Arepa""

1. **Name of food:** Arepa
2. **Country of origin:** Venezuela and Colombia
3. **Continent of origin:** South America",meta-llama/Llama-3.1-8B-Instruct,30,0.012341772151898734
"Name a local food and provide: 1) Name of food, 2) Country of origin, 3) Continent of origin","Here's a local food example:

 1. Name of food: Suya
2. Country of origin: Nigeria
3. Continent of origin: Africa",meta-llama/Llama-3.1-8B-Instruct,54,0.012341772151898734
"Name a local food and provide: 1) Name of food, 2) Country of origin, 3) Continent of origin","Let's take the local food 'Sushi'. 

1. Name of food: Sushi
2. Country of origin: Japan
3. Continent of origin: Asia",meta-llama/Llama-3.1-8B-Instruct,59,0.01170886075949367
"Name a local food and provide: 1) Name of food, 2) Country of origin, 3) Continent of origin","I'll name a local food: 

1. Name of food: Baklava
2. Country of origin: Turkey 
        (also popular in many other countries, especially in the Middle East, but it originated in Turkey)
3. Continent of origin: Asia",meta-llama/Llama-3.1-8B-Instruct,25,0.01139240506329114
"Name a local food and provide: 1) Name of food, 2) Country of origin, 3) Continent of origin","I'll choose a local food.

**Food Name:** Suya
**Country of Origin:** Nigeria
**Continent of Origin:** Africa",meta-llama/Llama-3.1-8B-Instruct,35,0.01139240506329114
"Name a local food and provide: 1) Name of food, 2) Country of origin, 3) Continent of origin","Let's take the local food: ""Suya""

1. Name of food: Suya
2. Country of origin: Nigeria
3. Continent of origin: Africa",meta-llama/Llama-3.1-8B-Instruct,31,0.011075949367088608
"Name a local food and provide: 1) Name of food, 2) Country of origin, 3) Continent of origin","The local food I'll be describing is 'Sushi'. 

1. Name of food: Sushi 
2. Country of origin: Japan 
3. Continent of origin: Asia",meta-llama/Llama-3.1-8B-Instruct,52,0.011075949367088608
"Name a local food and provide: 1) Name of food, 2) Country of origin, 3) Continent of origin","Here's an example of a local food:

1. Name of food: Banh Mi
2. Country of origin: Vietnam
3. Continent of origin: Asia",meta-llama/Llama-3.1-8B-Instruct,17,0.010759493670886076
"Name a local food and provide: 1) Name of food, 2) Country of origin, 3) Continent of origin","I'll choose a popular local food. 

1) Name of food: Banh Mi
2) Country of origin: Vietnam
3) Continent of origin: Asia",meta-llama/Llama-3.1-8B-Instruct,14,0.010443037974683544
"Name a local food and provide: 1) Name of food, 2) Country of origin, 3) Continent of origin","I'd be happy to name a local food and provide the requested information.

Local Food: Banh Mi
1) Name of food: Banh Mi
2) Country of origin: Vietnam
3) Continent of origin: Asia",meta-llama/Llama-3.1-8B-Instruct,50,0.010443037974683544
"Name a local food and provide: 1) Name of food, 2) Country of origin, 3) Continent of origin","I'll name a local food from the 'Sour Soup' of Taiwan. Here are the details:

 1. Name of food:   Taiwanese Sour Soup (also known as 'Zhen Zhu Tang')
 2. Country of origin: Taiwan
 3. Continent of origin: Asia",meta-llama/Llama-3.1-8B-Instruct,74,0.010126582278481013
"Name a local food and provide: 1) Name of food, 2) Country of origin, 3) Continent of origin","Let's consider a local food: 

1. Name of food: Suya
2. Country of origin: Nigeria
3. Continent of origin: Africa",meta-llama/Llama-3.1-8B-Instruct,29,0.009810126582278481
"Name a local food and provide: 1) Name of food, 2) Country of origin, 3) Continent of origin","I'll name a local food: Sushi. 

1) Name of food: Sushi
2) Country of origin: Japan
3) Continent of origin: Asia",meta-llama/Llama-3.1-8B-Instruct,38,0.009810126582278481
"Name a local food and provide: 1) Name of food, 2) Country of origin, 3) Continent of origin","Local food: Fish Tacos

1. Name of food: Fish Tacos
2. Country of origin: Mexico
3. Continent of origin: North America",meta-llama/Llama-3.1-8B-Instruct,60,0.00949367088607595
"Name a local food and provide: 1) Name of food, 2) Country of origin, 3) Continent of origin","Here's an example: 

 Name of food: Sushi
 1. Sushi
 2. Japan
 3. Asia",meta-llama/Llama-3.1-8B-Instruct,75,0.00949367088607595
"Name a local food and provide: 1) Name of food, 2) Country of origin, 3) Continent of origin","I'll choose a local food, here are the details:

 **Food Name:** Arepa
 **Country of Origin:** Venezuela
 **Continent of Origin:** South America",meta-llama/Llama-3.1-8B-Instruct,71,0.008860759493670886
"Name a local food and provide: 1) Name of food, 2) Country of origin, 3) Continent of origin","One local food is 'S'mores'.

1. Name of food: S'mores
2. Country of origin: United States
3. Continent of origin: North America",meta-llama/Llama-3.1-8B-Instruct,69,0.008544303797468355
"Name a local food and provide: 1) Name of food, 2) Country of origin, 3) Continent of origin","Here's an example of a local food:

1. Name of food: Arepa
2. Country of origin: Venezuela
3. Continent of origin: South America",meta-llama/Llama-3.1-8B-Instruct,58,0.007911392405063292
"Name a local food and provide: 1) Name of food, 2) Country of origin, 3) Continent of origin","Let's take ""Samosas"". 

1. Name of food: Samosas
2. Country of origin: India (and also Pakistan)
3. Continent of origin: Asia",meta-llama/Llama-3.1-8B-Instruct,77,0.007911392405063292
"Name a local food and provide: 1) Name of food, 2) Country of origin, 3) Continent of origin","I'll name a local food, and provide the requested information.

**Local Food:** Sushi
1. **Name of food:** Sushi
2. **Country of origin:** Japan
3. **Continent of origin:** Asia",meta-llama/Llama-3.1-8B-Instruct,26,0.007594936708860759
"Name a local food and provide: 1) Name of food, 2) Country of origin, 3) Continent of origin","I'd be happy to name a local food. 

Here's a local food: 

1. Name of food: Arepa
2. Country of origin: Venezuela
3. Continent of origin: South America",meta-llama/Llama-3.1-8B-Instruct,27,0.007278481012658228
"Name a local food and provide: 1) Name of food, 2) Country of origin, 3) Continent of origin","I'll name a local food as an example.

1. Name of food: Kalua Pig
2. Country of origin: Hawaii, United States
3. Continent of origin: North America

Kalua Pig is a traditional Hawaiian dish that is slow-cooked in an underground oven (imu) and served with cabbage, rice, and other side dishes. It's a local favorite in Hawaii.",meta-llama/Llama-3.1-8B-Instruct,24,0.006962025316455696
"Name a local food and provide: 1) Name of food, 2) Country of origin, 3) Continent of origin","I'd be happy to provide you with information about a local food. 

1) Name of food: Sushi
2) Country of origin: Japan
3) Continent of origin: Asia",meta-llama/Llama-3.1-8B-Instruct,53,0.006962025316455696
"Name a local food and provide: 1) Name of food, 2) Country of origin, 3) Continent of origin","I'll provide an example of a local food:

 1. Name of food: Arepa
 2. Country of origin: Venezuela
 3. Continent of origin: South America",meta-llama/Llama-3.1-8B-Instruct,8,0.006329113924050633
"Name a local food and provide: 1) Name of food, 2) Country of origin, 3) Continent of origin","I'll name a local food: ""Arepa"".

1. Name of food: Arepa
2. Country of origin: Venezuela
3. Continent of origin: South America",meta-llama/Llama-3.1-8B-Instruct,79,0.006012658227848101
"Name a local food and provide: 1) Name of food, 2) Country of origin, 3) Continent of origin","I'd like to introduce you to: 

**Sushi**
1. **Name of food:** Sushi
2. **Country of origin:** Japan
3. **Continent of origin:** Asia",meta-llama/Llama-3.1-8B-Instruct,22,0.006012658227848101
"Name a local food and provide: 1) Name of food, 2) Country of origin, 3) Continent of origin","Here's a local food example:

1. Name of food: Samosas
2. Country of origin: India
3. Continent of origin: Asia",meta-llama/Llama-3.1-8B-Instruct,57,0.005063291139240506
"Name a local food and provide: 1) Name of food, 2) Country of origin, 3) Continent of origin","I'll choose a local food. 

Name of food: Arepa
2) Country of origin: Venezuela
3) Continent of origin: South America",meta-llama/Llama-3.1-8B-Instruct,1,0.005063291139240506
"Name a local food and provide: 1) Name of food, 2) Country of origin, 3) Continent of origin","I'll name a local food from around the world. 

Local Food: Injera
1. Name of food: Injera
2. Country of origin: Ethiopia
3. Continent of origin: Africa",meta-llama/Llama-3.1-8B-Instruct,41,0.004746835443037975
"Name a local food and provide: 1) Name of food, 2) Country of origin, 3) Continent of origin","I'll choose a local food from around the world. Let's consider the local food ""Suya"".

1. **Name of food:** Suya
2. **Country of origin:** Nigeria
3. **Continent of origin:** Africa",meta-llama/Llama-3.1-8B-Instruct,10,0.004430379746835443
"Name a local food and provide: 1) Name of food, 2) Country of origin, 3) Continent of origin","Let's take ""Sosatie"" as the local food.

1) Name of food: Sosatie
2) Country of origin: South Africa
3) Continent of origin: Africa",meta-llama/Llama-3.1-8B-Instruct,5,0.004430379746835443
"Name a local food and provide: 1) Name of food, 2) Country of origin, 3) Continent of origin","Here's a local food:

1. **Name of food:** Falafel
2. **Country of origin:** Israel
3. **Continent of origin:** Asia

Note: Despite its origins in the Middle East, the falafel gained widespread popularity in Israel, especially in cities with large Jewish populations.",meta-llama/Llama-3.1-8B-Instruct,46,0.0031645569620253164
"Name a local food and provide: 1) Name of food, 2) Country of origin, 3) Continent of origin","One local food is the ""Arepa"".

1. Name of food: Arepa
2. Country of origin: Venezuela
3. Continent of origin: South America",meta-llama/Llama-3.1-8B-Instruct,3,0.002848101265822785
"Name a local food and provide: 1) Name of food, 2) Country of origin, 3) Continent of origin","One local food is:

 1) **Spring Rolls**
 2) **China** ( note: this is not necessarily the country of origin, but it is often associated with them, and they are well-known there, but they can also be found in other places. 
   They are  a popular dish in many Southeast Asian countries as well.)
 3) **Asia**",meta-llama/Llama-3.1-8B-Instruct,49,0.0022151898734177216
"Name a local food and provide: 1) Name of food, 2) Country of origin, 3) Continent of origin","Here's a local food:

1. **Name of food:** Jollof Rice
2. **Country of origin:** Ghana
3. **Continent of origin:** Africa",meta-llama/Llama-3.1-8B-Instruct,4,0.0015822784810126582
"Name a local food and provide: 1) Name of food, 2) Country of origin, 3) Continent of origin","I'd like to name a local food, specifically Jamaican Jerk Chicken. 

1. Name of food: Jamaican Jerk Chicken
2. Country of origin: Jamaica
3. Continent of origin: North America",meta-llama/Llama-3.1-8B-Instruct,47,0.0015822784810126582
"Name a local food and provide: 1) Name of food, 2) Country of origin, 3) Continent of origin","Here's a local food example: 

1. Name of food: Jollof Rice
2. Country of origin: Ghana
3. Continent of origin: Africa",meta-llama/Llama-3.1-8B-Instruct,11,0.0009493670886075949
"Name a local food and provide: 1) Name of food, 2) Country of origin, 3) Continent of origin","Food: Chicken Satay

1. Name of food: Chicken Satay
2. Country of origin:  Indonesia
3. Continent of origin: Asia",meta-llama/Llama-3.1-8B-Instruct,42,0.0006329113924050633
"Name a local food and provide: 1) Name of food, 2) Country of origin, 3) Continent of origin","Let's take the example of ""Fish Sticks"" (a common local food).

1. Name of food: Fish Sticks
2. Country of origin: United Kingdom (although they have gained popularity worldwide, the exact origin is disputed between the UK and other countries like Canada.)
3. Continent of origin: Europe",meta-llama/Llama-3.1-8B-Instruct,36,0.0006329113924050633
"Name a local food and provide: 1) Name of food, 2) Country of origin, 3) Continent of origin","I'd be happy to introduce you to a local food. Here's an example:

1. **Name of food**: Jollof Rice
2. **Country of origin**: Ghana
3. **Continent of origin**: Africa",meta-llama/Llama-3.1-8B-Instruct,40,0.00031645569620253165
"Name a meal and provide: 1) Name of meal, 2) Country of origin, 3) Continent of origin","Meal: Chicken Shawarma

1. Name of meal: Chicken Shawarma
2. Country of origin: Egypt or Turkey (the dish is a variant of the doner kebab, which originated in Turkey, but Egypt is known for its version)
3. Continent of origin: Asia",meta-llama/Llama-3.1-8B-Instruct,28,0.029411764705882353
"Name a meal and provide: 1) Name of meal, 2) Country of origin, 3) Continent of origin","I'll name a meal as an example: **Paella**

Here are the requested details:

1. **Name of meal:** Paella
2. **Country of origin:** Spain
3. **Continent of origin:** Europe",meta-llama/Llama-3.1-8B-Instruct,62,0.02897278314310799
"Name a meal and provide: 1) Name of meal, 2) Country of origin, 3) Continent of origin","Let's take the meal ""Risotto alla Milanese"".

1. Name of meal: Risotto alla Milanese
2. Country of origin: Italy
3. Continent of origin: Europe",meta-llama/Llama-3.1-8B-Instruct,75,0.028533801580333626
"Name a meal and provide: 1) Name of meal, 2) Country of origin, 3) Continent of origin","Let's take the meal ""Pad Thai"". 

1. Name of meal: Pad Thai
2. Country of origin: Thailand
3. Continent of origin: Asia",meta-llama/Llama-3.1-8B-Instruct,55,0.026777875329236173
"Name a meal and provide: 1) Name of meal, 2) Country of origin, 3) Continent of origin","Let's take ""Pad Thai"" as the meal. 

1. Name of meal: Pad Thai
2. Country of origin: Thailand
3. Continent of origin: Asia",meta-llama/Llama-3.1-8B-Instruct,69,0.02633889376646181
"Name a meal and provide: 1) Name of meal, 2) Country of origin, 3) Continent of origin","Here's a meal:

1. Name of meal: Paella
2. Country of origin: Spain
3. Continent of origin: Europe",meta-llama/Llama-3.1-8B-Instruct,26,0.02633889376646181
"Name a meal and provide: 1) Name of meal, 2) Country of origin, 3) Continent of origin","Let's take the meal ""Pad Thai"".

1. Name of meal: Pad Thai
2. Country of origin: Thailand
3. Continent of origin: Asia",meta-llama/Llama-3.1-8B-Instruct,59,0.02633889376646181
"Name a meal and provide: 1) Name of meal, 2) Country of origin, 3) Continent of origin","Let's take the meal ""Pad Thai"".

1. Name of meal: Pad Thai
2. Country of origin: Thailand
3. Continent of origin: Asia",meta-llama/Llama-3.1-8B-Instruct,4,0.02633889376646181
"Name a meal and provide: 1) Name of meal, 2) Country of origin, 3) Continent of origin","Let's take the meal ""Pad Thai"".

1. Name of meal: Pad Thai
2. Country of origin: Thailand
3. Continent of origin: Asia",meta-llama/Llama-3.1-8B-Instruct,73,0.02633889376646181
"Name a meal and provide: 1) Name of meal, 2) Country of origin, 3) Continent of origin","Let's take the meal ""Pad Thai"".

1. Name of meal: Pad Thai
2. Country of origin: Thailand
3. Continent of origin: Asia",meta-llama/Llama-3.1-8B-Instruct,16,0.02633889376646181
"Name a meal and provide: 1) Name of meal, 2) Country of origin, 3) Continent of origin","Let's take the meal ""Sushi"".

1. Name of meal: Sushi
2. Country of origin: Japan
3. Continent of origin: Asia",meta-llama/Llama-3.1-8B-Instruct,51,0.02633889376646181
"Name a meal and provide: 1) Name of meal, 2) Country of origin, 3) Continent of origin","Let's take the meal ""Paella"".

1. Name of meal: Paella
2. Country of origin: Spain
3. Continent of origin: Europe",meta-llama/Llama-3.1-8B-Instruct,25,0.025460930640913083
"Name a meal and provide: 1) Name of meal, 2) Country of origin, 3) Continent of origin","Let's take the meal ""Paella"".

1. Name of meal: Paella
2. Country of origin: Spain
3. Continent of origin: Europe",meta-llama/Llama-3.1-8B-Instruct,54,0.025460930640913083
"Name a meal and provide: 1) Name of meal, 2) Country of origin, 3) Continent of origin","Let's take ""Pad Thai"" as an example meal.

1. Name of meal: Pad Thai
2. Country of origin: Thailand
3. Continent of origin: Asia",meta-llama/Llama-3.1-8B-Instruct,11,0.025460930640913083
"Name a meal and provide: 1) Name of meal, 2) Country of origin, 3) Continent of origin","Let's take the meal ""Pad Thai"". 

1. Name of Meal: Pad Thai
2. Country of Origin: Thailand
3. Continent of Origin: Asia",meta-llama/Llama-3.1-8B-Instruct,68,0.024143985952589993
"Name a meal and provide: 1) Name of meal, 2) Country of origin, 3) Continent of origin","Let's take the meal 'Feijoada'.

1. Name of meal: Feijoada
2. Country of origin: Brazil
3. Continent of origin: South America",meta-llama/Llama-3.1-8B-Instruct,22,0.02370500438981563
"Name a meal and provide: 1) Name of meal, 2) Country of origin, 3) Continent of origin","Let's take the meal ""Feijoada"".

1. Name of meal: Feijoada
2. Country of origin: Brazil
3. Continent of origin: South America",meta-llama/Llama-3.1-8B-Instruct,21,0.02370500438981563
"Name a meal and provide: 1) Name of meal, 2) Country of origin, 3) Continent of origin","Let's take the meal ""Beef Stroganoff"".

1. **Name of meal:** Beef Stroganoff
2. **Country of origin:** Russia
3. **Continent of origin:** Europe",meta-llama/Llama-3.1-8B-Instruct,17,0.023266022827041263
"Name a meal and provide: 1) Name of meal, 2) Country of origin, 3) Continent of origin","Let's consider the meal ""Pad Thai"".

1. Name of meal: Pad Thai
2. Country of origin: Thailand
3. Continent of origin: Asia",meta-llama/Llama-3.1-8B-Instruct,9,0.022388059701492536
"Name a meal and provide: 1) Name of meal, 2) Country of origin, 3) Continent of origin","Let's consider the meal ""Pad Thai"".

1. Name of meal: Pad Thai
2. Country of origin: Thailand
3. Continent of origin: Asia",meta-llama/Llama-3.1-8B-Instruct,49,0.022388059701492536
"Name a meal and provide: 1) Name of meal, 2) Country of origin, 3) Continent of origin","Let's consider the meal ""Pad Thai"".

1. Name of meal: Pad Thai
2. Country of origin: Thailand
3. Continent of origin: Asia",meta-llama/Llama-3.1-8B-Instruct,19,0.022388059701492536
"Name a meal and provide: 1) Name of meal, 2) Country of origin, 3) Continent of origin","I'll choose a meal: Pad Thai.

1. Name of meal: Pad Thai
2. Country of origin: Thailand
3. Continent of origin: Asia",meta-llama/Llama-3.1-8B-Instruct,29,0.021949078138718173
"Name a meal and provide: 1) Name of meal, 2) Country of origin, 3) Continent of origin","I'll choose a meal: Pad Thai.

1. Name of meal: Pad Thai
2. Country of origin: Thailand
3. Continent of origin: Asia",meta-llama/Llama-3.1-8B-Instruct,36,0.021949078138718173
"Name a meal and provide: 1) Name of meal, 2) Country of origin, 3) Continent of origin","Let's consider the meal ""Pad Thai"".

1. **Name of meal**: Pad Thai
2. **Country of origin**: Thailand
3. **Continent of origin**: Asia",meta-llama/Llama-3.1-8B-Instruct,0,0.021949078138718173
"Name a meal and provide: 1) Name of meal, 2) Country of origin, 3) Continent of origin","I'll provide the following information for the meal ""Sushi"":

1. Name of meal: Sushi
2. Country of origin: Japan
3. Continent of origin: Asia",meta-llama/Llama-3.1-8B-Instruct,79,0.02151009657594381
"Name a meal and provide: 1) Name of meal, 2) Country of origin, 3) Continent of origin","Let's consider the meal ""Chicken Fettuccine Alfredo"".

1. Name of meal: Chicken Fettuccine Alfredo
2. Country of origin: Italy
3. Continent of origin: Europe",meta-llama/Llama-3.1-8B-Instruct,33,0.02151009657594381
"Name a meal and provide: 1) Name of meal, 2) Country of origin, 3) Continent of origin","Here's a meal example:

1. **Meal Name:** Sushi
2. **Country of Origin:** Japan
3. **Continent of Origin:** Asia",meta-llama/Llama-3.1-8B-Instruct,30,0.02019315188762072
"Name a meal and provide: 1) Name of meal, 2) Country of origin, 3) Continent of origin","Let's take the meal: ""Chicken Tagine""

1. **Name of meal:** Chicken Tagine
2. **Country of origin:** Morocco
3. **Continent of origin:** Africa",meta-llama/Llama-3.1-8B-Instruct,32,0.02019315188762072
"Name a meal and provide: 1) Name of meal, 2) Country of origin, 3) Continent of origin","Here's a meal example:

1. Name of meal: Beef Stroganoff
2. Country of origin: Russia
3. Continent of origin: Europe",meta-llama/Llama-3.1-8B-Instruct,27,0.019754170324846356
"Name a meal and provide: 1) Name of meal, 2) Country of origin, 3) Continent of origin","Let's consider a meal: Chicken Fettuccine Alfredo.

1. Name of meal: Chicken Fettuccine Alfredo
2. Country of origin: Italy
3. Continent of origin: Europe",meta-llama/Llama-3.1-8B-Instruct,14,0.019315188762071993
"Name a meal and provide: 1) Name of meal, 2) Country of origin, 3) Continent of origin","**Meal Name:** Sushi

**Country of Origin:** Japan

**Continent of Origin:** Asia",meta-llama/Llama-3.1-8B-Instruct,34,0.019315188762071993
"Name a meal and provide: 1) Name of meal, 2) Country of origin, 3) Continent of origin","Let's consider the meal: ""Feijoada"".

1. Name of meal: Feijoada
2. Country of origin: Brazil
3. Continent of origin: South America",meta-llama/Llama-3.1-8B-Instruct,70,0.01887620719929763
"Name a meal and provide: 1) Name of meal, 2) Country of origin, 3) Continent of origin","Meal: Pad Thai 

1. Name of meal: Pad Thai
2. Country of origin: Thailand
3. Continent of origin: Asia",meta-llama/Llama-3.1-8B-Instruct,60,0.01887620719929763
"Name a meal and provide: 1) Name of meal, 2) Country of origin, 3) Continent of origin","Let's consider the meal: ""Feijoada"".

1. **Name of meal**: Feijoada
2. **Country of origin**: Brazil
3. **Continent of origin**: South America",meta-llama/Llama-3.1-8B-Instruct,13,0.018437225636523266
"Name a meal and provide: 1) Name of meal, 2) Country of origin, 3) Continent of origin","Meal:  Pad Thai

1. Name of meal: Pad Thai
2. Country of origin: Thailand
3. Continent of origin: Asia",meta-llama/Llama-3.1-8B-Instruct,58,0.018437225636523266
"Name a meal and provide: 1) Name of meal, 2) Country of origin, 3) Continent of origin","Let's consider the meal: ""Feijoada"".

1. **Name of meal:** Feijoada
2. **Country of origin:** Brazil
3. **Continent of origin:** South America",meta-llama/Llama-3.1-8B-Instruct,38,0.01755926251097454
"Name a meal and provide: 1) Name of meal, 2) Country of origin, 3) Continent of origin","Let's consider the meal: ""Beef Stroganoff"".

1. Name of meal: Beef Stroganoff.
2. Country of origin: Russia.
3. Continent of origin: Europe.",meta-llama/Llama-3.1-8B-Instruct,65,0.017120280948200176
"Name a meal and provide: 1) Name of meal, 2) Country of origin, 3) Continent of origin","Here's a meal:

1. Name of meal: Sushi
2. Country of origin: Japan
3. Continent of origin: Asia",meta-llama/Llama-3.1-8B-Instruct,72,0.016681299385425813
"Name a meal and provide: 1) Name of meal, 2) Country of origin, 3) Continent of origin","I'd be happy to provide information on a meal. 

Meal: Pad Thai

1. Name of meal: Pad Thai
2. Country of origin: Thailand
3. Continent of origin: Asia",meta-llama/Llama-3.1-8B-Instruct,61,0.01624231782265145
"Name a meal and provide: 1) Name of meal, 2) Country of origin, 3) Continent of origin","I'll name the meal as ""Paella"". 

1) Name of meal: Paella
2) Country of origin: Spain
3) Continent of origin: Europe",meta-llama/Llama-3.1-8B-Instruct,15,0.015364354697102721
"Name a meal and provide: 1) Name of meal, 2) Country of origin, 3) Continent of origin","Let's consider a meal named ""Feijoada"".

1. Name of meal: Feijoada
2. Country of origin: Brazil
3. Continent of origin: South America",meta-llama/Llama-3.1-8B-Instruct,5,0.014925373134328358
"Name a meal and provide: 1) Name of meal, 2) Country of origin, 3) Continent of origin","Let's take the meal ""Falafel"".

1. Name of meal: Falafel
2. Country of origin: Israel
3. Continent of origin: Asia",meta-llama/Llama-3.1-8B-Instruct,23,0.014047410008779631
"Name a meal and provide: 1) Name of meal, 2) Country of origin, 3) Continent of origin","I'll choose the meal ""Bhindi Masala"". 

1. Name of meal: Bhindi Masala
2. Country of origin: India
3. Continent of origin: Asia",meta-llama/Llama-3.1-8B-Instruct,50,0.013608428446005268
"Name a meal and provide: 1) Name of meal, 2) Country of origin, 3) Continent of origin","Let's take ""Chicken Fajitas"" as an example:

1. Name of meal: Chicken Fajitas
2. Country of origin: Mexico
3. Continent of origin: North America",meta-llama/Llama-3.1-8B-Instruct,42,0.013608428446005268
"Name a meal and provide: 1) Name of meal, 2) Country of origin, 3) Continent of origin","**Meal:** Chicken Fajitas
1. Name of meal: Chicken Fajitas
2. Country of origin: Mexico
3. Continent of origin: North America",meta-llama/Llama-3.1-8B-Instruct,10,0.012730465320456541
"Name a meal and provide: 1) Name of meal, 2) Country of origin, 3) Continent of origin","Meal: Chicken Tikka Masala

1. Name of meal: Chicken Tikka Masala
2. Country of origin: United Kingdom
3. Continent of origin: Europe",meta-llama/Llama-3.1-8B-Instruct,6,0.012291483757682178
"Name a meal and provide: 1) Name of meal, 2) Country of origin, 3) Continent of origin","I'll name a meal and provide the requested information.

**Meal:** Chicken Fajitas

1. **Name of Meal:** Chicken Fajitas
2. **Country of Origin:** Mexico
3. **Continent of Origin:** North America",meta-llama/Llama-3.1-8B-Instruct,12,0.011852502194907815
"Name a meal and provide: 1) Name of meal, 2) Country of origin, 3) Continent of origin","I'll choose the meal: ""Chicken Fajitas"".

1. Name of meal: Chicken Fajitas
2. Country of origin: Mexico
3. Continent of origin: North America",meta-llama/Llama-3.1-8B-Instruct,8,0.011852502194907815
"Name a meal and provide: 1) Name of meal, 2) Country of origin, 3) Continent of origin","Meal: Chicken Tikka Masala

1. Name of meal: Chicken Tikka Masala
2. Country of origin: India/United Kingdom (note: this meal's origins are disputed, but it's often attributed to a British-Indian restaurant in Glasgow, Scotland.)
3. Continent of origin: Asia",meta-llama/Llama-3.1-8B-Instruct,74,0.011852502194907815
"Name a meal and provide: 1) Name of meal, 2) Country of origin, 3) Continent of origin","Here's a meal:

1. **Name of meal:** Chicken Fajitas
2. **Country of origin:** Mexico
3. **Continent of origin:** North America",meta-llama/Llama-3.1-8B-Instruct,39,0.011852502194907815
"Name a meal and provide: 1) Name of meal, 2) Country of origin, 3) Continent of origin","I'll name a meal and provide the requested information.

**Meal Name:** Chicken Tikka Masala
1. **Name of meal:** Chicken Tikka Masala
2. **Country of origin:** India (although there is a debate about its true origins, it's generally associated with Indian cuisine)
3. **Continent of origin:** Asia",meta-llama/Llama-3.1-8B-Instruct,43,0.010974539069359086
"Name a meal and provide: 1) Name of meal, 2) Country of origin, 3) Continent of origin","I'd be happy to provide this information for you. 

**Meal Name:** Chicken Fajitas
**Country of Origin:** Mexico
**Continent of Origin:** North America",meta-llama/Llama-3.1-8B-Instruct,63,0.009657594381035996
"Name a meal and provide: 1) Name of meal, 2) Country of origin, 3) Continent of origin","I'll name a meal: Chicken Fajitas.

1. Name of meal: Chicken Fajitas
2. Country of origin: Mexico
3. Continent of origin: North America",meta-llama/Llama-3.1-8B-Instruct,41,0.009657594381035996
"Name a meal and provide: 1) Name of meal, 2) Country of origin, 3) Continent of origin","Meal: Chicken Fajitas 

1. Name of meal: Chicken Fajitas 
2. Country of origin: Mexico
3. Continent of origin: North America",meta-llama/Llama-3.1-8B-Instruct,20,0.009657594381035996
"Name a meal and provide: 1) Name of meal, 2) Country of origin, 3) Continent of origin","Meal: Chicken Fajitas

1. Name of meal: Chicken Fajitas
2. Country of origin: Mexico
3. Continent of origin: North America",meta-llama/Llama-3.1-8B-Instruct,71,0.009218612818261633
"Name a meal and provide: 1) Name of meal, 2) Country of origin, 3) Continent of origin","Meal: Chicken Fajitas

1. Name of meal: Chicken Fajitas
2. Country of origin: Mexico
3. Continent of origin: North America",meta-llama/Llama-3.1-8B-Instruct,31,0.009218612818261633
"Name a meal and provide: 1) Name of meal, 2) Country of origin, 3) Continent of origin","Meal: Chicken Fajitas

1. Name of meal: Chicken Fajitas
2. Country of origin: Mexico
3. Continent of origin: North America",meta-llama/Llama-3.1-8B-Instruct,7,0.009218612818261633
"Name a meal and provide: 1) Name of meal, 2) Country of origin, 3) Continent of origin","Meal: Chicken Fajitas

1. Name of meal: Chicken Fajitas
2. Country of origin: Mexico
3. Continent of origin: North America",meta-llama/Llama-3.1-8B-Instruct,48,0.009218612818261633
"Name a meal and provide: 1) Name of meal, 2) Country of origin, 3) Continent of origin","Meal: Chicken Fajitas

1. Name of meal: Chicken Fajitas
2. Country of origin: Mexico
3. Continent of origin: North America",meta-llama/Llama-3.1-8B-Instruct,78,0.009218612818261633
"Name a meal and provide: 1) Name of meal, 2) Country of origin, 3) Continent of origin","I'd be happy to provide information about the meal. 

**Meal:** Chicken Fajitas
1. **Name of meal:** Chicken Fajitas
2. **Country of origin:** Mexico
3. **Continent of origin:** North America",meta-llama/Llama-3.1-8B-Instruct,52,0.009218612818261633
"Name a meal and provide: 1) Name of meal, 2) Country of origin, 3) Continent of origin","Let's take the meal as an example: 

**Meal:** Chicken Fajitas
1. **Name of Meal:** Chicken Fajitas
2. **Country of origin:** Mexico
3. **Continent of origin:** North America",meta-llama/Llama-3.1-8B-Instruct,45,0.009218612818261633
"Name a meal and provide: 1) Name of meal, 2) Country of origin, 3) Continent of origin","I'll name the meal: Chicken Fajitas

1. Name of meal: Chicken Fajitas
2. Country of origin: Mexico
3. Continent of origin: North America",meta-llama/Llama-3.1-8B-Instruct,67,0.00877963125548727
"Name a meal and provide: 1) Name of meal, 2) Country of origin, 3) Continent of origin","Let's consider the meal: Chicken Fajitas.

1. Name of meal: Chicken Fajitas
2. Country of origin: Mexico
3. Continent of origin: North America",meta-llama/Llama-3.1-8B-Instruct,56,0.007901668129938543
"Name a meal and provide: 1) Name of meal, 2) Country of origin, 3) Continent of origin","I'll name a meal and provide the requested information. 

Meal: Chicken Tikka Masala 

1. Name of meal: Chicken Tikka Masala
2. Country of origin: India (although popular in the UK, its origins are often disputed between India and Pakistan, with some arguing that it actually originated in Bangladesh or Pakistan)
   However, Since the query mentions India as an example country we will proceed with that.
3. Continent of origin: Asia",meta-llama/Llama-3.1-8B-Instruct,47,0.007023705004389816
"Name a meal and provide: 1) Name of meal, 2) Country of origin, 3) Continent of origin","Here's an example meal:

1. Name of meal: Chicken Fajitas
2. Country of origin: Mexico
3. Continent of origin: North America",meta-llama/Llama-3.1-8B-Instruct,76,0.007023705004389816
"Name a meal and provide: 1) Name of meal, 2) Country of origin, 3) Continent of origin","I'll choose the meal ""Chili Con Carne"".

1. Name of meal: Chili Con Carne
2. Country of origin: United States
3. Continent of origin: North America",meta-llama/Llama-3.1-8B-Instruct,64,0.006145741878841089
"Name a meal and provide: 1) Name of meal, 2) Country of origin, 3) Continent of origin","Let's take the meal: 

1. Name of meal: Chicken Fajitas
2. Country of origin: Mexico
3. Continent of origin: North America",meta-llama/Llama-3.1-8B-Instruct,35,0.006145741878841089
"Name a meal and provide: 1) Name of meal, 2) Country of origin, 3) Continent of origin","Let's take the meal ""Chicken Fajita"".

1. Name of meal: Chicken Fajita
2. Country of origin: Mexico
3. Continent of origin: North America",meta-llama/Llama-3.1-8B-Instruct,37,0.0052677787532923615
"Name a meal and provide: 1) Name of meal, 2) Country of origin, 3) Continent of origin","I'll choose the meal ""Chicken Fajita"". 

1. Meal Name: Chicken Fajita
2. Country of origin: Mexico
3. Continent of origin: North America",meta-llama/Llama-3.1-8B-Instruct,77,0.004828797190517998
"Name a meal and provide: 1) Name of meal, 2) Country of origin, 3) Continent of origin","Meal: Chicken Fajita 

1. Name of meal: Chicken Fajita
2. Country of origin: Mexico 
3. Continent of origin: North America",meta-llama/Llama-3.1-8B-Instruct,44,0.003950834064969272
"Name a meal and provide: 1) Name of meal, 2) Country of origin, 3) Continent of origin","I'll name the meal: Chicken Fajita.

1. Name of meal: Chicken Fajita
2. Country of origin: Mexico
3. Continent of origin: North America",meta-llama/Llama-3.1-8B-Instruct,66,0.003511852502194908
"Name a meal and provide: 1) Name of meal, 2) Country of origin, 3) Continent of origin","Meal: Chicken Fajita

1. Name of meal: Chicken Fajita
2. Country of origin: Mexico
3. Continent of origin: North America",meta-llama/Llama-3.1-8B-Instruct,3,0.003511852502194908
"Name a meal and provide: 1) Name of meal, 2) Country of origin, 3) Continent of origin","Meal: Chicken Fajita

1. Name of meal: Chicken Fajita
2. Country of origin: Mexico
3. Continent of origin: North America",meta-llama/Llama-3.1-8B-Instruct,46,0.003511852502194908
"Name a meal and provide: 1) Name of meal, 2) Country of origin, 3) Continent of origin","I'll name a meal and provide the required information.

 Meal: Jollof Rice

1. **Name of meal**: Jollof Rice
2. **Country of origin**: Ghana
3. **Continent of origin**: Africa",meta-llama/Llama-3.1-8B-Instruct,53,0.0026338893766461808
"Name a meal and provide: 1) Name of meal, 2) Country of origin, 3) Continent of origin","Let's take the meal: ""Jollof Rice""

1. Name of meal: Jollof Rice
2. Country of origin: Ghana
3. Continent of origin: Africa (more specifically West Africa)",meta-llama/Llama-3.1-8B-Instruct,18,0.0021949078138718174
"Name a meal and provide: 1) Name of meal, 2) Country of origin, 3) Continent of origin","Let's take the meal: ""Jollof Rice"".

1. Meal: Jollof Rice
2. Country of origin: Ghana (also popular in Nigeria and many other West African countries)
3. Continent of origin: Africa",meta-llama/Llama-3.1-8B-Instruct,1,0.001755926251097454
"Name a meal and provide: 1) Name of meal, 2) Country of origin, 3) Continent of origin","Here's a meal: 

1. Name of meal: Jollof Rice
2. Country of origin: Ghana 
3. Continent of origin: Africa",meta-llama/Llama-3.1-8B-Instruct,57,0.000877963125548727
"Name a meal and provide: 1) Name of meal, 2) Country of origin, 3) Continent of origin","Here's a meal example:

1. Name of meal: Jollof Rice
2. Country of origin: Ghana
3. Continent of origin: Africa",meta-llama/Llama-3.1-8B-Instruct,2,0.000877963125548727
"Name a meal and provide: 1) Name of meal, 2) Country of origin, 3) Continent of origin","I'd be happy to provide the information about a meal. 

1. Name of meal: Jollof Rice
2. Country of origin: Ghana
3. Continent of origin: Africa",meta-llama/Llama-3.1-8B-Instruct,40,0.000877963125548727
"Name a meal and provide: 1) Name of meal, 2) Country of origin, 3) Continent of origin","I'll choose the meal ""Jollof Rice"". 

1. Name of meal: Jollof Rice
2. Country of origin: Ghana (As well as Nigeria, Liberia and Sierra Leone)
3. Continent of origin: Africa",meta-llama/Llama-3.1-8B-Instruct,24,0.0
"Name one traditional dish and provide: 1) Name of dish, 2) Country of origin, 3) Continent of origin","Here's a traditional dish with the requested information:

1. **Name of dish:** Pad Thai
2. **Country of origin:** Thailand
3. **Continent of origin:** Asia",meta-llama/Llama-3.1-8B-Instruct,10,0.030303030303030304
"Name one traditional dish and provide: 1) Name of dish, 2) Country of origin, 3) Continent of origin","Here's an example:

1. Name of dish: Pad Thai
2. Country of origin: Thailand
3. Continent of origin: Asia",meta-llama/Llama-3.1-8B-Instruct,8,0.028904428904428906
"Name one traditional dish and provide: 1) Name of dish, 2) Country of origin, 3) Continent of origin","Here's one traditional dish with the requested information:

1. Name of dish: Sushi
2. Country of origin: Japan
3. Continent of origin: Asia",meta-llama/Llama-3.1-8B-Instruct,62,0.028904428904428906
"Name one traditional dish and provide: 1) Name of dish, 2) Country of origin, 3) Continent of origin","Here's a traditional dish:

1. Name of dish: Moussaka
2. Country of origin: Greece
3. Continent of origin: Europe",meta-llama/Llama-3.1-8B-Instruct,28,0.02843822843822844
"Name one traditional dish and provide: 1) Name of dish, 2) Country of origin, 3) Continent of origin","Here's a traditional dish:

1. **Name of dish:** Pad Thai
2. **Country of origin:** Thailand
3. **Continent of origin:** Asia",meta-llama/Llama-3.1-8B-Instruct,67,0.027972027972027972
"Name one traditional dish and provide: 1) Name of dish, 2) Country of origin, 3) Continent of origin","Here's the information for the traditional dish: 

1. Name of dish: Pad Thai
2. Country of origin: Thailand
3. Continent of origin: Asia",meta-llama/Llama-3.1-8B-Instruct,17,0.027972027972027972
"Name one traditional dish and provide: 1) Name of dish, 2) Country of origin, 3) Continent of origin","Here's a traditional dish:

1. Name of dish: Pad Thai
2. Country of origin: Thailand
3. Continent of origin: Asia",meta-llama/Llama-3.1-8B-Instruct,52,0.02703962703962704
"Name one traditional dish and provide: 1) Name of dish, 2) Country of origin, 3) Continent of origin","Here's a traditional dish:

1. Name of dish: Pad Thai
2. Country of origin: Thailand
3. Continent of origin: Asia",meta-llama/Llama-3.1-8B-Instruct,54,0.02703962703962704
"Name one traditional dish and provide: 1) Name of dish, 2) Country of origin, 3) Continent of origin","Here's a traditional dish:

1. Name of dish: Pad Thai
2. Country of origin: Thailand
3. Continent of origin: Asia",meta-llama/Llama-3.1-8B-Instruct,37,0.02703962703962704
"Name one traditional dish and provide: 1) Name of dish, 2) Country of origin, 3) Continent of origin","Here's a traditional dish:

1. Name of dish: Paella
2. Country of origin: Spain
3. Continent of origin: Europe",meta-llama/Llama-3.1-8B-Instruct,48,0.02703962703962704
"Name one traditional dish and provide: 1) Name of dish, 2) Country of origin, 3) Continent of origin","Here's a traditional dish:

1. Name of the dish: Pad Thai
2. Country of origin: Thailand
3. Continent of origin: Asia",meta-llama/Llama-3.1-8B-Instruct,78,0.02703962703962704
"Name one traditional dish and provide: 1) Name of dish, 2) Country of origin, 3) Continent of origin","1. Dish name: Sushi
2. Country of origin: Japan
3. Continent of origin: Asia",meta-llama/Llama-3.1-8B-Instruct,47,0.026573426573426574
"Name one traditional dish and provide: 1) Name of dish, 2) Country of origin, 3) Continent of origin","1. Name of dish: Sushi
2. Country of origin: Japan
3. Continent of origin: Asia",meta-llama/Llama-3.1-8B-Instruct,26,0.026107226107226107
"Name one traditional dish and provide: 1) Name of dish, 2) Country of origin, 3) Continent of origin","1. Name of dish: Sushi
2. Country of origin: Japan
3. Continent of origin: Asia",meta-llama/Llama-3.1-8B-Instruct,72,0.026107226107226107
"Name one traditional dish and provide: 1) Name of dish, 2) Country of origin, 3) Continent of origin","Here's a traditional dish:

1. **Name of dish**: Paella
2. **Country of origin**: Spain
3. **Continent of origin**: Europe",meta-llama/Llama-3.1-8B-Instruct,58,0.02470862470862471
"Name one traditional dish and provide: 1) Name of dish, 2) Country of origin, 3) Continent of origin","Here's a traditional dish: 

1. Name of dish: Sushi
2. Country of origin: Japan
3. Continent of origin: Asia",meta-llama/Llama-3.1-8B-Instruct,57,0.02470862470862471
"Name one traditional dish and provide: 1) Name of dish, 2) Country of origin, 3) Continent of origin","Here's a traditional dish:

1. **Name of dish:** Sushi
2. **Country of origin:** Japan
3. **Continent of origin:** Asia",meta-llama/Llama-3.1-8B-Instruct,55,0.02470862470862471
"Name one traditional dish and provide: 1) Name of dish, 2) Country of origin, 3) Continent of origin","Here's a traditional dish:

1. Name of dish: Sushi
2. Country of origin: Japan
3. Continent of origin: Asia",meta-llama/Llama-3.1-8B-Instruct,25,0.024242424242424242
"Name one traditional dish and provide: 1) Name of dish, 2) Country of origin, 3) Continent of origin","Here's a traditional dish:

1. **Name of dish**: Sushi
2. **Country of origin**: Japan
3. **Continent of origin**: Asia",meta-llama/Llama-3.1-8B-Instruct,2,0.023310023310023312
"Name one traditional dish and provide: 1) Name of dish, 2) Country of origin, 3) Continent of origin","Here's a traditional dish:

1. **Name of dish**: Sushi
2. **Country of origin**: Japan
3. **Continent of origin**: Asia",meta-llama/Llama-3.1-8B-Instruct,22,0.023310023310023312
"Name one traditional dish and provide: 1) Name of dish, 2) Country of origin, 3) Continent of origin","Here's a traditional dish with its details:

1. Name of dish: Sushi
2. Country of origin: Japan
3. Continent of origin: Asia",meta-llama/Llama-3.1-8B-Instruct,31,0.022377622377622378
"Name one traditional dish and provide: 1) Name of dish, 2) Country of origin, 3) Continent of origin","One traditional dish is:

1. Name of dish: Paella
2. Country of origin: Spain
3. Continent of origin: Europe",meta-llama/Llama-3.1-8B-Instruct,6,0.02097902097902098
"Name one traditional dish and provide: 1) Name of dish, 2) Country of origin, 3) Continent of origin","One traditional dish is:

1. **Name of dish:** Pad Thai
2. **Country of origin:** Thailand
3. **Continent of origin:** Asia",meta-llama/Llama-3.1-8B-Instruct,70,0.020512820512820513
"Name one traditional dish and provide: 1) Name of dish, 2) Country of origin, 3) Continent of origin","Here's a traditional dish:

1. Name of dish: Feijoada
2. Country of origin: Brazil
3. Continent of origin: South America",meta-llama/Llama-3.1-8B-Instruct,75,0.020512820512820513
"Name one traditional dish and provide: 1) Name of dish, 2) Country of origin, 3) Continent of origin","Here's a traditional dish:

1. Name of dish: Feijoada
2. Country of origin: Brazil
3. Continent of origin: South America",meta-llama/Llama-3.1-8B-Instruct,36,0.020512820512820513
"Name one traditional dish and provide: 1) Name of dish, 2) Country of origin, 3) Continent of origin","One traditional dish is:

 1) Name of dish: Paella
 2) Country of origin: Spain
 3) Continent of origin: Europe",meta-llama/Llama-3.1-8B-Instruct,44,0.020046620046620046
"Name one traditional dish and provide: 1) Name of dish, 2) Country of origin, 3) Continent of origin","Here's a traditional dish:

1. Name of dish: Chicken Tikka Masala
2. Country of origin: India (originally, now popularized in the UK)
3. Continent of origin: Asia",meta-llama/Llama-3.1-8B-Instruct,69,0.019580419580419582
"Name one traditional dish and provide: 1) Name of dish, 2) Country of origin, 3) Continent of origin","1. Name of dish: Chicken Tikka Masala
2. Country of origin: India (or Pakistan, with some debate)
3. Continent of origin: Asia",meta-llama/Llama-3.1-8B-Instruct,77,0.019580419580419582
"Name one traditional dish and provide: 1) Name of dish, 2) Country of origin, 3) Continent of origin","One traditional dish is:

1. Name of dish: Pad Thai
2. Country of origin: Thailand
3. Continent of origin: Asia",meta-llama/Llama-3.1-8B-Instruct,68,0.01818181818181818
"Name one traditional dish and provide: 1) Name of dish, 2) Country of origin, 3) Continent of origin","One traditional dish is:

1. Name of dish: Pad Thai
2. Country of origin: Thailand
3. Continent of origin: Asia",meta-llama/Llama-3.1-8B-Instruct,29,0.01818181818181818
"Name one traditional dish and provide: 1) Name of dish, 2) Country of origin, 3) Continent of origin","One traditional dish is:

1. Name of dish: Pad Thai
2. Country of origin: Thailand
3. Continent of origin: Asia",meta-llama/Llama-3.1-8B-Instruct,61,0.01818181818181818
"Name one traditional dish and provide: 1) Name of dish, 2) Country of origin, 3) Continent of origin","One traditional dish is:

1. Name of dish: Pad Thai
2. Country of origin: Thailand
3. Continent of origin: Asia",meta-llama/Llama-3.1-8B-Instruct,49,0.01818181818181818
"Name one traditional dish and provide: 1) Name of dish, 2) Country of origin, 3) Continent of origin","One traditional dish is:

1. Name of dish: Pad Thai
2. Country of origin: Thailand
3. Continent of origin: Asia",meta-llama/Llama-3.1-8B-Instruct,73,0.01818181818181818
"Name one traditional dish and provide: 1) Name of dish, 2) Country of origin, 3) Continent of origin","One traditional dish is:

1. **Name of dish:** Sushi
2. **Country of origin:** Japan
3. **Continent of origin:** Asia",meta-llama/Llama-3.1-8B-Instruct,12,0.01818181818181818
"Name one traditional dish and provide: 1) Name of dish, 2) Country of origin, 3) Continent of origin","One traditional dish is: 

1. Name of dish: Beef Bourguignon
2. Country of origin: France
3. Continent of origin: Europe",meta-llama/Llama-3.1-8B-Instruct,19,0.01818181818181818
"Name one traditional dish and provide: 1) Name of dish, 2) Country of origin, 3) Continent of origin","Here's a traditional dish:

1. Dish: **Feijoada**
2. Country of origin: **Brazil**
3. Continent of origin: **South America**",meta-llama/Llama-3.1-8B-Instruct,15,0.01724941724941725
"Name one traditional dish and provide: 1) Name of dish, 2) Country of origin, 3) Continent of origin","One traditional dish is: 

1. Name of dish:  Sushi
2. Country of origin: Japan
3. Continent of origin: Asia",meta-llama/Llama-3.1-8B-Instruct,50,0.01724941724941725
"Name one traditional dish and provide: 1) Name of dish, 2) Country of origin, 3) Continent of origin","One traditional dish is:

1. Name of dish: Sushi
2. Country of origin: Japan
3. Continent of origin: Asia",meta-llama/Llama-3.1-8B-Instruct,4,0.016783216783216783
"Name one traditional dish and provide: 1) Name of dish, 2) Country of origin, 3) Continent of origin","One traditional dish is:

1. Name of dish: Sushi
2. Country of origin: Japan
3. Continent of origin: Asia",meta-llama/Llama-3.1-8B-Instruct,42,0.016783216783216783
"Name one traditional dish and provide: 1) Name of dish, 2) Country of origin, 3) Continent of origin","Name of dish: Chicken Tikka Masala
2) Country of origin: India (some sources argue it may actually be of Pakistani origin)
3) Continent of origin: Asia",meta-llama/Llama-3.1-8B-Instruct,13,0.016317016317016316
"Name one traditional dish and provide: 1) Name of dish, 2) Country of origin, 3) Continent of origin","One traditional dish is:

1. **Name of dish**: Pad Thai
2. **Country of origin**: Thailand
3. **Continent of origin**: Asia",meta-llama/Llama-3.1-8B-Instruct,46,0.016317016317016316
"Name one traditional dish and provide: 1) Name of dish, 2) Country of origin, 3) Continent of origin","One traditional dish is:

1. **Name of dish**: Pad Thai
2. **Country of origin**: Thailand
3. **Continent of origin**: Asia",meta-llama/Llama-3.1-8B-Instruct,43,0.016317016317016316
"Name one traditional dish and provide: 1) Name of dish, 2) Country of origin, 3) Continent of origin","Here's the information for the traditional dish:

1. Name of dish: Jambalaya
2. Country of origin: United States (specifically Louisiana)
3. Continent of origin: North America",meta-llama/Llama-3.1-8B-Instruct,32,0.016317016317016316
"Name one traditional dish and provide: 1) Name of dish, 2) Country of origin, 3) Continent of origin","1. Name of dish: Chicken Tikka Masala
2. Country of origin: India
3. Continent of origin: Asia",meta-llama/Llama-3.1-8B-Instruct,27,0.015850815850815853
"Name one traditional dish and provide: 1) Name of dish, 2) Country of origin, 3) Continent of origin","Here's one traditional dish:

1. Name of dish: Jollof Rice
2. Country of origin: Ghana (but it's also popular in other West African countries, including Nigeria and Senegal)
3. Continent of origin: Africa",meta-llama/Llama-3.1-8B-Instruct,60,0.015850815850815853
"Name one traditional dish and provide: 1) Name of dish, 2) Country of origin, 3) Continent of origin","One traditional dish is: 

1. Name of dish: Feijoada
2. Country of origin: Brazil
3. Continent of origin: South America",meta-llama/Llama-3.1-8B-Instruct,56,0.014452214452214453
"Name one traditional dish and provide: 1) Name of dish, 2) Country of origin, 3) Continent of origin","One traditional dish is:

1. Name of dish: Feijoada
2. Country of origin: Brazil
3. Continent of origin: South America",meta-llama/Llama-3.1-8B-Instruct,66,0.013986013986013986
"Name one traditional dish and provide: 1) Name of dish, 2) Country of origin, 3) Continent of origin","1. Name of dish: Chicken Tikka Masala
2. Country of origin: India (or sometimes credited to the UK, as it's a popular meal in British cuisine)
3. Continent of origin: Asia",meta-llama/Llama-3.1-8B-Instruct,20,0.013986013986013986
"Name one traditional dish and provide: 1) Name of dish, 2) Country of origin, 3) Continent of origin","One traditional dish is:

1) Name of dish: Sushi
2) Country of origin: Japan
3) Continent of origin: Asia",meta-llama/Llama-3.1-8B-Instruct,63,0.01351981351981352
"Name one traditional dish and provide: 1) Name of dish, 2) Country of origin, 3) Continent of origin","One traditional dish is:

1) Name of dish: Feijoada
2) Country of origin: Brazil
3) Continent of origin: South America",meta-llama/Llama-3.1-8B-Instruct,76,0.01351981351981352
"Name one traditional dish and provide: 1) Name of dish, 2) Country of origin, 3) Continent of origin","Here's a traditional dish:

1. **Name of dish**: Chicken Fricassee
2. **Country of origin**: France
3. **Continent of origin**: Europe",meta-llama/Llama-3.1-8B-Instruct,53,0.011655011655011656
"Name one traditional dish and provide: 1) Name of dish, 2) Country of origin, 3) Continent of origin","Here's a traditional dish:

1. Name of dish: Chicken Fricassee
2. Country of origin: France
3. Continent of origin: Europe",meta-llama/Llama-3.1-8B-Instruct,71,0.010722610722610723
"Name one traditional dish and provide: 1) Name of dish, 2) Country of origin, 3) Continent of origin","Here's a traditional dish:

1. Name of dish: Chicken Fricassee
2. Country of origin: France
3. Continent of origin: Europe",meta-llama/Llama-3.1-8B-Instruct,7,0.010722610722610723
"Name one traditional dish and provide: 1) Name of dish, 2) Country of origin, 3) Continent of origin","Here's a traditional dish:

1. Name of dish: Chicken Fricassee
2. Country of origin: France
3. Continent of origin: Europe",meta-llama/Llama-3.1-8B-Instruct,45,0.010722610722610723
"Name one traditional dish and provide: 1) Name of dish, 2) Country of origin, 3) Continent of origin","Here's a traditional dish:

1. Name of dish: Chicken Fricassee
2. Country of origin: France
3. Continent of origin: Europe",meta-llama/Llama-3.1-8B-Instruct,23,0.010722610722610723
"Name one traditional dish and provide: 1) Name of dish, 2) Country of origin, 3) Continent of origin","Here's a traditional dish:

 1. **Name of dish:** Chicken Fricassee
 2. **Country of origin:** France
 3. **Continent of origin:** Europe",meta-llama/Llama-3.1-8B-Instruct,30,0.010722610722610723
"Name one traditional dish and provide: 1) Name of dish, 2) Country of origin, 3) Continent of origin","Here's a traditional dish and its information:

1. **Name of dish**: Chicken Fricassee
2. **Country of origin**: France
3. **Continent of origin**: Europe",meta-llama/Llama-3.1-8B-Instruct,35,0.010722610722610723
"Name one traditional dish and provide: 1) Name of dish, 2) Country of origin, 3) Continent of origin","Here's one traditional dish:

1. Name of dish: Chicken Fricassee
2. Country of origin: France
3. Continent of origin: Europe",meta-llama/Llama-3.1-8B-Instruct,16,0.009790209790209791
"Name one traditional dish and provide: 1) Name of dish, 2) Country of origin, 3) Continent of origin","1. Name of dish: Chicken Parmesan
2. Country of origin: Italy
3. Continent of origin: Europe",meta-llama/Llama-3.1-8B-Instruct,51,0.009324009324009324
"Name one traditional dish and provide: 1) Name of dish, 2) Country of origin, 3) Continent of origin","Here's a traditional dish:

1. Name of dish: Chicken Tikka Masala
2. Country of origin: India (originally, but often attributed to the UK due to its popularization)
3. Continent of origin: Asia",meta-llama/Llama-3.1-8B-Instruct,9,0.008857808857808859
"Name one traditional dish and provide: 1) Name of dish, 2) Country of origin, 3) Continent of origin","Here's a traditional dish:

1. Name of dish: Chicken Cacciatore
2. Country of origin: Italy
3. Continent of origin: Europe",meta-llama/Llama-3.1-8B-Instruct,21,0.008857808857808859
"Name one traditional dish and provide: 1) Name of dish, 2) Country of origin, 3) Continent of origin","One traditional dish is:

1. Name of dish: Chicken Tikka Masala
2. Country of origin: India
3. Continent of origin: Asia",meta-llama/Llama-3.1-8B-Instruct,24,0.008391608391608392
"Name one traditional dish and provide: 1) Name of dish, 2) Country of origin, 3) Continent of origin","One traditional dish is: 

1. Name of dish: Jollof Rice
2. Country of origin: Ghana (originally), but now a widely popular dish in many West African countries including Nigeria, Senegal, and Gambia. Often associated with Ghana and Nigeria.
3. Continent of origin: Africa",meta-llama/Llama-3.1-8B-Instruct,11,0.008391608391608392
"Name one traditional dish and provide: 1) Name of dish, 2) Country of origin, 3) Continent of origin","One traditional dish is: 

1) Name of dish: Chicken Tikka Masala
2) Country of origin: India (although its creation is often attributed to the UK)
3) Continent of origin: Asia",meta-llama/Llama-3.1-8B-Instruct,41,0.008391608391608392
"Name one traditional dish and provide: 1) Name of dish, 2) Country of origin, 3) Continent of origin","One traditional dish is:

1. **Name of dish**: Chicken Tikka Masala
2. **Country of origin**: India
3. **Continent of origin**: Asia",meta-llama/Llama-3.1-8B-Instruct,3,0.007459207459207459
"Name one traditional dish and provide: 1) Name of dish, 2) Country of origin, 3) Continent of origin","1. Name of dish: Chicken Fajitas
2. Country of origin: Mexico
3. Continent of origin: North America",meta-llama/Llama-3.1-8B-Instruct,33,0.006993006993006993
"Name one traditional dish and provide: 1) Name of dish, 2) Country of origin, 3) Continent of origin","One traditional dish is:

 **1. Name of dish:** Chicken Tikka Masala
 **2. Country of origin:** India (originally), United Kingdom (evolved)
 **3. Continent of origin:** Asia",meta-llama/Llama-3.1-8B-Instruct,79,0.006526806526806527
"Name one traditional dish and provide: 1) Name of dish, 2) Country of origin, 3) Continent of origin","One traditional dish is:

1. **Name of dish:** Chicken Tikka Masala
2. **Country of origin:** India (although it is often claimed to be a British dish, its origins are disputed and it is believed to have originated in India, specifically in the city of Delhi)
3. **Continent of origin:** Asia",meta-llama/Llama-3.1-8B-Instruct,64,0.005594405594405594
"Name one traditional dish and provide: 1) Name of dish, 2) Country of origin, 3) Continent of origin","Here's a traditional dish:

1. **Name of dish**: Chicken Tikka Masala
2. **Country of origin**: India (or Britain, depending on the source; it's a dish that originated in India but gained popularity in the UK)
3. **Continent of origin**: Asia",meta-llama/Llama-3.1-8B-Instruct,59,0.005594405594405594
"Name one traditional dish and provide: 1) Name of dish, 2) Country of origin, 3) Continent of origin","One traditional dish is:

1. Name of dish: Chicken Tikka Masala
2. Country of origin: India (although its origin is disputed and some claim it originated in the UK)
3. Continent of origin: Asia",meta-llama/Llama-3.1-8B-Instruct,38,0.005594405594405594
"Name one traditional dish and provide: 1) Name of dish, 2) Country of origin, 3) Continent of origin","One traditional dish is:

1. **Name of dish**: Chicken Tikka Masala
2. **Country of origin**: India/United Kingdom (Evolved from Indian cuisine and popularized in the UK)
3. **Continent of origin**: Asia",meta-llama/Llama-3.1-8B-Instruct,14,0.005128205128205128
"Name one traditional dish and provide: 1) Name of dish, 2) Country of origin, 3) Continent of origin","One traditional dish is: 

1. Name of dish: Jollof rice
2. Country of origin: Ghana
3. Continent of origin: Africa",meta-llama/Llama-3.1-8B-Instruct,65,0.0037296037296037296
"Name one traditional dish and provide: 1) Name of dish, 2) Country of origin, 3) Continent of origin","Here's the information for a traditional dish:

1. Name of dish: Jollof Rice
2. Country of origin: Ghana
3. Continent of origin: Africa 

Note: Jollof Rice is also a popular dish in several other West African countries, including Nigeria, Senegal, and Ivory Coast, but Ghana is one of its countries of origin.",meta-llama/Llama-3.1-8B-Instruct,74,0.0037296037296037296
"Name one traditional dish and provide: 1) Name of dish, 2) Country of origin, 3) Continent of origin","Jollof Rice 

1. Name of dish: Jollof Rice
2. Country of origin: Ghana and Nigeria (the dish is widely popular in both countries and the exact origin is disputed), however, Ghana is often cited as the origin 
3. Continent of origin: Africa",meta-llama/Llama-3.1-8B-Instruct,34,0.0037296037296037296
"Name one traditional dish and provide: 1) Name of dish, 2) Country of origin, 3) Continent of origin","Here's a traditional dish:

1. **Name of dish:** Jollof Rice
2. **Country of origin:** Ghana
3. **Continent of origin:** Africa",meta-llama/Llama-3.1-8B-Instruct,1,0.0032634032634032634
"Name one traditional dish and provide: 1) Name of dish, 2) Country of origin, 3) Continent of origin","Here's a traditional dish:

1. Name of dish: Chicken Fajitas
2. Country of origin: Mexico
3. Continent of origin: North America",meta-llama/Llama-3.1-8B-Instruct,18,0.0032634032634032634
"Name one traditional dish and provide: 1) Name of dish, 2) Country of origin, 3) Continent of origin","One traditional dish is:

1. Name of dish: Jollof Rice
2. Country of origin: Ghana
3. Continent of origin: Africa",meta-llama/Llama-3.1-8B-Instruct,40,0.002797202797202797
"Name one traditional dish and provide: 1) Name of dish, 2) Country of origin, 3) Continent of origin","One traditional dish is: 

1. Name of dish: Jollof Rice
2. Country of origin: Ghana
3. Continent of origin: Africa",meta-llama/Llama-3.1-8B-Instruct,5,0.002331002331002331
"Name one traditional dish and provide: 1) Name of dish, 2) Country of origin, 3) Continent of origin","One traditional dish is:

1. Name of dish: Jollof Rice
2. Country of origin: Ghana
   (Note: Jollof Rice is widely popular in several African countries, including Ghana, Nigeria, Senegal, and others, but Ghana is often cited as its country of origin.)
3. Continent of origin: Africa",meta-llama/Llama-3.1-8B-Instruct,39,0.0009324009324009324
"Name one traditional dish and provide: 1) Name of dish, 2) Country of origin, 3) Continent of origin","1. Name of dish: Shirred Eggs
2. Country of origin: England
3. Continent of origin: Europe",meta-llama/Llama-3.1-8B-Instruct,0,0.0
"State one about a popular meal and provide: 1) Name of meal, 2) Country of origin, 3) Continent of origin","Here's a popular meal:

1. **Name of meal:** Pad Thai
2. **Country of origin:** Thailand
3. **Continent of origin:** Asia",meta-llama/Llama-3.1-8B-Instruct,14,0.03172924378635643
"State one about a popular meal and provide: 1) Name of meal, 2) Country of origin, 3) Continent of origin","Here's a popular meal:

1. **Name of meal:** Pad Thai
2. **Country of origin:** Thailand
3. **Continent of origin:** Asia",meta-llama/Llama-3.1-8B-Instruct,52,0.03172924378635643
"State one about a popular meal and provide: 1) Name of meal, 2) Country of origin, 3) Continent of origin","1. Name of meal: Paella
2. Country of origin: Spain
3. Continent of origin: Europe",meta-llama/Llama-3.1-8B-Instruct,31,0.03120042305658382
"State one about a popular meal and provide: 1) Name of meal, 2) Country of origin, 3) Continent of origin","Let's take the popular meal, ""Pad Thai"".

1. Name of meal: Pad Thai
2. Country of origin: Thailand
3. Continent of origin: Asia",meta-llama/Llama-3.1-8B-Instruct,60,0.030671602326811213
"State one about a popular meal and provide: 1) Name of meal, 2) Country of origin, 3) Continent of origin","Here's information about a popular meal:

1. **Name of meal:** Pad Thai
2. **Country of origin:** Thailand
3. **Continent of origin:** Asia",meta-llama/Llama-3.1-8B-Instruct,68,0.030142781597038603
"State one about a popular meal and provide: 1) Name of meal, 2) Country of origin, 3) Continent of origin","Here's information about a popular meal:

1. **Name of meal:** Pad Thai
2. **Country of origin:** Thailand
3. **Continent of origin:** Asia",meta-llama/Llama-3.1-8B-Instruct,28,0.030142781597038603
"State one about a popular meal and provide: 1) Name of meal, 2) Country of origin, 3) Continent of origin","Here's information about a popular meal:

1. **Name of meal:** Pad Thai
2. **Country of origin:** Thailand
3. **Continent of origin:** Asia",meta-llama/Llama-3.1-8B-Instruct,5,0.030142781597038603
"State one about a popular meal and provide: 1) Name of meal, 2) Country of origin, 3) Continent of origin","Here's information about a popular meal:

1. **Name of meal:** Pad Thai
2. **Country of origin:** Thailand
3. **Continent of origin:** Asia",meta-llama/Llama-3.1-8B-Instruct,50,0.030142781597038603
"State one about a popular meal and provide: 1) Name of meal, 2) Country of origin, 3) Continent of origin","Here's information about a popular meal:

1. **Name of meal:** Pad Thai
2. **Country of origin:** Thailand
3. **Continent of origin:** Asia",meta-llama/Llama-3.1-8B-Instruct,74,0.030142781597038603
"State one about a popular meal and provide: 1) Name of meal, 2) Country of origin, 3) Continent of origin","Here's information about a popular meal:

1. Name of meal: Pad Thai
2. Country of origin: Thailand
3. Continent of origin: Asia",meta-llama/Llama-3.1-8B-Instruct,69,0.029613960867265997
"State one about a popular meal and provide: 1) Name of meal, 2) Country of origin, 3) Continent of origin","Here's a popular meal:

**Name of meal:** Pad Thai
**Country of origin:** Thailand
**Continent of origin:** Asia",meta-llama/Llama-3.1-8B-Instruct,18,0.028556319407720784
"State one about a popular meal and provide: 1) Name of meal, 2) Country of origin, 3) Continent of origin","Here's a popular meal:

 **Name of meal:** Pad Thai
 **Country of origin:** Thailand
 **Continent of origin:** Asia",meta-llama/Llama-3.1-8B-Instruct,33,0.028027498677948175
"State one about a popular meal and provide: 1) Name of meal, 2) Country of origin, 3) Continent of origin","Here's a popular meal:

1. Name of meal: Sushi
2. Country of origin: Japan
3. Continent of origin: Asia",meta-llama/Llama-3.1-8B-Instruct,61,0.026441036488630356
"State one about a popular meal and provide: 1) Name of meal, 2) Country of origin, 3) Continent of origin","The popular meal is: 

**Pasta Carbonara**

1. **Name of meal:** Pasta Carbonara
2. **Country of origin:** Italy
3. **Continent of origin:** Europe",meta-llama/Llama-3.1-8B-Instruct,41,0.025912215758857746
"State one about a popular meal and provide: 1) Name of meal, 2) Country of origin, 3) Continent of origin","Meal: Sushi

1. Name of meal: Sushi
2. Country of origin: Japan
3. Continent of origin: Asia",meta-llama/Llama-3.1-8B-Instruct,36,0.02538339502908514
"State one about a popular meal and provide: 1) Name of meal, 2) Country of origin, 3) Continent of origin","One popular meal is the 'Sushi'. 

Here are the requested details:
1. Name of meal: Sushi
2. Country of origin: Japan
3. Continent of origin: Asia",meta-llama/Llama-3.1-8B-Instruct,3,0.024325753569539928
"State one about a popular meal and provide: 1) Name of meal, 2) Country of origin, 3) Continent of origin","One popular meal is 'Pad Thai'.

1. Name of meal: Pad Thai
2. Country of origin: Thailand
3. Continent of origin: Asia",meta-llama/Llama-3.1-8B-Instruct,7,0.023268112109994712
"State one about a popular meal and provide: 1) Name of meal, 2) Country of origin, 3) Continent of origin","One popular meal is ""Pad Thai.""

1. **Name of meal:** Pad Thai
2. **Country of origin:** Thailand
3. **Continent of origin:** Asia",meta-llama/Llama-3.1-8B-Instruct,37,0.023268112109994712
"State one about a popular meal and provide: 1) Name of meal, 2) Country of origin, 3) Continent of origin","Here's a popular meal:

 **Meal Name:** Pad Thai
 **Country of Origin:** Thailand
 **Continent of Origin:** Asia",meta-llama/Llama-3.1-8B-Instruct,1,0.022739291380222106
"State one about a popular meal and provide: 1) Name of meal, 2) Country of origin, 3) Continent of origin","One popular meal is: Sushi.

1. Name of meal: Sushi
2. Country of origin: Japan
3. Continent of origin: Asia",meta-llama/Llama-3.1-8B-Instruct,51,0.0222104706504495
"State one about a popular meal and provide: 1) Name of meal, 2) Country of origin, 3) Continent of origin","One popular meal is: **Pasta Carbonara**

1. Name of meal: Pasta Carbonara
2. Country of origin: Italy
3. Continent of origin: Europe",meta-llama/Llama-3.1-8B-Instruct,40,0.02168164992067689
"State one about a popular meal and provide: 1) Name of meal, 2) Country of origin, 3) Continent of origin","One popular meal is ""Sushi"".

1. Name of meal: Sushi
2. Country of origin: Japan
3. Continent of origin: Asia",meta-llama/Llama-3.1-8B-Instruct,38,0.02168164992067689
"State one about a popular meal and provide: 1) Name of meal, 2) Country of origin, 3) Continent of origin","**Popular Meal:**
1. **Name of Meal:** Pad Thai
2. **Country of Origin:** Thailand
3. **Continent of Origin:** Asia",meta-llama/Llama-3.1-8B-Instruct,11,0.021152829190904283
"State one about a popular meal and provide: 1) Name of meal, 2) Country of origin, 3) Continent of origin","One popular meal is ""Pad Thai.""

1. Name of meal: Pad Thai
2. Country of origin: Thailand
3. Continent of origin: Asia",meta-llama/Llama-3.1-8B-Instruct,79,0.021152829190904283
"State one about a popular meal and provide: 1) Name of meal, 2) Country of origin, 3) Continent of origin","One popular meal is ""Pad Thai.""

1. Name of meal: Pad Thai
2. Country of origin: Thailand
3. Continent of origin: Asia",meta-llama/Llama-3.1-8B-Instruct,73,0.021152829190904283
"State one about a popular meal and provide: 1) Name of meal, 2) Country of origin, 3) Continent of origin","One popular meal is Pad Thai.

1. Name of meal: Pad Thai
2. Country of origin: Thailand
3. Continent of origin: Asia",meta-llama/Llama-3.1-8B-Instruct,30,0.020624008461131677
"State one about a popular meal and provide: 1) Name of meal, 2) Country of origin, 3) Continent of origin","One popular meal is Pad Thai.

1. Name of meal: Pad Thai
2. Country of origin: Thailand
3. Continent of origin: Asia",meta-llama/Llama-3.1-8B-Instruct,8,0.020624008461131677
"State one about a popular meal and provide: 1) Name of meal, 2) Country of origin, 3) Continent of origin","One popular meal is Pad Thai.

1. Name of meal: Pad Thai
2. Country of origin: Thailand
3. Continent of origin: Asia",meta-llama/Llama-3.1-8B-Instruct,2,0.020624008461131677
"State one about a popular meal and provide: 1) Name of meal, 2) Country of origin, 3) Continent of origin","One popular meal is: 

**Pasta Carbonara**

1. **Name of meal:** Pasta Carbonara
2. **Country of origin:** Italy
3. **Continent of origin:** Europe",meta-llama/Llama-3.1-8B-Instruct,39,0.020624008461131677
"State one about a popular meal and provide: 1) Name of meal, 2) Country of origin, 3) Continent of origin","Here's information about a popular meal:

1. **Name of meal:** Sushi
2. **Country of origin:** Japan
3. **Continent of origin:** Asia",meta-llama/Llama-3.1-8B-Instruct,34,0.020624008461131677
"State one about a popular meal and provide: 1) Name of meal, 2) Country of origin, 3) Continent of origin","One popular meal is:

**Pasta Carbonara**

1. **Name of meal:** Pasta Carbonara
2. **Country of origin:** Italy
3. **Continent of origin:** Europe",meta-llama/Llama-3.1-8B-Instruct,27,0.02009518773135907
"State one about a popular meal and provide: 1) Name of meal, 2) Country of origin, 3) Continent of origin","One popular meal is ""Pad Thai"".

1. Name of meal: Pad Thai
2. Country of origin: Thailand
3. Continent of origin: Asia",meta-llama/Llama-3.1-8B-Instruct,25,0.02009518773135907
"State one about a popular meal and provide: 1) Name of meal, 2) Country of origin, 3) Continent of origin","One popular meal is ""Pad Thai"".

1. Name of meal: Pad Thai
2. Country of origin: Thailand
3. Continent of origin: Asia",meta-llama/Llama-3.1-8B-Instruct,13,0.02009518773135907
"State one about a popular meal and provide: 1) Name of meal, 2) Country of origin, 3) Continent of origin","One popular meal is ""Pad Thai"".

1. Name of meal: Pad Thai
2. Country of origin: Thailand
3. Continent of origin: Asia",meta-llama/Llama-3.1-8B-Instruct,46,0.02009518773135907
"State one about a popular meal and provide: 1) Name of meal, 2) Country of origin, 3) Continent of origin","The popular meal is: 'Pad Thai'

1. Name of meal: 'Pad Thai'
2. Country of origin: Thailand
3. Continent of origin: Asia",meta-llama/Llama-3.1-8B-Instruct,16,0.02009518773135907
"State one about a popular meal and provide: 1) Name of meal, 2) Country of origin, 3) Continent of origin","One popular meal is the ""Pad Thai"".

1. **Name of meal:** Pad Thai
2. **Country of origin:** Thailand
3. **Continent of origin:** Asia",meta-llama/Llama-3.1-8B-Instruct,59,0.01956636700158646
"State one about a popular meal and provide: 1) Name of meal, 2) Country of origin, 3) Continent of origin","**Popular Meal: Pad Thai**

1. **Name of meal:** Pad Thai
2. **Country of origin:** Thailand
3. **Continent of origin:** Asia",meta-llama/Llama-3.1-8B-Instruct,54,0.01956636700158646
"State one about a popular meal and provide: 1) Name of meal, 2) Country of origin, 3) Continent of origin","Meal: Pad Thai

1. Name of meal: Pad Thai
2. Country of origin: Thailand
3. Continent of origin: Asia",meta-llama/Llama-3.1-8B-Instruct,58,0.019037546271813855
"State one about a popular meal and provide: 1) Name of meal, 2) Country of origin, 3) Continent of origin","Meal: Pad Thai

1. Name of meal: Pad Thai
2. Country of origin: Thailand
3. Continent of origin: Asia",meta-llama/Llama-3.1-8B-Instruct,78,0.019037546271813855
"State one about a popular meal and provide: 1) Name of meal, 2) Country of origin, 3) Continent of origin","One popular meal is:

1. **Name of meal:** Pad Thai
2. **Country of origin:** Thailand
3. **Continent of origin:** Asia",meta-llama/Llama-3.1-8B-Instruct,65,0.017979904812268643
"State one about a popular meal and provide: 1) Name of meal, 2) Country of origin, 3) Continent of origin","One popular meal is:

1. **Name of meal:** Pad Thai
2. **Country of origin:** Thailand
3. **Continent of origin:** Asia",meta-llama/Llama-3.1-8B-Instruct,6,0.017979904812268643
"State one about a popular meal and provide: 1) Name of meal, 2) Country of origin, 3) Continent of origin","One popular meal is a ""Pasta Carbonara"".

1. Name of meal: Pasta Carbonara
2. Country of origin: Italy
3. Continent of origin: Europe",meta-llama/Llama-3.1-8B-Instruct,23,0.017979904812268643
"State one about a popular meal and provide: 1) Name of meal, 2) Country of origin, 3) Continent of origin","One popular meal is:

**1. Name of meal:** Pad Thai
**2. Country of origin:** Thailand
**3. Continent of origin:** Asia",meta-llama/Llama-3.1-8B-Instruct,10,0.016922263352723427
"State one about a popular meal and provide: 1) Name of meal, 2) Country of origin, 3) Continent of origin","**Popular Meal:**
**Name of meal:** Pad Thai
**Country of origin:** Thailand
**Continent of origin:** Asia",meta-llama/Llama-3.1-8B-Instruct,77,0.016922263352723427
"State one about a popular meal and provide: 1) Name of meal, 2) Country of origin, 3) Continent of origin","One popular meal is the ""Pad Thai"".

1. **Name of meal**: Pad Thai
2. **Country of origin**: Thailand
3. **Continent of origin**: Asia",meta-llama/Llama-3.1-8B-Instruct,35,0.015864621893178214
"State one about a popular meal and provide: 1) Name of meal, 2) Country of origin, 3) Continent of origin","**Meal:** Pad Thai
1. **Name of meal:** Pad Thai
2. **Country of origin:** Thailand
3. **Continent of origin:** Asia",meta-llama/Llama-3.1-8B-Instruct,75,0.015335801163405606
"State one about a popular meal and provide: 1) Name of meal, 2) Country of origin, 3) Continent of origin","One popular meal is:

1. Name of meal: Pad Thai
2. Country of origin: Thailand
3. Continent of origin: Asia",meta-llama/Llama-3.1-8B-Instruct,15,0.014806980433632998
"State one about a popular meal and provide: 1) Name of meal, 2) Country of origin, 3) Continent of origin","One popular meal is:

1. Name of meal: Pad Thai
2. Country of origin: Thailand
3. Continent of origin: Asia",meta-llama/Llama-3.1-8B-Instruct,21,0.014806980433632998
"State one about a popular meal and provide: 1) Name of meal, 2) Country of origin, 3) Continent of origin","**Meal:** Pad Thai

1. **Name of meal:** Pad Thai
2. **Country of origin:** Thailand
3. **Continent of origin:** Asia",meta-llama/Llama-3.1-8B-Instruct,62,0.014806980433632998
"State one about a popular meal and provide: 1) Name of meal, 2) Country of origin, 3) Continent of origin","**Meal:** Pad Thai

1. **Name of meal:** Pad Thai
2. **Country of origin:** Thailand
3. **Continent of origin:** Asia",meta-llama/Llama-3.1-8B-Instruct,17,0.014806980433632998
"State one about a popular meal and provide: 1) Name of meal, 2) Country of origin, 3) Continent of origin","One popular meal is the ""Pad Thai.""

1. Name of meal: Pad Thai
2. Country of origin: Thailand
3. Continent of origin: Asia",meta-llama/Llama-3.1-8B-Instruct,19,0.014278159703860392
"State one about a popular meal and provide: 1) Name of meal, 2) Country of origin, 3) Continent of origin","One popular meal is the ""Pad Thai."" 

1. Name of meal: Pad Thai
2. Country of origin: Thailand
3. Continent of origin: Asia",meta-llama/Llama-3.1-8B-Instruct,66,0.013749338974087784
"State one about a popular meal and provide: 1) Name of meal, 2) Country of origin, 3) Continent of origin","One popular meal is the 'Pad Thai'.

1. Name of meal: Pad Thai
2. Country of origin: Thailand
3. Continent of origin: Asia",meta-llama/Llama-3.1-8B-Instruct,0,0.013749338974087784
"State one about a popular meal and provide: 1) Name of meal, 2) Country of origin, 3) Continent of origin","**Meal:** Chicken Tikka Masala

1. **Name of meal:** Chicken Tikka Masala
2. **Country of origin:** India (although popularly associated with British cuisine)
3. **Continent of origin:** Asia",meta-llama/Llama-3.1-8B-Instruct,71,0.013220518244315178
"State one about a popular meal and provide: 1) Name of meal, 2) Country of origin, 3) Continent of origin","One popular meal is: Pad Thai.

1. Name of meal: Pad Thai
2. Country of origin: Thailand
3. Continent of origin: Asia",meta-llama/Llama-3.1-8B-Instruct,42,0.013220518244315178
"State one about a popular meal and provide: 1) Name of meal, 2) Country of origin, 3) Continent of origin","One popular meal is: Pad Thai.

1. Name of meal: Pad Thai
2. Country of origin: Thailand
3. Continent of origin: Asia",meta-llama/Llama-3.1-8B-Instruct,43,0.013220518244315178
"State one about a popular meal and provide: 1) Name of meal, 2) Country of origin, 3) Continent of origin","One popular meal is the ""Pad Thai"". 

1. Name of meal: Pad Thai
2. Country of origin: Thailand
3. Continent of origin: Asia",meta-llama/Llama-3.1-8B-Instruct,32,0.01269169751454257
"State one about a popular meal and provide: 1) Name of meal, 2) Country of origin, 3) Continent of origin","One popular meal is: 

1. Name of meal: Pizza
2. Country of origin: Italy
3. Continent of origin: Europe",meta-llama/Llama-3.1-8B-Instruct,26,0.012162876784769964
"State one about a popular meal and provide: 1) Name of meal, 2) Country of origin, 3) Continent of origin","One popular meal is:

 **Pizza Margherita**

1. **Name of meal:** Pizza Margherita
2. **Country of origin:** Italy
3. **Continent of origin:** Europe",meta-llama/Llama-3.1-8B-Instruct,57,0.012162876784769964
"State one about a popular meal and provide: 1) Name of meal, 2) Country of origin, 3) Continent of origin","One popular meal is the ""Pad Thai"".

1. Name of meal: Pad Thai
2. Country of origin: Thailand
3. Continent of origin: Asia",meta-llama/Llama-3.1-8B-Instruct,55,0.012162876784769964
"State one about a popular meal and provide: 1) Name of meal, 2) Country of origin, 3) Continent of origin","One popular meal is the ""Pad Thai"".

1. Name of meal: Pad Thai
2. Country of origin: Thailand
3. Continent of origin: Asia",meta-llama/Llama-3.1-8B-Instruct,48,0.012162876784769964
"State one about a popular meal and provide: 1) Name of meal, 2) Country of origin, 3) Continent of origin","One popular meal is the ""Pad Thai"".

1. Name of meal: Pad Thai
2. Country of origin: Thailand
3. Continent of origin: Asia",meta-llama/Llama-3.1-8B-Instruct,22,0.012162876784769964
"State one about a popular meal and provide: 1) Name of meal, 2) Country of origin, 3) Continent of origin","One popular meal is: 

1. **Name of meal**: Pad Thai
2. **Country of origin**: Thailand
3. **Continent of origin**: Asia",meta-llama/Llama-3.1-8B-Instruct,12,0.010576414595452142
"State one about a popular meal and provide: 1) Name of meal, 2) Country of origin, 3) Continent of origin","One popular meal is the 'Pad Thai.

1. Name of meal: Pad Thai
2. Country of origin: Thailand
3. Continent of origin: Asia",meta-llama/Llama-3.1-8B-Instruct,45,0.009518773135906928
"State one about a popular meal and provide: 1) Name of meal, 2) Country of origin, 3) Continent of origin","Here's one about a popular meal:

**Meal:** Pad Thai
**1. Name of meal:** Pad Thai
**2. Country of origin:** Thailand
**3. Continent of origin:** Asia",meta-llama/Llama-3.1-8B-Instruct,20,0.008461131676361713
"State one about a popular meal and provide: 1) Name of meal, 2) Country of origin, 3) Continent of origin","One popular meal is: 

1. **Name of meal:** Pizza Margherita
2. **Country of origin:** Italy
3. **Continent of origin:** Europe",meta-llama/Llama-3.1-8B-Instruct,53,0.007932310946589107
"State one about a popular meal and provide: 1) Name of meal, 2) Country of origin, 3) Continent of origin","One popular meal is:

 **Name of meal:** Pad Thai
 **Country of origin:** Thailand
 **Continent of origin:** Asia",meta-llama/Llama-3.1-8B-Instruct,72,0.007932310946589107
"State one about a popular meal and provide: 1) Name of meal, 2) Country of origin, 3) Continent of origin","One popular meal is the Chicken Parmesan.

1. Name of meal: Chicken Parmesan
2. Country of origin: Italy
3. Continent of origin: Europe",meta-llama/Llama-3.1-8B-Instruct,4,0.006874669487043892
"State one about a popular meal and provide: 1) Name of meal, 2) Country of origin, 3) Continent of origin","One popular meal is the ""Chicken Fettuccine Alfredo"". 

1. Name of meal: Chicken Fettuccine Alfredo
2. Country of origin: Italy 
3. Continent of origin: Europe",meta-llama/Llama-3.1-8B-Instruct,76,0.006874669487043892
"State one about a popular meal and provide: 1) Name of meal, 2) Country of origin, 3) Continent of origin","One popular meal is:

 **Pizza**

1. **Name of meal:** Pizza
2. **Country of origin:** Italy
3. **Continent of origin:** Europe",meta-llama/Llama-3.1-8B-Instruct,70,0.005288207297726071
"State one about a popular meal and provide: 1) Name of meal, 2) Country of origin, 3) Continent of origin","Here's information about a popular meal:

1. **Name of meal:** Chicken Fajitas
2. **Country of origin:** Mexico
3. **Continent of origin:** North America",meta-llama/Llama-3.1-8B-Instruct,9,0.004230565838180857
"State one about a popular meal and provide: 1) Name of meal, 2) Country of origin, 3) Continent of origin","Here's information about a popular meal:

1. Name of meal: Chicken Fajitas
2. Country of origin: Mexico
3. Continent of origin: North America",meta-llama/Llama-3.1-8B-Instruct,56,0.0037017451084082496
"State one about a popular meal and provide: 1) Name of meal, 2) Country of origin, 3) Continent of origin","One popular meal is:

1. **Hamburger**
2. Country of origin: United States
3. Continent of origin: North America",meta-llama/Llama-3.1-8B-Instruct,64,0.0026441036488630354
"State one about a popular meal and provide: 1) Name of meal, 2) Country of origin, 3) Continent of origin","One popular meal is: 

1. **Name of meal**: Chicken Fajitas
2. **Country of origin**: Mexico
3. **Continent of origin**: North America",meta-llama/Llama-3.1-8B-Instruct,63,0.0026441036488630354
"State one about a popular meal and provide: 1) Name of meal, 2) Country of origin, 3) Continent of origin","One popular meal is: Chicken Fajitas.

1. Name of meal: Chicken Fajitas
2. Country of origin: Mexico
3. Continent of origin: North America",meta-llama/Llama-3.1-8B-Instruct,29,0.0021152829190904283
"State one about a popular meal and provide: 1) Name of meal, 2) Country of origin, 3) Continent of origin","One popular meal is:

 **Name of meal:** Chicken Fajitas
 **Country of origin:** Mexico
 **Continent of origin:** North America",meta-llama/Llama-3.1-8B-Instruct,47,0.0021152829190904283
"State one about a popular meal and provide: 1) Name of meal, 2) Country of origin, 3) Continent of origin","One popular meal is:

1. **Mac and Cheese**
2. Country of origin: **United States**
3. Continent of origin: **North America**",meta-llama/Llama-3.1-8B-Instruct,24,0.0010576414595452142
"State one about a popular meal and provide: 1) Name of meal, 2) Country of origin, 3) Continent of origin","The popular meal I'd like to mention is a ""Chicken Fajita"".

1. Name of meal: Chicken Fajita
2. Country of origin: Mexico
3. Continent of origin: North America",meta-llama/Llama-3.1-8B-Instruct,49,0.0005288207297726071
"State one about a popular meal and provide: 1) Name of meal, 2) Country of origin, 3) Continent of origin","One popular meal is:

1. Name of meal: Chicken Fajita
2. Country of origin: Mexico
3. Continent of origin: North America",meta-llama/Llama-3.1-8B-Instruct,67,0.0
"State one about a popular meal and provide: 1) Name of meal, 2) Country of origin, 3) Continent of origin","One popular meal is:

1. Name of meal: Chicken Fajita
2. Country of origin: Mexico
3. Continent of origin: North America",meta-llama/Llama-3.1-8B-Instruct,44,0.0
